#--------------------------------------------------------------------------------------------------------------------------------------------------------------
# Results of thermal analysis
#--------------------------------------------------------------------------------------------------------------------------------------------------------------
#Location, 	 Radius, mm	 Conv. heat	 Conv. heat	 Rad. heat 	 Total heat	     Twg, K	     Twi, K	     Twc, K	      Tc, K	    pc, MPa	    wc, m/s	 rho, kg/m^3	                       Comments
#        mm	           	  coeff., k	  flux, kW/	 flux, kW/m	  flux, kW/	           	           	           	           	           	           	            
#          	           	    W/m^2-K	        m^2	         ^2	        m^2	           	           	           	           	           	           	            
#--------------------------------------------------------------------------------------------------------------------------------------------------------------
    0.1169	    44.4159	     6.3396	  1230.4991	     0.0000	  1230.4991	   923.6877	   923.6877	   917.5352	   914.0782	     0.4152	   846.4738	     2.5197	 regenerative cooling, opposite flow; film coolant injection
    0.3506	    44.4159	     6.3393	  1230.4991	     0.0000	  1230.4991	   923.6877	   923.6877	   917.5352	   914.0227	     0.7678	   457.2225	     4.6648	 regenerative cooling, opposite flow
    0.5844	    44.4159	     6.3387	  2187.6446	     0.0000	  2187.6446	   931.1060	   931.1060	   920.1678	   913.9242	     0.7833	   448.0919	     4.7599	 regenerative cooling, opposite flow
    0.8181	    44.4159	     6.3380	  2970.8653	     0.0000	  2970.8653	   937.1224	   937.1224	   922.2681	   913.7903	     0.7985	   439.4636	     4.8534	 regenerative cooling, opposite flow
    1.0518	    44.4159	     6.3374	  3631.1766	     0.0000	  3631.1766	   942.1434	   942.1434	   923.9875	   913.6267	     0.8135	   431.2939	     4.9453	 regenerative cooling, opposite flow
    1.2856	    44.4159	     6.3368	  4199.1606	     0.0000	  4199.1606	   946.4136	   946.4136	   925.4178	   913.4375	     0.8281	   423.5444	     5.0358	 regenerative cooling, opposite flow
    1.5193	    44.4159	     6.3362	  4694.9986	     0.0000	  4694.9986	   950.0947	   950.0947	   926.6197	   913.2259	     0.8426	   416.1805	     5.1249	 regenerative cooling, opposite flow
    1.7531	    44.4159	     6.3356	  5132.8720	     0.0000	  5132.8720	   953.3008	   953.3008	   927.6364	   912.9945	     0.8567	   409.1715	     5.2127	 regenerative cooling, opposite flow
    1.9868	    44.4159	     6.3350	  5523.1936	     0.0000	  5523.1936	   956.1159	   956.1159	   928.4999	   912.7456	     0.8707	   402.4899	     5.2992	 regenerative cooling, opposite flow
    2.2206	    44.4159	     6.3344	  5873.8612	     0.0000	  5873.8612	   958.6039	   958.6039	   929.2346	   912.4808	     0.8844	   396.1111	     5.3845	 regenerative cooling, opposite flow
    2.4543	    44.4159	     6.3338	  6191.0168	     0.0000	  6191.0168	   960.8145	   960.8145	   929.8594	   912.2017	     0.8979	   390.0130	     5.4687	 regenerative cooling, opposite flow
    2.6880	    44.4159	     6.3332	  6479.5336	     0.0000	  6479.5336	   962.7872	   962.7872	   930.3895	   911.9096	     0.9112	   384.1755	     5.5518	 regenerative cooling, opposite flow
    2.9218	    44.4159	     6.3326	  6743.3420	     0.0000	  6743.3420	   964.5541	   964.5541	   930.8374	   911.6055	     0.9244	   378.5805	     5.6339	 regenerative cooling, opposite flow
    3.1555	    44.4159	     6.3320	  6985.6565	     0.0000	  6985.6565	   966.1415	   966.1415	   931.2132	   911.2905	     0.9373	   373.2118	     5.7149	 regenerative cooling, opposite flow
    3.3893	    44.4159	     6.3314	  7209.1371	     0.0000	  7209.1371	   967.5709	   967.5709	   931.5252	   910.9654	     0.9500	   368.0544	     5.7950	 regenerative cooling, opposite flow
    3.6230	    44.4159	     6.3308	  7416.0080	     0.0000	  7416.0080	   968.8607	   968.8607	   931.7807	   910.6309	     0.9626	   363.0947	     5.8741	 regenerative cooling, opposite flow
    3.8568	    44.4159	     6.3302	  7608.1458	     0.0000	  7608.1458	   970.0262	   970.0262	   931.9855	   910.2876	     0.9750	   358.3204	     5.9524	 regenerative cooling, opposite flow
    4.0905	    44.4159	     6.3296	  7787.1467	     0.0000	  7787.1467	   971.0806	   971.0806	   932.1449	   909.9363	     0.9873	   353.7202	     6.0298	 regenerative cooling, opposite flow
    4.3242	    44.4159	     6.3290	  7954.3783	     0.0000	  7954.3783	   972.0352	   972.0352	   932.2633	   909.5773	     0.9994	   349.2836	     6.1064	 regenerative cooling, opposite flow
    4.5580	    44.4159	     6.3283	  8111.0199	     0.0000	  8111.0199	   972.8996	   972.8996	   932.3445	   909.2112	     1.0114	   345.0012	     6.1822	 regenerative cooling, opposite flow
    4.7917	    44.4159	     6.3277	  8258.0948	     0.0000	  8258.0948	   973.6823	   973.6823	   932.3918	   908.8385	     1.0232	   340.8641	     6.2573	 regenerative cooling, opposite flow
    5.0255	    44.4159	     6.3271	  8396.4952	     0.0000	  8396.4952	   974.3908	   974.3908	   932.4083	   908.4594	     1.0348	   336.8642	     6.3315	 regenerative cooling, opposite flow
    5.2592	    44.4159	     6.3265	  8527.0038	     0.0000	  8527.0038	   975.0315	   975.0315	   932.3964	   908.0744	     1.0464	   332.9942	     6.4051	 regenerative cooling, opposite flow
    5.4930	    44.4159	     6.3259	  8650.3095	     0.0000	  8650.3095	   975.6101	   975.6101	   932.3585	   907.6837	     1.0578	   329.2469	     6.4780	 regenerative cooling, opposite flow
    5.7267	    44.4159	     6.3253	  8767.0219	     0.0000	  8767.0219	   976.1317	   976.1317	   932.2966	   907.2877	     1.0691	   325.6161	     6.5503	 regenerative cooling, opposite flow
    5.9604	    44.4159	     6.3247	  8877.6822	     0.0000	  8877.6822	   976.6009	   976.6009	   932.2125	   906.8867	     1.0802	   322.0957	     6.6219	 regenerative cooling, opposite flow
    6.1942	    44.4159	     6.3241	  8982.7731	     0.0000	  8982.7731	   977.0217	   977.0217	   932.1078	   906.4808	     1.0913	   318.6802	     6.6928	 regenerative cooling, opposite flow
    6.4279	    44.4159	     6.3235	  9082.7260	     0.0000	  9082.7260	   977.3977	   977.3977	   931.9840	   906.0703	     1.1022	   315.3645	     6.7632	 regenerative cooling, opposite flow
    6.6617	    44.4159	     6.3229	  9177.9284	     0.0000	  9177.9284	   977.7321	   977.7321	   931.8424	   905.6555	     1.1130	   312.1437	     6.8330	 regenerative cooling, opposite flow
    6.8954	    44.4159	     6.3223	  9268.7287	     0.0000	  9268.7287	   978.0279	   978.0279	   931.6842	   905.2365	     1.1237	   309.0133	     6.9022	 regenerative cooling, opposite flow
    7.1292	    44.4159	     6.3217	  9355.4419	     0.0000	  9355.4419	   978.2877	   978.2877	   931.5105	   904.8134	     1.1343	   305.9691	     6.9709	 regenerative cooling, opposite flow
    7.3629	    44.4159	     6.3211	  9438.3529	     0.0000	  9438.3529	   978.5139	   978.5139	   931.3222	   904.3866	     1.1448	   303.0073	     7.0390	 regenerative cooling, opposite flow
    7.5966	    44.4159	     6.3205	  9517.7202	     0.0000	  9517.7202	   978.7088	   978.7088	   931.1202	   903.9561	     1.1553	   300.1240	     7.1066	 regenerative cooling, opposite flow
    7.8304	    44.4159	     6.3199	  9593.7793	     0.0000	  9593.7793	   978.8743	   978.8743	   930.9054	   903.5220	     1.1656	   297.3159	     7.1738	 regenerative cooling, opposite flow
    8.0641	    44.4159	     6.3193	  9666.7446	     0.0000	  9666.7446	   979.0122	   979.0122	   930.6785	   903.0846	     1.1758	   294.5796	     7.2404	 regenerative cooling, opposite flow
    8.2979	    44.4159	     6.3187	  9736.8123	     0.0000	  9736.8123	   979.1242	   979.1242	   930.4402	   902.6439	     1.1859	   291.9122	     7.3066	 regenerative cooling, opposite flow
    8.5316	    44.4159	     6.3181	  9804.1621	     0.0000	  9804.1621	   979.2119	   979.2119	   930.1910	   902.2001	     1.1959	   289.3107	     7.3723	 regenerative cooling, opposite flow
    8.7654	    44.4159	     6.3175	  9868.9587	     0.0000	  9868.9587	   979.2765	   979.2765	   929.9317	   901.7533	     1.2058	   286.7725	     7.4375	 regenerative cooling, opposite flow
    8.9991	    44.4159	     6.3169	  9931.3539	     0.0000	  9931.3539	   979.3195	   979.3195	   929.6628	   901.3036	     1.2157	   284.2949	     7.5023	 regenerative cooling, opposite flow
    9.2328	    44.4159	     6.3163	  9991.4872	     0.0000	  9991.4872	   979.3421	   979.3421	   929.3846	   900.8510	     1.2255	   281.8755	     7.5667	 regenerative cooling, opposite flow
    9.4666	    44.4159	     6.3157	 10049.4875	     0.0000	 10049.4875	   979.3452	   979.3452	   929.0978	   900.3957	     1.2352	   279.5122	     7.6307	 regenerative cooling, opposite flow
    9.7003	    44.4159	     6.3151	 10105.4740	     0.0000	 10105.4740	   979.3300	   979.3300	   928.8027	   899.9378	     1.2448	   277.2026	     7.6943	 regenerative cooling, opposite flow
    9.9341	    44.4159	     6.3145	 10159.5568	     0.0000	 10159.5568	   979.2974	   979.2974	   928.4996	   899.4774	     1.2543	   274.9448	     7.7575	 regenerative cooling, opposite flow
   10.1678	    44.4159	     6.3139	 10211.8382	     0.0000	 10211.8382	   979.2483	   979.2483	   928.1891	   899.0145	     1.2637	   272.7369	     7.8203	 regenerative cooling, opposite flow
   10.4015	    44.4159	     6.3133	 10262.4132	     0.0000	 10262.4132	   979.1835	   979.1835	   927.8714	   898.5492	     1.2731	   270.5769	     7.8827	 regenerative cooling, opposite flow
   10.6353	    44.4159	     6.3127	 10311.3702	     0.0000	 10311.3702	   979.1038	   979.1038	   927.5469	   898.0815	     1.2824	   268.4631	     7.9448	 regenerative cooling, opposite flow
   10.8690	    44.4159	     6.3121	 10358.7912	     0.0000	 10358.7912	   979.0098	   979.0098	   927.2158	   897.6117	     1.2917	   266.3939	     8.0065	 regenerative cooling, opposite flow
   11.1028	    44.4159	     6.3115	 10404.7531	     0.0000	 10404.7531	   978.9022	   978.9022	   926.8785	   897.1396	     1.3008	   264.3677	     8.0678	 regenerative cooling, opposite flow
   11.3365	    44.4159	     6.3109	 10449.3274	     0.0000	 10449.3274	   978.7818	   978.7818	   926.5351	   896.6654	     1.3099	   262.3831	     8.1288	 regenerative cooling, opposite flow
   11.5703	    44.4159	     6.3103	 10492.5809	     0.0000	 10492.5809	   978.6489	   978.6489	   926.1860	   896.1892	     1.3189	   260.4385	     8.1895	 regenerative cooling, opposite flow
   11.8040	    44.4159	     6.3097	 10534.5764	     0.0000	 10534.5764	   978.5043	   978.5043	   925.8314	   895.7109	     1.3279	   258.5326	     8.2499	 regenerative cooling, opposite flow
   12.0377	    44.4159	     6.3091	 10575.3725	     0.0000	 10575.3725	   978.3484	   978.3484	   925.4715	   895.2307	     1.3368	   256.6641	     8.3100	 regenerative cooling, opposite flow
   12.2715	    44.4159	     6.3085	 10615.0242	     0.0000	 10615.0242	   978.1816	   978.1816	   925.1065	   894.7486	     1.3456	   254.8318	     8.3697	 regenerative cooling, opposite flow
   12.5052	    44.4159	     6.3080	 10653.5832	     0.0000	 10653.5832	   978.0045	   978.0045	   924.7366	   894.2646	     1.3544	   253.0345	     8.4292	 regenerative cooling, opposite flow
   12.7390	    44.4159	     6.3074	 10691.0981	     0.0000	 10691.0981	   977.8175	   977.8175	   924.3620	   893.7789	     1.3631	   251.2711	     8.4883	 regenerative cooling, opposite flow
   12.9727	    44.4159	     6.3068	 10727.6146	     0.0000	 10727.6146	   977.6209	   977.6209	   923.9828	   893.2913	     1.3718	   249.5405	     8.5472	 regenerative cooling, opposite flow
   13.2065	    44.4159	     6.3062	 10763.1756	     0.0000	 10763.1756	   977.4151	   977.4151	   923.5993	   892.8020	     1.3803	   247.8417	     8.6058	 regenerative cooling, opposite flow
   13.4402	    44.4159	     6.3056	 10797.8218	     0.0000	 10797.8218	   977.2006	   977.2006	   923.2115	   892.3111	     1.3889	   246.1737	     8.6641	 regenerative cooling, opposite flow
   13.6739	    44.4159	     6.3050	 10831.5915	     0.0000	 10831.5915	   976.9776	   976.9776	   922.8196	   891.8185	     1.3974	   244.5355	     8.7221	 regenerative cooling, opposite flow
   13.9077	    44.4159	     6.3044	 10864.5207	     0.0000	 10864.5207	   976.7465	   976.7465	   922.4239	   891.3243	     1.4058	   242.9263	     8.7799	 regenerative cooling, opposite flow
   14.1414	    44.4159	     6.3038	 10896.6436	     0.0000	 10896.6436	   976.5075	   976.5075	   922.0243	   890.8285	     1.4141	   241.3451	     8.8374	 regenerative cooling, opposite flow
   14.3752	    44.4159	     6.3032	 10927.9926	     0.0000	 10927.9926	   976.2610	   976.2610	   921.6210	   890.3311	     1.4225	   239.7913	     8.8947	 regenerative cooling, opposite flow
   14.6089	    44.4159	     6.3026	 10958.5982	     0.0000	 10958.5982	   976.0071	   976.0071	   921.2142	   889.8323	     1.4307	   238.2638	     8.9517	 regenerative cooling, opposite flow
   14.8427	    44.4159	     6.3020	 10988.4895	     0.0000	 10988.4895	   975.7463	   975.7463	   920.8039	   889.3320	     1.4389	   236.7621	     9.0085	 regenerative cooling, opposite flow
   15.0764	    44.4159	     6.3014	 11017.6937	     0.0000	 11017.6937	   975.4787	   975.4787	   920.3902	   888.8302	     1.4471	   235.2853	     9.0650	 regenerative cooling, opposite flow
   15.3101	    44.4159	     6.3008	 11046.2371	     0.0000	 11046.2371	   975.2046	   975.2046	   919.9734	   888.3271	     1.4552	   233.8328	     9.1214	 regenerative cooling, opposite flow
   15.5439	    44.4159	     6.3002	 11074.1444	     0.0000	 11074.1444	   974.9241	   974.9241	   919.5534	   887.8225	     1.4632	   232.4039	     9.1774	 regenerative cooling, opposite flow
   15.7776	    44.4159	     6.2996	 11101.4391	     0.0000	 11101.4391	   974.6375	   974.6375	   919.1303	   887.3166	     1.4712	   230.9979	     9.2333	 regenerative cooling, opposite flow
   16.0114	    44.4159	     6.2991	 11128.1436	     0.0000	 11128.1436	   974.3450	   974.3450	   918.7043	   886.8093	     1.4792	   229.6142	     9.2889	 regenerative cooling, opposite flow
   16.2451	    44.4159	     6.2985	 11154.2790	     0.0000	 11154.2790	   974.0468	   974.0468	   918.2754	   886.3007	     1.4871	   228.2522	     9.3444	 regenerative cooling, opposite flow
   16.4789	    44.4159	     6.2979	 11179.8657	     0.0000	 11179.8657	   973.7430	   973.7430	   917.8437	   885.7909	     1.4950	   226.9113	     9.3996	 regenerative cooling, opposite flow
   16.7126	    44.4159	     6.2973	 11204.9230	     0.0000	 11204.9230	   973.4339	   973.4339	   917.4093	   885.2798	     1.5028	   225.5911	     9.4546	 regenerative cooling, opposite flow
   16.9463	    44.4159	     6.2967	 11229.4692	     0.0000	 11229.4692	   973.1196	   973.1196	   916.9722	   884.7674	     1.5106	   224.2908	     9.5094	 regenerative cooling, opposite flow
   17.1801	    44.4159	     6.2961	 11253.5219	     0.0000	 11253.5219	   972.8002	   972.8002	   916.5326	   884.2538	     1.5183	   223.0101	     9.5640	 regenerative cooling, opposite flow
   17.4138	    44.4159	     6.2955	 11277.0978	     0.0000	 11277.0978	   972.4760	   972.4760	   916.0905	   883.7390	     1.5260	   221.7484	     9.6184	 regenerative cooling, opposite flow
   17.6476	    44.4159	     6.2949	 11300.2129	     0.0000	 11300.2129	   972.1470	   972.1470	   915.6459	   883.2231	     1.5336	   220.5052	     9.6727	 regenerative cooling, opposite flow
   17.8813	    44.4159	     6.2943	 11322.8824	     0.0000	 11322.8824	   971.8134	   971.8134	   915.1990	   882.7059	     1.5412	   219.2801	     9.7267	 regenerative cooling, opposite flow
   18.1151	    44.4159	     6.2937	 11345.1210	     0.0000	 11345.1210	   971.4753	   971.4753	   914.7497	   882.1877	     1.5488	   218.0726	     9.7806	 regenerative cooling, opposite flow
   18.3488	    44.4159	     6.2932	 11366.9425	     0.0000	 11366.9425	   971.1329	   971.1329	   914.2982	   881.6683	     1.5563	   216.8823	     9.8342	 regenerative cooling, opposite flow
   18.5825	    44.4159	     6.2926	 11388.3605	     0.0000	 11388.3605	   970.7863	   970.7863	   913.8445	   881.1478	     1.5638	   215.7088	     9.8877	 regenerative cooling, opposite flow
   18.8163	    44.4159	     6.2920	 11409.3875	     0.0000	 11409.3875	   970.4355	   970.4355	   913.3886	   880.6262	     1.5712	   214.5516	     9.9411	 regenerative cooling, opposite flow
   19.0500	    44.4159	     6.2914	 11430.0359	     0.0000	 11430.0359	   970.0808	   970.0808	   912.9306	   880.1036	     1.5786	   213.4105	     9.9942	 regenerative cooling, opposite flow
   19.2838	    44.4159	     6.2908	 11450.3175	     0.0000	 11450.3175	   969.7222	   969.7222	   912.4706	   879.5798	     1.5860	   212.2849	    10.0472	 regenerative cooling, opposite flow
   19.5175	    44.4159	     6.2902	 11470.2434	     0.0000	 11470.2434	   969.3598	   969.3598	   912.0086	   879.0551	     1.5933	   211.1745	    10.1000	 regenerative cooling, opposite flow
   19.7513	    44.4159	     6.2896	 11489.8244	     0.0000	 11489.8244	   968.9937	   968.9937	   911.5446	   878.5293	     1.6006	   210.0791	    10.1527	 regenerative cooling, opposite flow
   19.9850	    44.4159	     6.2890	 11509.0710	     0.0000	 11509.0710	   968.6240	   968.6240	   911.0787	   878.0025	     1.6078	   208.9981	    10.2052	 regenerative cooling, opposite flow
   20.2187	    44.4159	     6.2885	 11527.9930	     0.0000	 11527.9930	   968.2508	   968.2508	   910.6109	   877.4747	     1.6150	   207.9314	    10.2576	 regenerative cooling, opposite flow
   20.4525	    44.4159	     6.2879	 11546.6000	     0.0000	 11546.6000	   967.8743	   967.8743	   910.1413	   876.9460	     1.6222	   206.8786	    10.3098	 regenerative cooling, opposite flow
   20.6862	    44.4159	     6.2873	 11564.9012	     0.0000	 11564.9012	   967.4943	   967.4943	   909.6698	   876.4162	     1.6293	   205.8393	    10.3618	 regenerative cooling, opposite flow
   20.9200	    44.4159	     6.2867	 11582.9054	     0.0000	 11582.9054	   967.1112	   967.1112	   909.1967	   875.8855	     1.6364	   204.8133	    10.4137	 regenerative cooling, opposite flow
   21.1537	    44.4159	     6.2861	 11600.6210	     0.0000	 11600.6210	   966.7249	   966.7249	   908.7218	   875.3539	     1.6435	   203.8003	    10.4655	 regenerative cooling, opposite flow
   21.3875	    44.4159	     6.2855	 11618.0563	     0.0000	 11618.0563	   966.3355	   966.3355	   908.2452	   874.8213	     1.6505	   202.8000	    10.5171	 regenerative cooling, opposite flow
   21.6212	    44.4159	     6.2849	 11635.2190	     0.0000	 11635.2190	   965.9431	   965.9431	   907.7670	   874.2878	     1.6575	   201.8121	    10.5686	 regenerative cooling, opposite flow
   21.8549	    44.4159	     6.2844	 11652.1168	     0.0000	 11652.1168	   965.5477	   965.5477	   907.2871	   873.7534	     1.6645	   200.8364	    10.6200	 regenerative cooling, opposite flow
   22.0887	    44.4159	     6.2838	 11668.7569	     0.0000	 11668.7569	   965.1495	   965.1495	   906.8057	   873.2181	     1.6714	   199.8725	    10.6712	 regenerative cooling, opposite flow
   22.3224	    44.4159	     6.2832	 11685.1463	     0.0000	 11685.1463	   964.7484	   964.7484	   906.3227	   872.6819	     1.6783	   198.9203	    10.7222	 regenerative cooling, opposite flow
   22.5562	    44.4159	     6.2826	 11701.2918	     0.0000	 11701.2918	   964.3446	   964.3446	   905.8381	   872.1448	     1.6852	   197.9796	    10.7732	 regenerative cooling, opposite flow
   22.7899	    44.4159	     6.2820	 11717.1999	     0.0000	 11717.1999	   963.9381	   963.9381	   905.3521	   871.6069	     1.6920	   197.0500	    10.8240	 regenerative cooling, opposite flow
   23.0237	    44.4159	     6.2814	 11732.8769	     0.0000	 11732.8769	   963.5290	   963.5290	   904.8646	   871.0681	     1.6988	   196.1313	    10.8747	 regenerative cooling, opposite flow
   23.2574	    44.4159	     6.2809	 11748.3289	     0.0000	 11748.3289	   963.1173	   963.1173	   904.3757	   870.5284	     1.7056	   195.2234	    10.9253	 regenerative cooling, opposite flow
   23.4911	    44.4159	     6.2803	 11763.5617	     0.0000	 11763.5617	   962.7031	   962.7031	   903.8853	   869.9879	     1.7123	   194.3259	    10.9757	 regenerative cooling, opposite flow
   23.7249	    44.4159	     6.2797	 11778.5810	     0.0000	 11778.5810	   962.2864	   962.2864	   903.3935	   869.4466	     1.7190	   193.4388	    11.0261	 regenerative cooling, opposite flow
   23.9586	    44.4159	     6.2791	 11793.3921	     0.0000	 11793.3921	   961.8673	   961.8673	   902.9004	   868.9045	     1.7257	   192.5617	    11.0763	 regenerative cooling, opposite flow
   24.1924	    44.4159	     6.2785	 11808.0005	     0.0000	 11808.0005	   961.4459	   961.4459	   902.4059	   868.3615	     1.7323	   191.6945	    11.1264	 regenerative cooling, opposite flow
   24.4261	    44.4159	     6.2779	 11822.4112	     0.0000	 11822.4112	   961.0221	   961.0221	   901.9101	   867.8178	     1.7389	   190.8370	    11.1764	 regenerative cooling, opposite flow
   24.6599	    44.4159	     6.2774	 11836.6290	     0.0000	 11836.6290	   960.5961	   960.5961	   901.4130	   867.2732	     1.7455	   189.9891	    11.2263	 regenerative cooling, opposite flow
   24.8936	    44.4159	     6.2768	 11850.6589	     0.0000	 11850.6589	   960.1678	   960.1678	   900.9146	   866.7279	     1.7521	   189.1504	    11.2761	 regenerative cooling, opposite flow
   25.1273	    44.4159	     6.2762	 11864.5053	     0.0000	 11864.5053	   959.7374	   959.7374	   900.4149	   866.1817	     1.7586	   188.3209	    11.3257	 regenerative cooling, opposite flow
   25.3611	    44.4159	     6.2756	 11878.1728	     0.0000	 11878.1728	   959.3048	   959.3048	   899.9140	   865.6348	     1.7651	   187.5004	    11.3753	 regenerative cooling, opposite flow
   25.5948	    44.4159	     6.2750	 11891.6656	     0.0000	 11891.6656	   958.8702	   958.8702	   899.4119	   865.0872	     1.7716	   186.6886	    11.4248	 regenerative cooling, opposite flow
   25.8286	    44.4159	     6.2745	 11904.9880	     0.0000	 11904.9880	   958.4335	   958.4335	   898.9085	   864.5387	     1.7780	   185.8855	    11.4741	 regenerative cooling, opposite flow
   26.0623	    44.4159	     6.2739	 11918.1439	     0.0000	 11918.1439	   957.9947	   957.9947	   898.4040	   863.9896	     1.7844	   185.0909	    11.5234	 regenerative cooling, opposite flow
   26.2961	    44.4159	     6.2733	 11931.1373	     0.0000	 11931.1373	   957.5540	   957.5540	   897.8983	   863.4397	     1.7908	   184.3046	    11.5725	 regenerative cooling, opposite flow
   26.5298	    44.4159	     6.2727	 11943.9720	     0.0000	 11943.9720	   957.1113	   957.1113	   897.3915	   862.8890	     1.7972	   183.5264	    11.6216	 regenerative cooling, opposite flow
   26.7635	    44.4159	     6.2721	 11956.6516	     0.0000	 11956.6516	   956.6668	   956.6668	   896.8835	   862.3376	     1.8035	   182.7563	    11.6706	 regenerative cooling, opposite flow
   26.9973	    44.4159	     6.2716	 11969.1797	     0.0000	 11969.1797	   956.2203	   956.2203	   896.3744	   861.7855	     1.8098	   181.9940	    11.7195	 regenerative cooling, opposite flow
   27.2310	    44.4159	     6.2710	 11981.5599	     0.0000	 11981.5599	   955.7720	   955.7720	   895.8642	   861.2327	     1.8161	   181.2395	    11.7683	 regenerative cooling, opposite flow
   27.4648	    44.4159	     6.2704	 11993.7953	     0.0000	 11993.7953	   955.3219	   955.3219	   895.3530	   860.6791	     1.8224	   180.4926	    11.8170	 regenerative cooling, opposite flow
   27.6985	    44.4159	     6.2698	 12005.8893	     0.0000	 12005.8893	   954.8701	   954.8701	   894.8406	   860.1249	     1.8286	   179.7532	    11.8656	 regenerative cooling, opposite flow
   27.9323	    44.4159	     6.2693	 12017.8451	     0.0000	 12017.8451	   954.4164	   954.4164	   894.3272	   859.5699	     1.8348	   179.0210	    11.9141	 regenerative cooling, opposite flow
   28.1660	    44.4159	     6.2687	 12029.6656	     0.0000	 12029.6656	   953.9611	   953.9611	   893.8128	   859.0143	     1.8410	   178.2961	    11.9625	 regenerative cooling, opposite flow
   28.3997	    44.4159	     6.2681	 12041.3539	     0.0000	 12041.3539	   953.5041	   953.5041	   893.2973	   858.4579	     1.8471	   177.5783	    12.0109	 regenerative cooling, opposite flow
   28.6335	    44.4159	     6.2675	 12052.9128	     0.0000	 12052.9128	   953.0454	   953.0454	   892.7808	   857.9009	     1.8533	   176.8674	    12.0592	 regenerative cooling, opposite flow
   28.8672	    44.4159	     6.2670	 12064.3452	     0.0000	 12064.3452	   952.5851	   952.5851	   892.2633	   857.3432	     1.8594	   176.1633	    12.1074	 regenerative cooling, opposite flow
   29.1010	    44.4159	     6.2664	 12075.6537	     0.0000	 12075.6537	   952.1231	   952.1231	   891.7448	   856.7848	     1.8654	   175.4660	    12.1555	 regenerative cooling, opposite flow
   29.3347	    44.4159	     6.2658	 12086.8411	     0.0000	 12086.8411	   951.6596	   951.6596	   891.2254	   856.2258	     1.8715	   174.7753	    12.2035	 regenerative cooling, opposite flow
   29.5684	    44.4159	     6.2652	 12097.9098	     0.0000	 12097.9098	   951.1945	   951.1945	   890.7050	   855.6661	     1.8775	   174.0911	    12.2515	 regenerative cooling, opposite flow
   29.8022	    44.4159	     6.2647	 12108.8624	     0.0000	 12108.8624	   950.7279	   950.7279	   890.1836	   855.1057	     1.8836	   173.4133	    12.2994	 regenerative cooling, opposite flow
   30.0359	    44.4159	     6.2641	 12119.7013	     0.0000	 12119.7013	   950.2598	   950.2598	   889.6613	   854.5447	     1.8895	   172.7417	    12.3472	 regenerative cooling, opposite flow
   30.2697	    44.4159	     6.2635	 12130.4288	     0.0000	 12130.4288	   949.7902	   949.7902	   889.1380	   853.9830	     1.8955	   172.0764	    12.3949	 regenerative cooling, opposite flow
   30.5034	    44.4159	     6.2629	 12141.0474	     0.0000	 12141.0474	   949.3191	   949.3191	   888.6139	   853.4207	     1.9014	   171.4171	    12.4426	 regenerative cooling, opposite flow
   30.7372	    44.4159	     6.2624	 12151.5591	     0.0000	 12151.5591	   948.8466	   948.8466	   888.0888	   852.8577	     1.9074	   170.7638	    12.4902	 regenerative cooling, opposite flow
   30.9709	    44.4159	     6.2619	 12162.1317	     0.0000	 12162.1317	   948.3739	   948.3739	   887.5633	   852.2941	     1.9133	   170.1164	    12.5377	 regenerative cooling, opposite flow
   31.2046	    44.4159	     6.2613	 12172.4394	     0.0000	 12172.4394	   947.8986	   947.8986	   887.0364	   851.7299	     1.9191	   169.4748	    12.5852	 regenerative cooling, opposite flow
   31.4384	    44.4159	     6.2607	 12182.6466	     0.0000	 12182.6466	   947.4219	   947.4219	   886.5087	   851.1650	     1.9250	   168.8389	    12.6326	 regenerative cooling, opposite flow
   31.6721	    44.4159	     6.2602	 12192.7553	     0.0000	 12192.7553	   946.9439	   946.9439	   885.9801	   850.5995	     1.9308	   168.2086	    12.6799	 regenerative cooling, opposite flow
   31.9059	    44.4159	     6.2596	 12202.7675	     0.0000	 12202.7675	   946.4644	   946.4644	   885.4506	   850.0334	     1.9366	   167.5838	    12.7272	 regenerative cooling, opposite flow
   32.1396	    44.4159	     6.2590	 12212.6850	     0.0000	 12212.6850	   945.9837	   945.9837	   884.9203	   849.4667	     1.9424	   166.9645	    12.7744	 regenerative cooling, opposite flow
   32.3734	    44.4159	     6.2584	 12222.5098	     0.0000	 12222.5098	   945.5017	   945.5017	   884.3891	   848.8993	     1.9482	   166.3505	    12.8216	 regenerative cooling, opposite flow
   32.6071	    44.4159	     6.2579	 12232.2436	     0.0000	 12232.2436	   945.0183	   945.0183	   883.8571	   848.3314	     1.9539	   165.7418	    12.8686	 regenerative cooling, opposite flow
   32.8408	    44.4159	     6.2573	 12241.8881	     0.0000	 12241.8881	   944.5338	   944.5338	   883.3243	   847.7628	     1.9597	   165.1383	    12.9157	 regenerative cooling, opposite flow
   33.0746	    44.4159	     6.2567	 12251.4452	     0.0000	 12251.4452	   944.0479	   944.0479	   882.7907	   847.1936	     1.9654	   164.5399	    12.9626	 regenerative cooling, opposite flow
   33.3083	    44.4159	     6.2562	 12260.9164	     0.0000	 12260.9164	   943.5608	   943.5608	   882.2562	   846.6239	     1.9710	   163.9465	    13.0096	 regenerative cooling, opposite flow
   33.5421	    44.4159	     6.2556	 12270.3035	     0.0000	 12270.3035	   943.0725	   943.0725	   881.7210	   846.0535	     1.9767	   163.3581	    13.0564	 regenerative cooling, opposite flow
   33.7758	    44.4159	     6.2550	 12279.6079	     0.0000	 12279.6079	   942.5830	   942.5830	   881.1849	   845.4825	     1.9823	   162.7746	    13.1032	 regenerative cooling, opposite flow
   34.0096	    44.4159	     6.2545	 12288.8312	     0.0000	 12288.8312	   942.0923	   942.0923	   880.6481	   844.9110	     1.9880	   162.1959	    13.1500	 regenerative cooling, opposite flow
   34.2433	    44.4159	     6.2539	 12297.9750	     0.0000	 12297.9750	   941.6004	   941.6004	   880.1105	   844.3388	     1.9936	   161.6219	    13.1967	 regenerative cooling, opposite flow
   34.4770	    44.4159	     6.2533	 12307.0407	     0.0000	 12307.0407	   941.1074	   941.1074	   879.5722	   843.7661	     1.9992	   161.0526	    13.2433	 regenerative cooling, opposite flow
   34.7108	    44.4159	     6.2528	 12316.0298	     0.0000	 12316.0298	   940.6132	   940.6132	   879.0330	   843.1928	     2.0047	   160.4879	    13.2899	 regenerative cooling, opposite flow
   34.9445	    44.4159	     6.2522	 12324.9437	     0.0000	 12324.9437	   940.1178	   940.1178	   878.4931	   842.6189	     2.0103	   159.9277	    13.3365	 regenerative cooling, opposite flow
   35.1783	    44.4159	     6.2516	 12333.7836	     0.0000	 12333.7836	   939.6214	   939.6214	   877.9525	   842.0445	     2.0158	   159.3720	    13.3830	 regenerative cooling, opposite flow
   35.4120	    44.4159	     6.2511	 12342.5511	     0.0000	 12342.5511	   939.1239	   939.1239	   877.4111	   841.4695	     2.0213	   158.8207	    13.4294	 regenerative cooling, opposite flow
   35.6458	    44.4159	     6.2505	 12351.2473	     0.0000	 12351.2473	   938.6252	   938.6252	   876.8690	   840.8939	     2.0268	   158.2738	    13.4758	 regenerative cooling, opposite flow
   35.8795	    44.4159	     6.2499	 12359.8736	     0.0000	 12359.8736	   938.1255	   938.1255	   876.3261	   840.3177	     2.0322	   157.7311	    13.5222	 regenerative cooling, opposite flow
   36.1132	    44.4159	     6.2494	 12368.4311	     0.0000	 12368.4311	   937.6247	   937.6247	   875.7826	   839.7410	     2.0377	   157.1926	    13.5685	 regenerative cooling, opposite flow
   36.3470	    44.4159	     6.2488	 12376.9212	     0.0000	 12376.9212	   937.1229	   937.1229	   875.2383	   839.1637	     2.0431	   156.6584	    13.6148	 regenerative cooling, opposite flow
   36.5807	    44.4159	     6.2482	 12385.3450	     0.0000	 12385.3450	   936.6200	   936.6200	   874.6933	   838.5859	     2.0485	   156.1282	    13.6610	 regenerative cooling, opposite flow
   36.8145	    44.4159	     6.2477	 12393.7037	     0.0000	 12393.7037	   936.1161	   936.1161	   874.1476	   838.0075	     2.0539	   155.6020	    13.7072	 regenerative cooling, opposite flow
   37.0482	    44.4159	     6.2471	 12401.9983	     0.0000	 12401.9983	   935.6111	   935.6111	   873.6011	   837.4285	     2.0593	   155.0799	    13.7534	 regenerative cooling, opposite flow
   37.2820	    44.4159	     6.2465	 12410.2301	     0.0000	 12410.2301	   935.1052	   935.1052	   873.0540	   836.8490	     2.0647	   154.5617	    13.7995	 regenerative cooling, opposite flow
   37.5157	    44.4159	     6.2460	 12418.4000	     0.0000	 12418.4000	   934.5982	   934.5982	   872.5062	   836.2690	     2.0700	   154.0474	    13.8456	 regenerative cooling, opposite flow
   37.7494	    44.4159	     6.2454	 12426.5092	     0.0000	 12426.5092	   934.0903	   934.0903	   871.9578	   835.6884	     2.0753	   153.5369	    13.8916	 regenerative cooling, opposite flow
   37.9832	    44.4159	     6.2448	 12434.5587	     0.0000	 12434.5587	   933.5814	   933.5814	   871.4086	   835.1072	     2.0806	   153.0301	    13.9376	 regenerative cooling, opposite flow
   38.2169	    44.4159	     6.2443	 12442.5494	     0.0000	 12442.5494	   933.0715	   933.0715	   870.8588	   834.5255	     2.0859	   152.5271	    13.9836	 regenerative cooling, opposite flow
   38.4507	    44.4159	     6.2437	 12450.4825	     0.0000	 12450.4825	   932.5607	   932.5607	   870.3083	   833.9433	     2.0912	   152.0278	    14.0295	 regenerative cooling, opposite flow
   38.6844	    44.4159	     6.2431	 12458.3588	     0.0000	 12458.3588	   932.0489	   932.0489	   869.7571	   833.3606	     2.0964	   151.5321	    14.0754	 regenerative cooling, opposite flow
   38.9182	    44.4159	     6.2426	 12466.1794	     0.0000	 12466.1794	   931.5362	   931.5362	   869.2053	   832.7773	     2.1017	   151.0400	    14.1212	 regenerative cooling, opposite flow
   39.1519	    44.4159	     6.2420	 12473.9450	     0.0000	 12473.9450	   931.0225	   931.0225	   868.6528	   832.1934	     2.1069	   150.5515	    14.1671	 regenerative cooling, opposite flow
   39.3856	    44.4159	     6.2415	 12481.6567	     0.0000	 12481.6567	   930.5080	   930.5080	   868.0997	   831.6091	     2.1121	   150.0664	    14.2129	 regenerative cooling, opposite flow
   39.6194	    44.4159	     6.2409	 12489.3154	     0.0000	 12489.3154	   929.9925	   929.9925	   867.5459	   831.0242	     2.1173	   149.5847	    14.2586	 regenerative cooling, opposite flow
   39.8531	    44.4159	     6.2403	 12496.9218	     0.0000	 12496.9218	   929.4761	   929.4761	   866.9915	   830.4388	     2.1225	   149.1065	    14.3044	 regenerative cooling, opposite flow
   40.0869	    44.4159	     6.2398	 12504.4769	     0.0000	 12504.4769	   928.9588	   928.9588	   866.4364	   829.8528	     2.1276	   148.6316	    14.3501	 regenerative cooling, opposite flow
   40.3206	    44.4159	     6.2392	 12511.9815	     0.0000	 12511.9815	   928.4407	   928.4407	   865.8808	   829.2664	     2.1327	   148.1600	    14.3957	 regenerative cooling, opposite flow
   40.5544	    44.4159	     6.2387	 12519.4363	     0.0000	 12519.4363	   927.9216	   927.9216	   865.3245	   828.6794	     2.1379	   147.6916	    14.4414	 regenerative cooling, opposite flow
   40.7881	    44.4159	     6.2381	 12526.8423	     0.0000	 12526.8423	   927.4017	   927.4017	   864.7675	   828.0919	     2.1430	   147.2265	    14.4870	 regenerative cooling, opposite flow
   41.0218	    44.4159	     6.2375	 12534.2001	     0.0000	 12534.2001	   926.8810	   926.8810	   864.2100	   827.5039	     2.1481	   146.7646	    14.5326	 regenerative cooling, opposite flow
   41.2556	    44.4159	     6.2370	 12541.5106	     0.0000	 12541.5106	   926.3593	   926.3593	   863.6518	   826.9153	     2.1531	   146.3058	    14.5782	 regenerative cooling, opposite flow
   41.4893	    44.4159	     6.2364	 12548.7745	     0.0000	 12548.7745	   925.8369	   925.8369	   863.0930	   826.3263	     2.1582	   145.8502	    14.6237	 regenerative cooling, opposite flow
   41.7231	    44.4159	     6.2359	 12555.9925	     0.0000	 12555.9925	   925.3136	   925.3136	   862.5336	   825.7367	     2.1632	   145.3976	    14.6692	 regenerative cooling, opposite flow
   41.9568	    44.4159	     6.2353	 12563.1653	     0.0000	 12563.1653	   924.7895	   924.7895	   861.9736	   825.1466	     2.1682	   144.9480	    14.7147	 regenerative cooling, opposite flow
   42.1906	    44.4159	     6.2347	 12570.2937	     0.0000	 12570.2937	   924.2645	   924.2645	   861.4130	   824.5560	     2.1733	   144.5014	    14.7602	 regenerative cooling, opposite flow
   42.4243	    44.4159	     6.2342	 12577.3784	     0.0000	 12577.3784	   923.7387	   923.7387	   860.8518	   823.9649	     2.1782	   144.0578	    14.8057	 regenerative cooling, opposite flow
   42.6580	    44.4159	     6.2336	 12584.4200	     0.0000	 12584.4200	   923.2121	   923.2121	   860.2900	   823.3733	     2.1832	   143.6170	    14.8511	 regenerative cooling, opposite flow
   42.8918	    44.4159	     6.2331	 12591.4191	     0.0000	 12591.4191	   922.6848	   922.6848	   859.7277	   822.7812	     2.1882	   143.1792	    14.8965	 regenerative cooling, opposite flow
   43.1255	    44.4159	     6.2325	 12598.3765	     0.0000	 12598.3765	   922.1566	   922.1566	   859.1647	   822.1886	     2.1931	   142.7442	    14.9419	 regenerative cooling, opposite flow
   43.3593	    44.4159	     6.2320	 12605.2928	     0.0000	 12605.2928	   921.6276	   921.6276	   858.6012	   821.5955	     2.1981	   142.3120	    14.9873	 regenerative cooling, opposite flow
   43.5930	    44.4159	     6.2314	 12612.1686	     0.0000	 12612.1686	   921.0979	   921.0979	   858.0370	   821.0019	     2.2030	   141.8826	    15.0327	 regenerative cooling, opposite flow
   43.8268	    44.4159	     6.2309	 12619.0045	     0.0000	 12619.0045	   920.5673	   920.5673	   857.4723	   820.4078	     2.2079	   141.4560	    15.0780	 regenerative cooling, opposite flow
   44.0605	    44.4159	     6.2303	 12625.8011	     0.0000	 12625.8011	   920.0360	   920.0360	   856.9070	   819.8132	     2.2128	   141.0320	    15.1233	 regenerative cooling, opposite flow
   44.2942	    44.4159	     6.2297	 12632.5590	     0.0000	 12632.5590	   919.5040	   919.5040	   856.3412	   819.2181	     2.2177	   140.6108	    15.1686	 regenerative cooling, opposite flow
   44.5280	    44.4159	     6.2292	 12639.2788	     0.0000	 12639.2788	   918.9712	   918.9712	   855.7748	   818.6225	     2.2225	   140.1922	    15.2139	 regenerative cooling, opposite flow
   44.7617	    44.4159	     6.2286	 12645.9611	     0.0000	 12645.9611	   918.4376	   918.4376	   855.2078	   818.0264	     2.2274	   139.7762	    15.2592	 regenerative cooling, opposite flow
   44.9955	    44.4159	     6.2281	 12652.6063	     0.0000	 12652.6063	   917.9033	   917.9033	   854.6402	   817.4298	     2.2322	   139.3628	    15.3045	 regenerative cooling, opposite flow
   45.2292	    44.4159	     6.2275	 12659.2152	     0.0000	 12659.2152	   917.3682	   917.3682	   854.0721	   816.8327	     2.2370	   138.9519	    15.3497	 regenerative cooling, opposite flow
   45.4630	    44.4159	     6.2270	 12665.7881	     0.0000	 12665.7881	   916.8324	   916.8324	   853.5035	   816.2352	     2.2418	   138.5436	    15.3950	 regenerative cooling, opposite flow
   45.6967	    44.4159	     6.2264	 12672.3256	     0.0000	 12672.3256	   916.2959	   916.2959	   852.9343	   815.6371	     2.2466	   138.1377	    15.4402	 regenerative cooling, opposite flow
   45.9304	    44.4159	     6.2259	 12678.8283	     0.0000	 12678.8283	   915.7586	   915.7586	   852.3645	   815.0386	     2.2514	   137.7344	    15.4854	 regenerative cooling, opposite flow
   46.1642	    44.4159	     6.2253	 12685.2966	     0.0000	 12685.2966	   915.2207	   915.2207	   851.7942	   814.4395	     2.2561	   137.3335	    15.5306	 regenerative cooling, opposite flow
   46.3979	    44.4159	     6.2248	 12691.7311	     0.0000	 12691.7311	   914.6820	   914.6820	   851.2233	   813.8400	     2.2609	   136.9349	    15.5758	 regenerative cooling, opposite flow
   46.6317	    44.4159	     6.2242	 12698.1321	     0.0000	 12698.1321	   914.1426	   914.1426	   850.6519	   813.2400	     2.2656	   136.5388	    15.6210	 regenerative cooling, opposite flow
   46.8654	    44.4159	     6.2237	 12704.5003	     0.0000	 12704.5003	   913.6025	   913.6025	   850.0800	   812.6396	     2.2703	   136.1450	    15.6662	 regenerative cooling, opposite flow
   47.0992	    44.4159	     6.2231	 12710.8361	     0.0000	 12710.8361	   913.0617	   913.0617	   849.5075	   812.0386	     2.2750	   135.7536	    15.7113	 regenerative cooling, opposite flow
   47.3329	    44.4159	     6.2226	 12717.1399	     0.0000	 12717.1399	   912.5202	   912.5202	   848.9345	   811.4372	     2.2797	   135.3645	    15.7565	 regenerative cooling, opposite flow
   47.5666	    44.4159	     6.2220	 12723.4122	     0.0000	 12723.4122	   911.9780	   911.9780	   848.3609	   810.8352	     2.2844	   134.9776	    15.8017	 regenerative cooling, opposite flow
   47.8004	    44.4159	     6.2215	 12729.6535	     0.0000	 12729.6535	   911.4351	   911.4351	   847.7868	   810.2329	     2.2891	   134.5930	    15.8468	 regenerative cooling, opposite flow
   48.0341	    44.4159	     6.2209	 12735.8641	     0.0000	 12735.8641	   910.8915	   910.8915	   847.2122	   809.6300	     2.2937	   134.2107	    15.8920	 regenerative cooling, opposite flow
   48.2679	    44.4159	     6.2204	 12742.0445	     0.0000	 12742.0445	   910.3473	   910.3473	   846.6371	   809.0266	     2.2984	   133.8305	    15.9371	 regenerative cooling, opposite flow
   48.5016	    44.4159	     6.2198	 12748.1952	     0.0000	 12748.1952	   909.8024	   909.8024	   846.0614	   808.4228	     2.3030	   133.4525	    15.9823	 regenerative cooling, opposite flow
   48.7353	    44.4159	     6.2193	 12754.3165	     0.0000	 12754.3165	   909.2568	   909.2568	   845.4853	   807.8185	     2.3076	   133.0767	    16.0274	 regenerative cooling, opposite flow
   48.9691	    44.4159	     6.2187	 12760.4089	     0.0000	 12760.4089	   908.7106	   908.7106	   844.9086	   807.2137	     2.3122	   132.7030	    16.0725	 regenerative cooling, opposite flow
   49.2028	    44.4159	     6.2182	 12766.4727	     0.0000	 12766.4727	   908.1637	   908.1637	   844.3313	   806.6085	     2.3168	   132.3314	    16.1177	 regenerative cooling, opposite flow
   49.4366	    44.4159	     6.2176	 12772.5084	     0.0000	 12772.5084	   907.6162	   907.6162	   843.7536	   806.0028	     2.3214	   131.9619	    16.1628	 regenerative cooling, opposite flow
   49.6703	    44.4159	     6.2171	 12778.5163	     0.0000	 12778.5163	   907.0679	   907.0679	   843.1754	   805.3966	     2.3259	   131.5944	    16.2079	 regenerative cooling, opposite flow
   49.9041	    44.4159	     6.2165	 12784.4968	     0.0000	 12784.4968	   906.5191	   906.5191	   842.5966	   804.7899	     2.3305	   131.2290	    16.2531	 regenerative cooling, opposite flow
   50.1378	    44.4159	     6.2160	 12790.4503	     0.0000	 12790.4503	   905.9696	   905.9696	   842.0173	   804.1828	     2.3350	   130.8657	    16.2982	 regenerative cooling, opposite flow
   50.3715	    44.4159	     6.2154	 12796.3772	     0.0000	 12796.3772	   905.4195	   905.4195	   841.4376	   803.5752	     2.3395	   130.5043	    16.3433	 regenerative cooling, opposite flow
   50.6053	    44.4159	     6.2149	 12802.2778	     0.0000	 12802.2778	   904.8687	   904.8687	   840.8573	   802.9672	     2.3441	   130.1449	    16.3884	 regenerative cooling, opposite flow
   50.8390	    44.4159	     6.2143	 12808.1524	     0.0000	 12808.1524	   904.3173	   904.3173	   840.2765	   802.3586	     2.3486	   129.7874	    16.4336	 regenerative cooling, opposite flow
   51.0728	    44.4159	     6.2138	 12814.0015	     0.0000	 12814.0015	   903.7653	   903.7653	   839.6952	   801.7496	     2.3530	   129.4319	    16.4787	 regenerative cooling, opposite flow
   51.3065	    44.4159	     6.2132	 12819.8254	     0.0000	 12819.8254	   903.2126	   903.2126	   839.1135	   801.1402	     2.3575	   129.0783	    16.5239	 regenerative cooling, opposite flow
   51.5403	    44.4159	     6.2127	 12825.6243	     0.0000	 12825.6243	   902.6593	   902.6593	   838.5312	   800.5303	     2.3620	   128.7266	    16.5690	 regenerative cooling, opposite flow
   51.7740	    44.4159	     6.2122	 12831.3987	     0.0000	 12831.3987	   902.1054	   902.1054	   837.9484	   799.9199	     2.3664	   128.3768	    16.6142	 regenerative cooling, opposite flow
   52.0077	    44.4159	     6.2116	 12837.1489	     0.0000	 12837.1489	   901.5509	   901.5509	   837.3652	   799.3090	     2.3709	   128.0288	    16.6593	 regenerative cooling, opposite flow
   52.2415	    44.4159	     6.2111	 12842.8751	     0.0000	 12842.8751	   900.9958	   900.9958	   836.7814	   798.6977	     2.3753	   127.6827	    16.7045	 regenerative cooling, opposite flow
   52.4752	    44.4159	     6.2105	 12848.5778	     0.0000	 12848.5778	   900.4400	   900.4400	   836.1972	   798.0860	     2.3797	   127.3384	    16.7496	 regenerative cooling, opposite flow
   52.7090	    44.4159	     6.2100	 12854.2571	     0.0000	 12854.2571	   899.8837	   899.8837	   835.6124	   797.4737	     2.3841	   126.9959	    16.7948	 regenerative cooling, opposite flow
   52.9427	    44.4159	     6.2094	 12859.9135	     0.0000	 12859.9135	   899.3268	   899.3268	   835.0272	   796.8611	     2.3885	   126.6551	    16.8400	 regenerative cooling, opposite flow
   53.1765	    44.4159	     6.2089	 12865.5472	     0.0000	 12865.5472	   898.7692	   898.7692	   834.4415	   796.2479	     2.3929	   126.3162	    16.8852	 regenerative cooling, opposite flow
   53.4102	    44.4159	     6.2084	 12871.1585	     0.0000	 12871.1585	   898.2111	   898.2111	   833.8553	   795.6343	     2.3973	   125.9789	    16.9304	 regenerative cooling, opposite flow
   53.6439	    44.4159	     6.2078	 12876.7477	     0.0000	 12876.7477	   897.6524	   897.6524	   833.2686	   795.0203	     2.4016	   125.6434	    16.9756	 regenerative cooling, opposite flow
   53.8777	    44.4159	     6.2073	 12882.3150	     0.0000	 12882.3150	   897.0931	   897.0931	   832.6815	   794.4057	     2.4060	   125.3096	    17.0208	 regenerative cooling, opposite flow
   54.1114	    44.4159	     6.2067	 12887.8609	     0.0000	 12887.8609	   896.5332	   896.5332	   832.0938	   793.7908	     2.4103	   124.9775	    17.0660	 regenerative cooling, opposite flow
   54.3452	    44.4159	     6.2062	 12893.3855	     0.0000	 12893.3855	   895.9727	   895.9727	   831.5057	   793.1753	     2.4146	   124.6471	    17.1113	 regenerative cooling, opposite flow
   54.5789	    44.4159	     6.2057	 12898.8892	     0.0000	 12898.8892	   895.4116	   895.4116	   830.9172	   792.5595	     2.4189	   124.3183	    17.1565	 regenerative cooling, opposite flow
   54.8127	    44.4159	     6.2051	 12904.3721	     0.0000	 12904.3721	   894.8500	   894.8500	   830.3281	   791.9431	     2.4232	   123.9912	    17.2018	 regenerative cooling, opposite flow
   55.0464	    44.4159	     6.2046	 12909.8346	     0.0000	 12909.8346	   894.2877	   894.2877	   829.7386	   791.3264	     2.4275	   123.6657	    17.2471	 regenerative cooling, opposite flow
   55.2801	    44.4159	     6.2040	 12915.2769	     0.0000	 12915.2769	   893.7250	   893.7250	   829.1486	   790.7091	     2.4318	   123.3418	    17.2924	 regenerative cooling, opposite flow
   55.5139	    44.4159	     6.2035	 12920.6993	     0.0000	 12920.6993	   893.1616	   893.1616	   828.5581	   790.0914	     2.4360	   123.0195	    17.3377	 regenerative cooling, opposite flow
   55.7476	    44.4159	     6.2030	 12926.1020	     0.0000	 12926.1020	   892.5977	   892.5977	   827.9672	   789.4733	     2.4403	   122.6988	    17.3830	 regenerative cooling, opposite flow
   55.9814	    44.4159	     6.2024	 12931.4853	     0.0000	 12931.4853	   892.0332	   892.0332	   827.3758	   788.8547	     2.4445	   122.3796	    17.4283	 regenerative cooling, opposite flow
   56.2151	    44.4159	     6.2019	 12936.8493	     0.0000	 12936.8493	   891.4681	   891.4681	   826.7839	   788.2356	     2.4488	   122.0620	    17.4737	 regenerative cooling, opposite flow
   56.4489	    44.4159	     6.2013	 12942.1945	     0.0000	 12942.1945	   890.9025	   890.9025	   826.1915	   787.6162	     2.4530	   121.7459	    17.5190	 regenerative cooling, opposite flow
   56.6826	    44.4159	     6.2008	 12947.5210	     0.0000	 12947.5210	   890.3364	   890.3364	   825.5988	   786.9962	     2.4572	   121.4313	    17.5644	 regenerative cooling, opposite flow
   56.9163	    44.4159	     6.2003	 12952.8289	     0.0000	 12952.8289	   889.7696	   889.7696	   825.0055	   786.3758	     2.4614	   121.1183	    17.6098	 regenerative cooling, opposite flow
   57.1501	    44.4159	     6.1997	 12958.1187	     0.0000	 12958.1187	   889.2024	   889.2024	   824.4118	   785.7550	     2.4656	   120.8067	    17.6552	 regenerative cooling, opposite flow
   57.3838	    44.4159	     6.1992	 12963.3904	     0.0000	 12963.3904	   888.6345	   888.6345	   823.8176	   785.1337	     2.4698	   120.4966	    17.7007	 regenerative cooling, opposite flow
   57.6176	    44.4159	     6.1987	 12968.6444	     0.0000	 12968.6444	   888.0662	   888.0662	   823.2230	   784.5120	     2.4739	   120.1880	    17.7461	 regenerative cooling, opposite flow
   57.8513	    44.4159	     6.1981	 12973.8807	     0.0000	 12973.8807	   887.4973	   887.4973	   822.6279	   783.8898	     2.4781	   119.8808	    17.7916	 regenerative cooling, opposite flow
   58.0851	    44.4159	     6.1976	 12979.0998	     0.0000	 12979.0998	   886.9278	   886.9278	   822.0323	   783.2672	     2.4822	   119.5750	    17.8371	 regenerative cooling, opposite flow
   58.3188	    44.4159	     6.1971	 12984.3017	     0.0000	 12984.3017	   886.3578	   886.3578	   821.4363	   782.6441	     2.4864	   119.2707	    17.8826	 regenerative cooling, opposite flow
   58.5525	    44.4159	     6.1965	 12989.4866	     0.0000	 12989.4866	   885.7873	   885.7873	   820.8399	   782.0206	     2.4905	   118.9677	    17.9282	 regenerative cooling, opposite flow
   58.7863	    44.4159	     6.1960	 12994.6548	     0.0000	 12994.6548	   885.2162	   885.2162	   820.2430	   781.3966	     2.4946	   118.6662	    17.9737	 regenerative cooling, opposite flow
   59.0200	    44.4159	     6.1955	 12999.8066	     0.0000	 12999.8066	   884.6446	   884.6446	   819.6456	   780.7722	     2.4987	   118.3660	    18.0193	 regenerative cooling, opposite flow
   59.2538	    44.4159	     6.1949	 13004.9420	     0.0000	 13004.9420	   884.0725	   884.0725	   819.0478	   780.1474	     2.5028	   118.0672	    18.0649	 regenerative cooling, opposite flow
   59.4875	    44.4159	     6.1944	 13010.0612	     0.0000	 13010.0612	   883.4999	   883.4999	   818.4496	   779.5221	     2.5069	   117.7697	    18.1105	 regenerative cooling, opposite flow
   59.7213	    44.4159	     6.1939	 13015.1646	     0.0000	 13015.1646	   882.9267	   882.9267	   817.8509	   778.8964	     2.5110	   117.4736	    18.1562	 regenerative cooling, opposite flow
   59.9550	    44.4159	     6.1933	 13020.2522	     0.0000	 13020.2522	   882.3530	   882.3530	   817.2517	   778.2702	     2.5150	   117.1788	    18.2019	 regenerative cooling, opposite flow
   60.1887	    44.4159	     6.1929	 13025.4905	     0.0000	 13025.4905	   881.7801	   881.7801	   816.6526	   777.6436	     2.5191	   116.8853	    18.2476	 regenerative cooling, opposite flow
   60.4225	    44.4159	     6.1923	 13030.5487	     0.0000	 13030.5487	   881.2053	   881.2053	   816.0526	   777.0165	     2.5231	   116.5932	    18.2933	 regenerative cooling, opposite flow
   60.6562	    44.4159	     6.1918	 13035.5917	     0.0000	 13035.5917	   880.6301	   880.6301	   815.4521	   776.3890	     2.5272	   116.3023	    18.3390	 regenerative cooling, opposite flow
   60.8900	    44.4159	     6.1913	 13040.6197	     0.0000	 13040.6197	   880.0543	   880.0543	   814.8512	   775.7610	     2.5312	   116.0127	    18.3848	 regenerative cooling, opposite flow
   61.1237	    44.4159	     6.1908	 13045.6330	     0.0000	 13045.6330	   879.4780	   879.4780	   814.2498	   775.1327	     2.5352	   115.7244	    18.4306	 regenerative cooling, opposite flow
   61.3575	    44.4159	     6.1902	 13050.6315	     0.0000	 13050.6315	   878.9012	   878.9012	   813.6481	   774.5038	     2.5392	   115.4373	    18.4765	 regenerative cooling, opposite flow
   61.5912	    44.4159	     6.1897	 13055.6156	     0.0000	 13055.6156	   878.3239	   878.3239	   813.0458	   773.8746	     2.5432	   115.1514	    18.5223	 regenerative cooling, opposite flow
   61.8249	    44.4159	     6.1892	 13060.5854	     0.0000	 13060.5854	   877.7461	   877.7461	   812.4432	   773.2449	     2.5472	   114.8668	    18.5682	 regenerative cooling, opposite flow
   62.0587	    44.4159	     6.1886	 13065.5411	     0.0000	 13065.5411	   877.1678	   877.1678	   811.8401	   772.6147	     2.5511	   114.5835	    18.6141	 regenerative cooling, opposite flow
   62.2924	    44.4159	     6.1881	 13070.4876	     0.0000	 13070.4876	   876.5886	   876.5886	   811.2361	   771.9842	     2.5551	   114.3013	    18.6601	 regenerative cooling, opposite flow
   62.5262	    44.4159	     6.1876	 13075.4213	     0.0000	 13075.4213	   876.0085	   876.0085	   810.6314	   771.3531	     2.5591	   114.0203	    18.7061	 regenerative cooling, opposite flow
   62.7599	    44.4159	     6.1871	 13080.3392	     0.0000	 13080.3392	   875.4283	   875.4283	   810.0266	   770.7217	     2.5630	   113.7405	    18.7521	 regenerative cooling, opposite flow
   62.9937	    44.4159	     6.1865	 13085.2429	     0.0000	 13085.2429	   874.8476	   874.8476	   809.4214	   770.0898	     2.5669	   113.4619	    18.7981	 regenerative cooling, opposite flow
   63.2274	    44.4159	     6.1860	 13090.1330	     0.0000	 13090.1330	   874.2665	   874.2665	   808.8158	   769.4575	     2.5709	   113.1845	    18.8442	 regenerative cooling, opposite flow
   63.4611	    44.4159	     6.1855	 13095.0097	     0.0000	 13095.0097	   873.6849	   873.6849	   808.2098	   768.8247	     2.5748	   112.9082	    18.8903	 regenerative cooling, opposite flow
   63.6949	    44.4159	     6.1849	 13099.8733	     0.0000	 13099.8733	   873.1028	   873.1028	   807.6034	   768.1915	     2.5787	   112.6331	    18.9365	 regenerative cooling, opposite flow
   63.9286	    44.4159	     6.1844	 13104.7238	     0.0000	 13104.7238	   872.5203	   872.5203	   806.9966	   767.5579	     2.5826	   112.3591	    18.9826	 regenerative cooling, opposite flow
   64.1624	    44.4159	     6.1839	 13109.5616	     0.0000	 13109.5616	   871.9372	   871.9372	   806.3894	   766.9238	     2.5865	   112.0862	    19.0289	 regenerative cooling, opposite flow
   64.3961	    44.4159	     6.1834	 13114.3867	     0.0000	 13114.3867	   871.3537	   871.3537	   805.7818	   766.2893	     2.5903	   111.8145	    19.0751	 regenerative cooling, opposite flow
   64.6299	    44.4159	     6.1828	 13119.1994	     0.0000	 13119.1994	   870.7697	   870.7697	   805.1738	   765.6544	     2.5942	   111.5438	    19.1214	 regenerative cooling, opposite flow
   64.8636	    44.4159	     6.1823	 13123.9998	     0.0000	 13123.9998	   870.1853	   870.1853	   804.5653	   765.0190	     2.5981	   111.2743	    19.1677	 regenerative cooling, opposite flow
   65.0973	    44.4159	     6.1818	 13128.7879	     0.0000	 13128.7879	   869.6003	   869.6003	   803.9564	   764.3832	     2.6019	   111.0058	    19.2141	 regenerative cooling, opposite flow
   65.3311	    44.4159	     6.1813	 13133.5641	     0.0000	 13133.5641	   869.0149	   869.0149	   803.3471	   763.7470	     2.6057	   110.7384	    19.2605	 regenerative cooling, opposite flow
   65.5648	    44.4159	     6.1807	 13138.3284	     0.0000	 13138.3284	   868.4290	   868.4290	   802.7374	   763.1103	     2.6096	   110.4721	    19.3069	 regenerative cooling, opposite flow
   65.7986	    44.4159	     6.1802	 13143.0809	     0.0000	 13143.0809	   867.8427	   867.8427	   802.1273	   762.4732	     2.6134	   110.2068	    19.3534	 regenerative cooling, opposite flow
   66.0323	    44.4159	     6.1797	 13147.8218	     0.0000	 13147.8218	   867.2558	   867.2558	   801.5167	   761.8356	     2.6172	   109.9426	    19.3999	 regenerative cooling, opposite flow
   66.2661	    44.4159	     6.1792	 13152.5513	     0.0000	 13152.5513	   866.6685	   866.6685	   800.9057	   761.1977	     2.6210	   109.6795	    19.4464	 regenerative cooling, opposite flow
   66.4998	    44.4159	     6.1787	 13157.2694	     0.0000	 13157.2694	   866.0807	   866.0807	   800.2944	   760.5593	     2.6248	   109.4173	    19.4930	 regenerative cooling, opposite flow
   66.7335	    44.4159	     6.1781	 13161.9763	     0.0000	 13161.9763	   865.4924	   865.4924	   799.6826	   759.9205	     2.6286	   109.1562	    19.5396	 regenerative cooling, opposite flow
   66.9673	    44.4159	     6.1776	 13166.6722	     0.0000	 13166.6722	   864.9037	   864.9037	   799.0703	   759.2812	     2.6324	   108.8961	    19.5863	 regenerative cooling, opposite flow
   67.2010	    44.4159	     6.1771	 13171.3571	     0.0000	 13171.3571	   864.3145	   864.3145	   798.4577	   758.6415	     2.6361	   108.6370	    19.6330	 regenerative cooling, opposite flow
   67.4348	    44.4159	     6.1766	 13176.0312	     0.0000	 13176.0312	   863.7248	   863.7248	   797.8447	   758.0014	     2.6399	   108.3789	    19.6798	 regenerative cooling, opposite flow
   67.6685	    44.4159	     6.1760	 13180.6945	     0.0000	 13180.6945	   863.1347	   863.1347	   797.2312	   757.3608	     2.6436	   108.1218	    19.7266	 regenerative cooling, opposite flow
   67.9022	    44.4159	     6.1755	 13185.3473	     0.0000	 13185.3473	   862.5441	   862.5441	   796.6174	   756.7199	     2.6474	   107.8657	    19.7734	 regenerative cooling, opposite flow
   68.1360	    44.4159	     6.1750	 13189.9897	     0.0000	 13189.9897	   861.9530	   861.9530	   796.0031	   756.0785	     2.6511	   107.6106	    19.8203	 regenerative cooling, opposite flow
   68.3697	    44.4159	     6.1745	 13194.6216	     0.0000	 13194.6216	   861.3615	   861.3615	   795.3884	   755.4366	     2.6548	   107.3564	    19.8672	 regenerative cooling, opposite flow
   68.6035	    44.4159	     6.1740	 13199.2434	     0.0000	 13199.2434	   860.7695	   860.7695	   794.7733	   754.7944	     2.6585	   107.1031	    19.9142	 regenerative cooling, opposite flow
   68.8372	    44.4159	     6.1734	 13203.8551	     0.0000	 13203.8551	   860.1771	   860.1771	   794.1578	   754.1517	     2.6622	   106.8508	    19.9612	 regenerative cooling, opposite flow
   69.0710	    44.4159	     6.1729	 13208.4567	     0.0000	 13208.4567	   859.5842	   859.5842	   793.5419	   753.5086	     2.6659	   106.5995	    20.0083	 regenerative cooling, opposite flow
   69.3047	    44.4159	     6.1724	 13213.0485	     0.0000	 13213.0485	   858.9908	   858.9908	   792.9256	   752.8650	     2.6696	   106.3491	    20.0554	 regenerative cooling, opposite flow
   69.5384	    44.4159	     6.1719	 13217.6305	     0.0000	 13217.6305	   858.3970	   858.3970	   792.3089	   752.2210	     2.6733	   106.0996	    20.1026	 regenerative cooling, opposite flow
   69.7722	    44.4159	     6.1714	 13222.2028	     0.0000	 13222.2028	   857.8028	   857.8028	   791.6918	   751.5766	     2.6770	   105.8510	    20.1498	 regenerative cooling, opposite flow
   70.0059	    44.4159	     6.1709	 13226.7655	     0.0000	 13226.7655	   857.2081	   857.2081	   791.0742	   750.9318	     2.6806	   105.6033	    20.1970	 regenerative cooling, opposite flow
   70.2397	    44.4159	     6.1703	 13231.3188	     0.0000	 13231.3188	   856.6129	   856.6129	   790.4563	   750.2866	     2.6843	   105.3565	    20.2443	 regenerative cooling, opposite flow
   70.4734	    44.4159	     6.1698	 13235.8628	     0.0000	 13235.8628	   856.0173	   856.0173	   789.8380	   749.6409	     2.6879	   105.1106	    20.2917	 regenerative cooling, opposite flow
   70.7072	    44.4159	     6.1693	 13240.3975	     0.0000	 13240.3975	   855.4212	   855.4212	   789.2192	   748.9948	     2.6916	   104.8656	    20.3391	 regenerative cooling, opposite flow
   70.9409	    44.4159	     6.1688	 13244.9231	     0.0000	 13244.9231	   854.8247	   854.8247	   788.6001	   748.3483	     2.6952	   104.6215	    20.3866	 regenerative cooling, opposite flow
   71.1746	    44.4159	     6.1683	 13249.4396	     0.0000	 13249.4396	   854.2278	   854.2278	   787.9806	   747.7013	     2.6988	   104.3783	    20.4341	 regenerative cooling, opposite flow
   71.4084	    44.4159	     6.1678	 13253.9471	     0.0000	 13253.9471	   853.6304	   853.6304	   787.3606	   747.0539	     2.7024	   104.1359	    20.4816	 regenerative cooling, opposite flow
   71.6421	    44.4159	     6.1672	 13258.4459	     0.0000	 13258.4459	   853.0325	   853.0325	   786.7403	   746.4061	     2.7060	   103.8943	    20.5292	 regenerative cooling, opposite flow
   71.8759	    44.4159	     6.1667	 13262.9358	     0.0000	 13262.9358	   852.4342	   852.4342	   786.1195	   745.7579	     2.7096	   103.6537	    20.5769	 regenerative cooling, opposite flow
   72.1096	    44.4159	     6.1662	 13267.4171	     0.0000	 13267.4171	   851.8355	   851.8355	   785.4984	   745.1093	     2.7132	   103.4138	    20.6246	 regenerative cooling, opposite flow
   72.3434	    44.4159	     6.1657	 13271.8899	     0.0000	 13271.8899	   851.2363	   851.2363	   784.8769	   744.4602	     2.7168	   103.1748	    20.6724	 regenerative cooling, opposite flow
   72.5771	    44.4159	     6.1652	 13276.3541	     0.0000	 13276.3541	   850.6367	   850.6367	   784.2550	   743.8107	     2.7204	   102.9366	    20.7202	 regenerative cooling, opposite flow
   72.8108	    44.4159	     6.1647	 13280.8100	     0.0000	 13280.8100	   850.0367	   850.0367	   783.6326	   743.1608	     2.7239	   102.6993	    20.7681	 regenerative cooling, opposite flow
   73.0446	    44.4159	     6.1642	 13285.2576	     0.0000	 13285.2576	   849.4362	   849.4362	   783.0099	   742.5104	     2.7275	   102.4627	    20.8161	 regenerative cooling, opposite flow
   73.2783	    44.4159	     6.1637	 13289.6970	     0.0000	 13289.6970	   848.8353	   848.8353	   782.3868	   741.8597	     2.7310	   102.2270	    20.8641	 regenerative cooling, opposite flow
   73.5121	    44.4159	     6.1631	 13294.1283	     0.0000	 13294.1283	   848.2340	   848.2340	   781.7633	   741.2085	     2.7346	   101.9920	    20.9121	 regenerative cooling, opposite flow
   73.7458	    44.4159	     6.1626	 13298.5516	     0.0000	 13298.5516	   847.6322	   847.6322	   781.1394	   740.5569	     2.7381	   101.7579	    20.9603	 regenerative cooling, opposite flow
   73.9796	    44.4159	     6.1621	 13302.9669	     0.0000	 13302.9669	   847.0300	   847.0300	   780.5152	   739.9049	     2.7416	   101.5245	    21.0084	 regenerative cooling, opposite flow
   74.2133	    44.4159	     6.1616	 13307.3743	     0.0000	 13307.3743	   846.4274	   846.4274	   779.8905	   739.2524	     2.7451	   101.2920	    21.0567	 regenerative cooling, opposite flow
   74.4470	    44.4159	     6.1611	 13311.7740	     0.0000	 13311.7740	   845.8243	   845.8243	   779.2654	   738.5996	     2.7486	   101.0602	    21.1050	 regenerative cooling, opposite flow
   74.6808	    44.4159	     6.1606	 13316.1660	     0.0000	 13316.1660	   845.2208	   845.2208	   778.6400	   737.9463	     2.7521	   100.8291	    21.1533	 regenerative cooling, opposite flow
   74.9145	    44.4159	     6.1601	 13320.5504	     0.0000	 13320.5504	   844.6169	   844.6169	   778.0142	   737.2926	     2.7556	   100.5989	    21.2018	 regenerative cooling, opposite flow
   75.1483	    44.4159	     6.1596	 13324.9273	     0.0000	 13324.9273	   844.0126	   844.0126	   777.3879	   736.6385	     2.7591	   100.3694	    21.2502	 regenerative cooling, opposite flow
   75.3820	    44.4159	     6.1591	 13329.2967	     0.0000	 13329.2967	   843.4078	   843.4078	   776.7613	   735.9839	     2.7626	   100.1406	    21.2988	 regenerative cooling, opposite flow
   75.6158	    44.4159	     6.1585	 13333.6588	     0.0000	 13333.6588	   842.8026	   842.8026	   776.1343	   735.3290	     2.7660	    99.9126	    21.3474	 regenerative cooling, opposite flow
   75.8495	    44.4159	     6.1580	 13338.0135	     0.0000	 13338.0135	   842.1970	   842.1970	   775.5070	   734.6736	     2.7695	    99.6853	    21.3961	 regenerative cooling, opposite flow
   76.0832	    44.4159	     6.1575	 13342.3611	     0.0000	 13342.3611	   841.5910	   841.5910	   774.8792	   734.0178	     2.7729	    99.4588	    21.4448	 regenerative cooling, opposite flow
   76.3170	    44.4159	     6.1570	 13346.7015	     0.0000	 13346.7015	   840.9846	   840.9846	   774.2511	   733.3616	     2.7764	    99.2329	    21.4936	 regenerative cooling, opposite flow
   76.5507	    44.4159	     6.1565	 13351.0348	     0.0000	 13351.0348	   840.3777	   840.3777	   773.6226	   732.7050	     2.7798	    99.0078	    21.5425	 regenerative cooling, opposite flow
   76.7845	    44.4159	     6.1560	 13355.3611	     0.0000	 13355.3611	   839.7705	   839.7705	   772.9937	   732.0479	     2.7832	    98.7835	    21.5914	 regenerative cooling, opposite flow
   77.0182	    44.4159	     6.1555	 13359.6805	     0.0000	 13359.6805	   839.1628	   839.1628	   772.3644	   731.3905	     2.7866	    98.5598	    21.6404	 regenerative cooling, opposite flow
   77.2520	    44.4159	     6.1550	 13363.9931	     0.0000	 13363.9931	   838.5547	   838.5547	   771.7347	   730.7326	     2.7900	    98.3368	    21.6895	 regenerative cooling, opposite flow
   77.4857	    44.4159	     6.1545	 13368.2989	     0.0000	 13368.2989	   837.9462	   837.9462	   771.1047	   730.0743	     2.7935	    98.1145	    21.7386	 regenerative cooling, opposite flow
   77.7194	    44.4159	     6.1540	 13372.5980	     0.0000	 13372.5980	   837.3373	   837.3373	   770.4743	   729.4156	     2.7968	    97.8930	    21.7878	 regenerative cooling, opposite flow
   77.9532	    44.4159	     6.1535	 13376.8904	     0.0000	 13376.8904	   836.7279	   836.7279	   769.8435	   728.7565	     2.8002	    97.6721	    21.8371	 regenerative cooling, opposite flow
   78.1869	    44.4159	     6.1530	 13381.1763	     0.0000	 13381.1763	   836.1182	   836.1182	   769.2123	   728.0969	     2.8036	    97.4518	    21.8864	 regenerative cooling, opposite flow
   78.4207	    44.4159	     6.1525	 13385.4556	     0.0000	 13385.4556	   835.5081	   835.5081	   768.5808	   727.4370	     2.8070	    97.2323	    21.9358	 regenerative cooling, opposite flow
   78.6544	    44.4159	     6.1520	 13389.7285	     0.0000	 13389.7285	   834.8975	   834.8975	   767.9489	   726.7766	     2.8103	    97.0134	    21.9853	 regenerative cooling, opposite flow
   78.8882	    44.4159	     6.1515	 13393.9951	     0.0000	 13393.9951	   834.2866	   834.2866	   767.3166	   726.1158	     2.8137	    96.7952	    22.0349	 regenerative cooling, opposite flow
   79.1219	    44.4159	     6.1510	 13398.2553	     0.0000	 13398.2553	   833.6752	   833.6752	   766.6839	   725.4547	     2.8171	    96.5777	    22.0845	 regenerative cooling, opposite flow
   79.3556	    44.4159	     6.1504	 13402.5093	     0.0000	 13402.5093	   833.0635	   833.0635	   766.0509	   724.7931	     2.8204	    96.3608	    22.1342	 regenerative cooling, opposite flow
   79.5894	    44.4159	     6.1499	 13406.7571	     0.0000	 13406.7571	   832.4513	   832.4513	   765.4175	   724.1310	     2.8237	    96.1445	    22.1840	 regenerative cooling, opposite flow
   79.8231	    44.4159	     6.1494	 13410.9988	     0.0000	 13410.9988	   831.8388	   831.8388	   764.7838	   723.4686	     2.8271	    95.9289	    22.2339	 regenerative cooling, opposite flow
   80.0569	    44.4159	     6.1489	 13415.2344	     0.0000	 13415.2344	   831.2258	   831.2258	   764.1496	   722.8058	     2.8304	    95.7140	    22.2838	 regenerative cooling, opposite flow
   80.2906	    44.4159	     6.1484	 13419.4640	     0.0000	 13419.4640	   830.6125	   830.6125	   763.5151	   722.1425	     2.8337	    95.4996	    22.3338	 regenerative cooling, opposite flow
   80.5244	    44.4159	     6.1479	 13423.6877	     0.0000	 13423.6877	   829.9987	   829.9987	   762.8803	   721.4789	     2.8370	    95.2859	    22.3839	 regenerative cooling, opposite flow
   80.7581	    44.4159	     6.1474	 13427.9054	     0.0000	 13427.9054	   829.3846	   829.3846	   762.2451	   720.8148	     2.8403	    95.0729	    22.4341	 regenerative cooling, opposite flow
   80.9918	    44.4159	     6.1469	 13432.1174	     0.0000	 13432.1174	   828.7701	   828.7701	   761.6095	   720.1504	     2.8436	    94.8604	    22.4843	 regenerative cooling, opposite flow
   81.2256	    44.4159	     6.1464	 13436.3236	     0.0000	 13436.3236	   828.1551	   828.1551	   760.9735	   719.4855	     2.8469	    94.6486	    22.5346	 regenerative cooling, opposite flow
   81.4593	    44.4159	     6.1459	 13440.5241	     0.0000	 13440.5241	   827.5398	   827.5398	   760.3372	   718.8202	     2.8501	    94.4373	    22.5851	 regenerative cooling, opposite flow
   81.6931	    44.4159	     6.1454	 13444.7189	     0.0000	 13444.7189	   826.9241	   826.9241	   759.7005	   718.1545	     2.8534	    94.2267	    22.6355	 regenerative cooling, opposite flow
   81.9268	    44.4159	     6.1449	 13448.9081	     0.0000	 13448.9081	   826.3080	   826.3080	   759.0635	   717.4884	     2.8567	    94.0167	    22.6861	 regenerative cooling, opposite flow
   82.1606	    44.4159	     6.1444	 13453.0918	     0.0000	 13453.0918	   825.6916	   825.6916	   758.4261	   716.8219	     2.8599	    93.8072	    22.7368	 regenerative cooling, opposite flow
   82.3943	    44.4159	     6.1439	 13457.2699	     0.0000	 13457.2699	   825.0747	   825.0747	   757.7883	   716.1550	     2.8632	    93.5984	    22.7875	 regenerative cooling, opposite flow
   82.6280	    44.4159	     6.1434	 13461.4427	     0.0000	 13461.4427	   824.4574	   824.4574	   757.1502	   715.4877	     2.8664	    93.3901	    22.8383	 regenerative cooling, opposite flow
   82.8618	    44.4159	     6.1429	 13465.6100	     0.0000	 13465.6100	   823.8398	   823.8398	   756.5118	   714.8199	     2.8696	    93.1824	    22.8892	 regenerative cooling, opposite flow
   83.0955	    44.4159	     6.1424	 13469.7720	     0.0000	 13469.7720	   823.2218	   823.2218	   755.8730	   714.1518	     2.8728	    92.9753	    22.9402	 regenerative cooling, opposite flow
   83.3293	    44.4159	     6.1419	 13473.9287	     0.0000	 13473.9287	   822.6034	   822.6034	   755.2338	   713.4833	     2.8761	    92.7688	    22.9913	 regenerative cooling, opposite flow
   83.5630	    44.4159	     6.1414	 13478.0802	     0.0000	 13478.0802	   821.9847	   821.9847	   754.5943	   712.8143	     2.8793	    92.5628	    23.0424	 regenerative cooling, opposite flow
   83.7968	    44.4159	     6.1409	 13482.2265	     0.0000	 13482.2265	   821.3655	   821.3655	   753.9544	   712.1450	     2.8825	    92.3574	    23.0937	 regenerative cooling, opposite flow
   84.0305	    44.4159	     6.1404	 13486.3676	     0.0000	 13486.3676	   820.7460	   820.7460	   753.3142	   711.4752	     2.8857	    92.1526	    23.1450	 regenerative cooling, opposite flow
   84.2642	    44.4159	     6.1399	 13490.5037	     0.0000	 13490.5037	   820.1261	   820.1261	   752.6736	   710.8051	     2.8889	    91.9483	    23.1964	 regenerative cooling, opposite flow
   84.4980	    44.4159	     6.1395	 13494.6346	     0.0000	 13494.6346	   819.5058	   819.5058	   752.0327	   710.1346	     2.8920	    91.7445	    23.2480	 regenerative cooling, opposite flow
   84.7317	    44.4159	     6.1390	 13498.7606	     0.0000	 13498.7606	   818.8852	   818.8852	   751.3914	   709.4636	     2.8952	    91.5413	    23.2996	 regenerative cooling, opposite flow
   84.9655	    44.4159	     6.1385	 13502.8817	     0.0000	 13502.8817	   818.2642	   818.2642	   750.7498	   708.7923	     2.8984	    91.3387	    23.3513	 regenerative cooling, opposite flow
   85.1992	    44.4159	     6.1380	 13506.9978	     0.0000	 13506.9978	   817.6428	   817.6428	   750.1078	   708.1205	     2.9015	    91.1365	    23.4030	 regenerative cooling, opposite flow
   85.4330	    44.4159	     6.1375	 13511.1091	     0.0000	 13511.1091	   817.0211	   817.0211	   749.4655	   707.4484	     2.9047	    90.9349	    23.4549	 regenerative cooling, opposite flow
   85.6667	    44.4159	     6.1370	 13515.2155	     0.0000	 13515.2155	   816.3989	   816.3989	   748.8229	   706.7758	     2.9078	    90.7339	    23.5069	 regenerative cooling, opposite flow
   85.9004	    44.4159	     6.1365	 13519.3171	     0.0000	 13519.3171	   815.7765	   815.7765	   748.1799	   706.1029	     2.9110	    90.5333	    23.5590	 regenerative cooling, opposite flow
   86.1342	    44.4159	     6.1360	 13523.4140	     0.0000	 13523.4140	   815.1536	   815.1536	   747.5366	   705.4295	     2.9141	    90.3333	    23.6111	 regenerative cooling, opposite flow
   86.3679	    44.4159	     6.1355	 13527.5063	     0.0000	 13527.5063	   814.5304	   814.5304	   746.8929	   704.7558	     2.9172	    90.1338	    23.6634	 regenerative cooling, opposite flow
   86.6017	    44.4159	     6.1350	 13531.5938	     0.0000	 13531.5938	   813.9069	   813.9069	   746.2489	   704.0817	     2.9204	    89.9348	    23.7158	 regenerative cooling, opposite flow
   86.8354	    44.4159	     6.1345	 13535.6767	     0.0000	 13535.6767	   813.2829	   813.2829	   745.6045	   703.4072	     2.9235	    89.7363	    23.7682	 regenerative cooling, opposite flow
   87.0691	    44.4159	     6.1341	 13539.9161	     0.0000	 13539.9161	   812.6599	   812.6599	   744.9604	   702.7322	     2.9266	    89.5383	    23.8208	 regenerative cooling, opposite flow
   87.3029	    44.4159	     6.1336	 13543.9909	     0.0000	 13543.9909	   812.0353	   812.0353	   744.3154	   702.0569	     2.9297	    89.3408	    23.8734	 regenerative cooling, opposite flow
   87.5366	    44.4159	     6.1331	 13548.0612	     0.0000	 13548.0612	   811.4103	   811.4103	   743.6700	   701.3812	     2.9328	    89.1438	    23.9262	 regenerative cooling, opposite flow
   87.7704	    44.4159	     6.1326	 13552.1270	     0.0000	 13552.1270	   810.7850	   810.7850	   743.0243	   700.7051	     2.9359	    88.9473	    23.9791	 regenerative cooling, opposite flow
   88.0041	    44.4159	     6.1321	 13556.1883	     0.0000	 13556.1883	   810.1593	   810.1593	   742.3783	   700.0286	     2.9389	    88.7513	    24.0320	 regenerative cooling, opposite flow
   88.2379	    44.4159	     6.1316	 13560.2453	     0.0000	 13560.2453	   809.5332	   809.5332	   741.7320	   699.3517	     2.9420	    88.5557	    24.0851	 regenerative cooling, opposite flow
   88.4716	    44.4159	     6.1311	 13564.2979	     0.0000	 13564.2979	   808.9068	   808.9068	   741.0853	   698.6744	     2.9451	    88.3607	    24.1383	 regenerative cooling, opposite flow
   88.7053	    44.4159	     6.1306	 13568.3462	     0.0000	 13568.3462	   808.2801	   808.2801	   740.4384	   697.9968	     2.9481	    88.1661	    24.1915	 regenerative cooling, opposite flow
   88.9391	    44.4159	     6.1302	 13572.3902	     0.0000	 13572.3902	   807.6530	   807.6530	   739.7910	   697.3187	     2.9512	    87.9720	    24.2449	 regenerative cooling, opposite flow
   89.1728	    44.4159	     6.1297	 13576.4300	     0.0000	 13576.4300	   807.0256	   807.0256	   739.1434	   696.6403	     2.9542	    87.7783	    24.2984	 regenerative cooling, opposite flow
   89.4066	    44.4159	     6.1292	 13580.4655	     0.0000	 13580.4655	   806.3978	   806.3978	   738.4955	   695.9614	     2.9573	    87.5852	    24.3520	 regenerative cooling, opposite flow
   89.6403	    44.4159	     6.1287	 13584.4969	     0.0000	 13584.4969	   805.7697	   805.7697	   737.8472	   695.2822	     2.9603	    87.3924	    24.4057	 regenerative cooling, opposite flow
   89.8741	    44.4159	     6.1282	 13588.5239	     0.0000	 13588.5239	   805.1412	   805.1412	   737.1986	   694.6026	     2.9633	    87.2002	    24.4595	 regenerative cooling, opposite flow
   90.1078	    44.4159	     6.1277	 13592.5474	     0.0000	 13592.5474	   804.5124	   804.5124	   736.5497	   693.9226	     2.9663	    87.0084	    24.5134	 regenerative cooling, opposite flow
   90.3415	    44.4159	     6.1272	 13596.5702	     0.0000	 13596.5702	   803.8833	   803.8833	   735.9005	   693.2423	     2.9693	    86.8170	    24.5674	 regenerative cooling, opposite flow
   90.5753	    44.4156	     6.1268	 13600.7181	     0.0000	 13600.7181	   803.2546	   803.2546	   735.2510	   692.5615	     2.9723	    86.6266	    24.6216	 regenerative cooling, opposite flow
   90.8090	    44.4148	     6.1265	 13605.2016	     0.0000	 13605.2016	   802.6276	   802.6276	   734.6016	   691.8803	     2.9753	    86.4377	    24.6759	 regenerative cooling, opposite flow
   91.0428	    44.4132	     6.1265	 13610.1046	     0.0000	 13610.1046	   802.0027	   802.0027	   733.9522	   691.1988	     2.9783	    86.2507	    24.7302	 regenerative cooling, opposite flow
   91.2765	    44.4108	     6.1266	 13615.4252	     0.0000	 13615.4252	   801.3799	   801.3799	   733.3028	   690.5168	     2.9813	    86.0655	    24.7847	 regenerative cooling, opposite flow
   91.5103	    44.4076	     6.1269	 13621.1645	     0.0000	 13621.1645	   800.7593	   800.7593	   732.6534	   689.8343	     2.9843	    85.8821	    24.8393	 regenerative cooling, opposite flow
   91.7440	    44.4037	     6.1274	 13627.3233	     0.0000	 13627.3233	   800.1407	   800.1407	   732.0041	   689.1514	     2.9873	    85.7005	    24.8941	 regenerative cooling, opposite flow
   91.9777	    44.3991	     6.1281	 13633.9025	     0.0000	 13633.9025	   799.5242	   799.5242	   731.3547	   688.4680	     2.9902	    85.5207	    24.9490	 regenerative cooling, opposite flow
   92.2115	    44.3937	     6.1291	 13640.9031	     0.0000	 13640.9031	   798.9098	   798.9098	   730.7053	   687.7840	     2.9932	    85.3426	    25.0040	 regenerative cooling, opposite flow
   92.4452	    44.3875	     6.1302	 13648.3261	     0.0000	 13648.3261	   798.2974	   798.2974	   730.0558	   687.0996	     2.9962	    85.1663	    25.0591	 regenerative cooling, opposite flow
   92.6790	    44.3806	     6.1315	 13656.1728	     0.0000	 13656.1728	   797.6872	   797.6872	   729.4063	   686.4147	     2.9991	    84.9917	    25.1144	 regenerative cooling, opposite flow
   92.9127	    44.3729	     6.1330	 13664.4442	     0.0000	 13664.4442	   797.0790	   797.0790	   728.7567	   685.7292	     3.0020	    84.8188	    25.1698	 regenerative cooling, opposite flow
   93.1465	    44.3644	     6.1347	 13673.1412	     0.0000	 13673.1412	   796.4728	   796.4728	   728.1071	   685.0431	     3.0050	    84.6476	    25.2254	 regenerative cooling, opposite flow
   93.3802	    44.3552	     6.1366	 13682.2661	     0.0000	 13682.2661	   795.8687	   795.8687	   727.4573	   684.3565	     3.0079	    84.4780	    25.2811	 regenerative cooling, opposite flow
   93.6139	    44.3452	     6.1387	 13691.8197	     0.0000	 13691.8197	   795.2666	   795.2666	   726.8075	   683.6692	     3.0109	    84.3101	    25.3370	 regenerative cooling, opposite flow
   93.8477	    44.3345	     6.1410	 13701.8036	     0.0000	 13701.8036	   794.6665	   794.6665	   726.1575	   682.9814	     3.0138	    84.1439	    25.3930	 regenerative cooling, opposite flow
   94.0814	    44.3229	     6.1435	 13712.2193	     0.0000	 13712.2193	   794.0685	   794.0685	   725.5074	   682.2929	     3.0167	    83.9792	    25.4492	 regenerative cooling, opposite flow
   94.3152	    44.3107	     6.1462	 13723.0686	     0.0000	 13723.0686	   793.4725	   793.4725	   724.8571	   681.6038	     3.0196	    83.8162	    25.5055	 regenerative cooling, opposite flow
   94.5489	    44.2976	     6.1491	 13734.3531	     0.0000	 13734.3531	   792.8785	   792.8785	   724.2067	   680.9140	     3.0225	    83.6547	    25.5620	 regenerative cooling, opposite flow
   94.7827	    44.2838	     6.1522	 13746.0747	     0.0000	 13746.0747	   792.2865	   792.2865	   723.5561	   680.2236	     3.0255	    83.4948	    25.6187	 regenerative cooling, opposite flow
   95.0164	    44.2693	     6.1555	 13758.2351	     0.0000	 13758.2351	   791.6966	   791.6966	   722.9054	   679.5325	     3.0284	    83.3365	    25.6756	 regenerative cooling, opposite flow
   95.2501	    44.2540	     6.1590	 13770.8365	     0.0000	 13770.8365	   791.1086	   791.1086	   722.2544	   678.8406	     3.0313	    83.1797	    25.7326	 regenerative cooling, opposite flow
   95.4839	    44.2379	     6.1627	 13783.8807	     0.0000	 13783.8807	   790.5226	   790.5226	   721.6032	   678.1480	     3.0342	    83.0244	    25.7898	 regenerative cooling, opposite flow
   95.7176	    44.2210	     6.1666	 13797.3700	     0.0000	 13797.3700	   789.9387	   789.9387	   720.9518	   677.4547	     3.0371	    82.8706	    25.8472	 regenerative cooling, opposite flow
   95.9514	    44.2034	     6.1707	 13811.3065	     0.0000	 13811.3065	   789.3567	   789.3567	   720.3002	   676.7606	     3.0400	    82.7184	    25.9048	 regenerative cooling, opposite flow
   96.1851	    44.1850	     6.1751	 13825.6926	     0.0000	 13825.6926	   788.7768	   788.7768	   719.6483	   676.0658	     3.0429	    82.5676	    25.9625	 regenerative cooling, opposite flow
   96.4189	    44.1659	     6.1796	 13840.5305	     0.0000	 13840.5305	   788.1988	   788.1988	   718.9962	   675.3702	     3.0457	    82.4183	    26.0205	 regenerative cooling, opposite flow
   96.6526	    44.1459	     6.1843	 13855.8228	     0.0000	 13855.8228	   787.6229	   787.6229	   718.3438	   674.6737	     3.0486	    82.2704	    26.0786	 regenerative cooling, opposite flow
   96.8863	    44.1252	     6.1893	 13871.5719	     0.0000	 13871.5719	   787.0489	   787.0489	   717.6910	   673.9764	     3.0515	    82.1240	    26.1370	 regenerative cooling, opposite flow
   97.1201	    44.1038	     6.1944	 13887.7806	     0.0000	 13887.7806	   786.4769	   786.4769	   717.0380	   673.2783	     3.0544	    81.9790	    26.1955	 regenerative cooling, opposite flow
   97.3538	    44.0816	     6.1998	 13904.4515	     0.0000	 13904.4515	   785.9070	   785.9070	   716.3847	   672.5793	     3.0573	    81.8354	    26.2543	 regenerative cooling, opposite flow
   97.5876	    44.0586	     6.2054	 13921.5874	     0.0000	 13921.5874	   785.3390	   785.3390	   715.7311	   671.8794	     3.0602	    81.6933	    26.3133	 regenerative cooling, opposite flow
   97.8213	    44.0348	     6.2112	 13939.1912	     0.0000	 13939.1912	   784.7730	   784.7730	   715.0771	   671.1787	     3.0630	    81.5525	    26.3725	 regenerative cooling, opposite flow
   98.0551	    44.0102	     6.2172	 13957.2659	     0.0000	 13957.2659	   784.2090	   784.2090	   714.4227	   670.4770	     3.0659	    81.4131	    26.4319	 regenerative cooling, opposite flow
   98.2888	    43.9849	     6.2234	 13975.8146	     0.0000	 13975.8146	   783.6471	   783.6471	   713.7680	   669.7744	     3.0688	    81.2751	    26.4915	 regenerative cooling, opposite flow
   98.5225	    43.9588	     6.2298	 13994.8404	     0.0000	 13994.8404	   783.0871	   783.0871	   713.1129	   669.0708	     3.0716	    81.1384	    26.5514	 regenerative cooling, opposite flow
   98.7563	    43.9320	     6.2365	 14014.3466	     0.0000	 14014.3466	   782.5291	   782.5291	   712.4574	   668.3663	     3.0745	    81.0030	    26.6115	 regenerative cooling, opposite flow
   98.9900	    43.9043	     6.2434	 14034.3365	     0.0000	 14034.3365	   781.9732	   781.9732	   711.8015	   667.6608	     3.0774	    80.8690	    26.6719	 regenerative cooling, opposite flow
   99.2238	    43.8759	     6.2504	 14054.8137	     0.0000	 14054.8137	   781.4193	   781.4193	   711.1452	   666.9543	     3.0803	    80.7364	    26.7324	 regenerative cooling, opposite flow
   99.4575	    43.8467	     6.2578	 14075.7816	     0.0000	 14075.7816	   780.8674	   780.8674	   710.4884	   666.2468	     3.0831	    80.6050	    26.7933	 regenerative cooling, opposite flow
   99.6913	    43.8168	     6.2653	 14097.2440	     0.0000	 14097.2440	   780.3175	   780.3175	   709.8312	   665.5382	     3.0860	    80.4749	    26.8543	 regenerative cooling, opposite flow
   99.9250	    43.7860	     6.2730	 14119.2045	     0.0000	 14119.2045	   779.7696	   779.7696	   709.1736	   664.8286	     3.0889	    80.3461	    26.9157	 regenerative cooling, opposite flow
  100.1587	    43.7545	     6.2810	 14141.6671	     0.0000	 14141.6671	   779.2238	   779.2238	   708.5155	   664.1179	     3.0917	    80.2186	    26.9773	 regenerative cooling, opposite flow
  100.3925	    43.7222	     6.2892	 14164.6357	     0.0000	 14164.6357	   778.6800	   778.6800	   707.8569	   663.4061	     3.0946	    80.0923	    27.0391	 regenerative cooling, opposite flow
  100.6262	    43.6891	     6.2977	 14188.1144	     0.0000	 14188.1144	   778.1383	   778.1383	   707.1978	   662.6932	     3.0975	    79.9674	    27.1012	 regenerative cooling, opposite flow
  100.8600	    43.6552	     6.3063	 14212.1074	     0.0000	 14212.1074	   777.5987	   777.5987	   706.5381	   661.9792	     3.1003	    79.8436	    27.1636	 regenerative cooling, opposite flow
  101.0937	    43.6206	     6.3152	 14236.6189	     0.0000	 14236.6189	   777.0611	   777.0611	   705.8780	   661.2640	     3.1032	    79.7211	    27.2263	 regenerative cooling, opposite flow
  101.3275	    43.5851	     6.3244	 14261.6534	     0.0000	 14261.6534	   776.5256	   776.5256	   705.2173	   660.5477	     3.1061	    79.5998	    27.2892	 regenerative cooling, opposite flow
  101.5612	    43.5489	     6.3337	 14287.2155	     0.0000	 14287.2155	   775.9921	   775.9921	   704.5561	   659.8301	     3.1089	    79.4797	    27.3525	 regenerative cooling, opposite flow
  101.7949	    43.5119	     6.3434	 14313.3096	     0.0000	 14313.3096	   775.4608	   775.4608	   703.8943	   659.1114	     3.1118	    79.3608	    27.4160	 regenerative cooling, opposite flow
  102.0287	    43.4741	     6.3532	 14339.9407	     0.0000	 14339.9407	   774.9316	   774.9316	   703.2319	   658.3914	     3.1147	    79.2431	    27.4798	 regenerative cooling, opposite flow
  102.2624	    43.4355	     6.3633	 14367.1136	     0.0000	 14367.1136	   774.4045	   774.4045	   702.5689	   657.6702	     3.1176	    79.1266	    27.5439	 regenerative cooling, opposite flow
  102.4962	    43.3961	     6.3736	 14394.8332	     0.0000	 14394.8332	   773.8795	   773.8795	   701.9053	   656.9477	     3.1204	    79.0113	    27.6084	 regenerative cooling, opposite flow
  102.7299	    43.3559	     6.3842	 14423.1048	     0.0000	 14423.1048	   773.3567	   773.3567	   701.2412	   656.2240	     3.1233	    78.8972	    27.6731	 regenerative cooling, opposite flow
  102.9637	    43.3149	     6.3950	 14451.9335	     0.0000	 14451.9335	   772.8360	   772.8360	   700.5763	   655.4989	     3.1262	    78.7842	    27.7382	 regenerative cooling, opposite flow
  103.1974	    43.2731	     6.4061	 14481.3248	     0.0000	 14481.3248	   772.3175	   772.3175	   699.9109	   654.7725	     3.1291	    78.6723	    27.8036	 regenerative cooling, opposite flow
  103.4311	    43.2306	     6.4174	 14511.2842	     0.0000	 14511.2842	   771.8012	   771.8012	   699.2447	   654.0448	     3.1319	    78.5616	    27.8693	 regenerative cooling, opposite flow
  103.6649	    43.1872	     6.4290	 14541.8174	     0.0000	 14541.8174	   771.2870	   771.2870	   698.5779	   653.3157	     3.1348	    78.4520	    27.9353	 regenerative cooling, opposite flow
  103.8986	    43.1430	     6.4409	 14572.9301	     0.0000	 14572.9301	   770.7751	   770.7751	   697.9105	   652.5852	     3.1377	    78.3435	    28.0017	 regenerative cooling, opposite flow
  104.1324	    43.0981	     6.4530	 14604.6283	     0.0000	 14604.6283	   770.2654	   770.2654	   697.2423	   651.8534	     3.1406	    78.2362	    28.0684	 regenerative cooling, opposite flow
  104.3661	    43.0523	     6.4653	 14636.9180	     0.0000	 14636.9180	   769.7580	   769.7580	   696.5734	   651.1200	     3.1435	    78.1299	    28.1355	 regenerative cooling, opposite flow
  104.5999	    43.0057	     6.4779	 14669.8055	     0.0000	 14669.8055	   769.2528	   769.2528	   695.9038	   650.3853	     3.1464	    78.0248	    28.2029	 regenerative cooling, opposite flow
  104.8336	    42.9583	     6.4908	 14703.2972	     0.0000	 14703.2972	   768.7499	   768.7499	   695.2334	   649.6491	     3.1493	    77.9207	    28.2707	 regenerative cooling, opposite flow
  105.0673	    42.9101	     6.5040	 14737.3996	     0.0000	 14737.3996	   768.2493	   768.2493	   694.5623	   648.9114	     3.1522	    77.8177	    28.3389	 regenerative cooling, opposite flow
  105.3011	    42.8611	     6.5174	 14772.1194	     0.0000	 14772.1194	   767.7510	   767.7510	   693.8904	   648.1721	     3.1551	    77.7158	    28.4074	 regenerative cooling, opposite flow
  105.5348	    42.8113	     6.5312	 14807.4634	     0.0000	 14807.4634	   767.2551	   767.2551	   693.2178	   647.4314	     3.1580	    77.6150	    28.4764	 regenerative cooling, opposite flow
  105.7686	    42.7607	     6.5452	 14843.4387	     0.0000	 14843.4387	   766.7615	   766.7615	   692.5443	   646.6891	     3.1609	    77.5152	    28.5457	 regenerative cooling, opposite flow
  106.0023	    42.7093	     6.5594	 14880.0524	     0.0000	 14880.0524	   766.2703	   766.2703	   691.8700	   645.9452	     3.1638	    77.4164	    28.6154	 regenerative cooling, opposite flow
  106.2360	    42.6570	     6.5740	 14917.3119	     0.0000	 14917.3119	   765.7815	   765.7815	   691.1950	   645.1997	     3.1667	    77.3187	    28.6855	 regenerative cooling, opposite flow
  106.4698	    42.6039	     6.5888	 14955.2246	     0.0000	 14955.2246	   765.2952	   765.2952	   690.5191	   644.4526	     3.1696	    77.2220	    28.7560	 regenerative cooling, opposite flow
  106.7035	    42.5500	     6.6040	 14993.7984	     0.0000	 14993.7984	   764.8113	   764.8113	   689.8423	   643.7039	     3.1726	    77.1264	    28.8269	 regenerative cooling, opposite flow
  106.9373	    42.4953	     6.6194	 15033.0410	     0.0000	 15033.0410	   764.3299	   764.3299	   689.1647	   642.9535	     3.1755	    77.0317	    28.8983	 regenerative cooling, opposite flow
  107.1710	    42.4398	     6.6351	 15072.9605	     0.0000	 15072.9605	   763.8510	   763.8510	   688.4862	   642.2014	     3.1784	    76.9381	    28.9701	 regenerative cooling, opposite flow
  107.4048	    42.3834	     6.6512	 15113.5653	     0.0000	 15113.5653	   763.3746	   763.3746	   687.8068	   641.4477	     3.1814	    76.8455	    29.0423	 regenerative cooling, opposite flow
  107.6385	    42.3262	     6.6675	 15154.8637	     0.0000	 15154.8637	   762.9008	   762.9008	   687.1265	   640.6921	     3.1843	    76.7538	    29.1150	 regenerative cooling, opposite flow
  107.8722	    42.2682	     6.6842	 15196.8644	     0.0000	 15196.8644	   762.4296	   762.4296	   686.4453	   639.9349	     3.1872	    76.6632	    29.1881	 regenerative cooling, opposite flow
  108.1060	    42.2093	     6.7011	 15239.5762	     0.0000	 15239.5762	   761.9610	   761.9610	   685.7632	   639.1758	     3.1902	    76.5735	    29.2616	 regenerative cooling, opposite flow
  108.3397	    42.1497	     6.7184	 15283.0083	     0.0000	 15283.0083	   761.4951	   761.4951	   685.0801	   638.4150	     3.1932	    76.4848	    29.3357	 regenerative cooling, opposite flow
  108.5735	    42.0891	     6.7360	 15327.1699	     0.0000	 15327.1699	   761.0319	   761.0319	   684.3961	   637.6523	     3.1961	    76.3971	    29.4102	 regenerative cooling, opposite flow
  108.8072	    42.0278	     6.7539	 15372.0704	     0.0000	 15372.0704	   760.5714	   760.5714	   683.7110	   636.8878	     3.1991	    76.3103	    29.4852	 regenerative cooling, opposite flow
  109.0410	    41.9656	     6.7722	 15417.7197	     0.0000	 15417.7197	   760.1137	   760.1137	   683.0251	   636.1214	     3.2021	    76.2245	    29.5607	 regenerative cooling, opposite flow
  109.2747	    41.9025	     6.7907	 15464.1276	     0.0000	 15464.1276	   759.6587	   759.6587	   682.3381	   635.3531	     3.2050	    76.1396	    29.6367	 regenerative cooling, opposite flow
  109.5084	    41.8386	     6.8097	 15511.3044	     0.0000	 15511.3044	   759.2066	   759.2066	   681.6501	   634.5828	     3.2080	    76.0557	    29.7132	 regenerative cooling, opposite flow
  109.7422	    41.7739	     6.8289	 15559.2604	     0.0000	 15559.2604	   758.7573	   758.7573	   680.9610	   633.8107	     3.2110	    75.9727	    29.7902	 regenerative cooling, opposite flow
  109.9759	    41.7083	     6.8485	 15608.0064	     0.0000	 15608.0064	   758.3110	   758.3110	   680.2710	   633.0365	     3.2140	    75.8906	    29.8678	 regenerative cooling, opposite flow
  110.2097	    41.6418	     6.8685	 15657.5533	     0.0000	 15657.5533	   757.8676	   757.8676	   679.5799	   632.2604	     3.2170	    75.8094	    29.9458	 regenerative cooling, opposite flow
  110.4434	    41.5745	     6.8888	 15707.9122	     0.0000	 15707.9122	   757.4272	   757.4272	   678.8877	   631.4822	     3.2201	    75.7291	    30.0245	 regenerative cooling, opposite flow
  110.6772	    41.5064	     6.9095	 15759.0945	     0.0000	 15759.0945	   756.9899	   756.9899	   678.1944	   630.7020	     3.2231	    75.6498	    30.1037	 regenerative cooling, opposite flow
  110.9109	    41.4374	     6.9305	 15811.1122	     0.0000	 15811.1122	   756.5556	   756.5556	   677.5001	   629.9198	     3.2261	    75.5713	    30.1834	 regenerative cooling, opposite flow
  111.1446	    41.3675	     6.9520	 15863.9770	     0.0000	 15863.9770	   756.1245	   756.1245	   676.8046	   629.1354	     3.2292	    75.4937	    30.2637	 regenerative cooling, opposite flow
  111.3784	    41.2967	     6.9738	 15917.7014	     0.0000	 15917.7014	   755.6965	   755.6965	   676.1080	   628.3489	     3.2322	    75.4170	    30.3446	 regenerative cooling, opposite flow
  111.6121	    41.2251	     6.9959	 15972.2978	     0.0000	 15972.2978	   755.2718	   755.2718	   675.4103	   627.5602	     3.2353	    75.3412	    30.4261	 regenerative cooling, opposite flow
  111.8459	    41.1526	     7.0185	 16027.7792	     0.0000	 16027.7792	   754.8503	   754.8503	   674.7114	   626.7694	     3.2383	    75.2663	    30.5083	 regenerative cooling, opposite flow
  112.0796	    41.0793	     7.0415	 16084.1588	     0.0000	 16084.1588	   754.4322	   754.4322	   674.0114	   625.9764	     3.2414	    75.1922	    30.5910	 regenerative cooling, opposite flow
  112.3134	    41.0051	     7.0648	 16141.4501	     0.0000	 16141.4501	   754.0175	   754.0175	   673.3102	   625.1811	     3.2445	    75.1190	    30.6744	 regenerative cooling, opposite flow
  112.5471	    40.9300	     7.0886	 16199.6669	     0.0000	 16199.6669	   753.6061	   753.6061	   672.6078	   624.3835	     3.2476	    75.0466	    30.7584	 regenerative cooling, opposite flow
  112.7808	    40.8540	     7.1127	 16258.8235	     0.0000	 16258.8235	   753.1983	   753.1983	   671.9042	   623.5837	     3.2507	    74.9751	    30.8430	 regenerative cooling, opposite flow
  113.0146	    40.7771	     7.1373	 16318.9342	     0.0000	 16318.9342	   752.7941	   752.7941	   671.1994	   622.7816	     3.2538	    74.9043	    30.9283	 regenerative cooling, opposite flow
  113.2483	    40.6993	     7.1624	 16380.0140	     0.0000	 16380.0140	   752.3935	   752.3935	   670.4934	   621.9771	     3.2569	    74.8345	    31.0143	 regenerative cooling, opposite flow
  113.4821	    40.6207	     7.1878	 16442.0782	     0.0000	 16442.0782	   751.9965	   751.9965	   669.7861	   621.1702	     3.2600	    74.7654	    31.1010	 regenerative cooling, opposite flow
  113.7158	    40.5411	     7.2137	 16505.1424	     0.0000	 16505.1424	   751.6033	   751.6033	   669.0776	   620.3610	     3.2632	    74.6972	    31.1884	 regenerative cooling, opposite flow
  113.9496	    40.4607	     7.2400	 16569.2224	     0.0000	 16569.2224	   751.2139	   751.2139	   668.3678	   619.5493	     3.2663	    74.6298	    31.2765	 regenerative cooling, opposite flow
  114.1833	    40.3793	     7.2668	 16634.3349	     0.0000	 16634.3349	   750.8284	   750.8284	   667.6567	   618.7351	     3.2695	    74.5631	    31.3653	 regenerative cooling, opposite flow
  114.4170	    40.2971	     7.2940	 16700.4964	     0.0000	 16700.4964	   750.4469	   750.4469	   666.9444	   617.9185	     3.2727	    74.4973	    31.4549	 regenerative cooling, opposite flow
  114.6508	    40.2139	     7.3218	 16767.7243	     0.0000	 16767.7243	   750.0693	   750.0693	   666.2307	   617.0993	     3.2758	    74.4323	    31.5452	 regenerative cooling, opposite flow
  114.8845	    40.1298	     7.3499	 16836.0362	     0.0000	 16836.0362	   749.6959	   749.6959	   665.5158	   616.2776	     3.2790	    74.3680	    31.6363	 regenerative cooling, opposite flow
  115.1183	    40.0449	     7.3786	 16905.4502	     0.0000	 16905.4502	   749.3267	   749.3267	   664.7994	   615.4533	     3.2822	    74.3045	    31.7282	 regenerative cooling, opposite flow
  115.3520	    39.9590	     7.4078	 16975.9848	     0.0000	 16975.9848	   748.9617	   748.9617	   664.0818	   614.6264	     3.2855	    74.2418	    31.8209	 regenerative cooling, opposite flow
  115.5858	    39.8722	     7.4374	 17047.6590	     0.0000	 17047.6590	   748.6011	   748.6011	   663.3628	   613.7969	     3.2887	    74.1798	    31.9143	 regenerative cooling, opposite flow
  115.8195	    39.7844	     7.4676	 17120.4924	     0.0000	 17120.4924	   748.2449	   748.2449	   662.6424	   612.9647	     3.2919	    74.1186	    32.0087	 regenerative cooling, opposite flow
  116.0532	    39.6957	     7.4983	 17194.5049	     0.0000	 17194.5049	   747.8932	   747.8932	   661.9207	   612.1298	     3.2952	    74.0581	    32.1038	 regenerative cooling, opposite flow
  116.2870	    39.6061	     7.5295	 17269.7169	     0.0000	 17269.7169	   747.5462	   747.5462	   661.1976	   611.2921	     3.2985	    73.9984	    32.1999	 regenerative cooling, opposite flow
  116.5207	    39.5156	     7.5612	 17346.1496	     0.0000	 17346.1496	   747.2038	   747.2038	   660.4731	   610.4517	     3.3018	    73.9394	    32.2968	 regenerative cooling, opposite flow
  116.7545	    39.4241	     7.5935	 17423.8245	     0.0000	 17423.8245	   746.8663	   746.8663	   659.7471	   609.6085	     3.3050	    73.8811	    32.3946	 regenerative cooling, opposite flow
  116.9882	    39.3317	     7.6264	 17502.7637	     0.0000	 17502.7637	   746.5336	   746.5336	   659.0198	   608.7625	     3.3084	    73.8235	    32.4934	 regenerative cooling, opposite flow
  117.2220	    39.2383	     7.6598	 17582.9899	     0.0000	 17582.9899	   746.2060	   746.2060	   658.2910	   607.9136	     3.3117	    73.7666	    32.5930	 regenerative cooling, opposite flow
  117.4557	    39.1440	     7.6938	 17664.5264	     0.0000	 17664.5264	   745.8834	   745.8834	   657.5608	   607.0618	     3.3150	    73.7104	    32.6936	 regenerative cooling, opposite flow
  117.6894	    39.0488	     7.7283	 17747.3970	     0.0000	 17747.3970	   745.5661	   745.5661	   656.8291	   606.2071	     3.3184	    73.6549	    32.7952	 regenerative cooling, opposite flow
  117.9232	    38.9525	     7.7635	 17831.6264	     0.0000	 17831.6264	   745.2541	   745.2541	   656.0960	   605.3494	     3.3218	    73.6001	    32.8978	 regenerative cooling, opposite flow
  118.1569	    38.8553	     7.7993	 17917.2397	     0.0000	 17917.2397	   744.9476	   744.9476	   655.3614	   604.4887	     3.3251	    73.5460	    33.0014	 regenerative cooling, opposite flow
  118.3907	    38.7572	     7.8357	 18004.2627	     0.0000	 18004.2627	   744.6466	   744.6466	   654.6253	   603.6250	     3.3285	    73.4925	    33.1061	 regenerative cooling, opposite flow
  118.6244	    38.6581	     7.8727	 18092.7220	     0.0000	 18092.7220	   744.3514	   744.3514	   653.8878	   602.7582	     3.3320	    73.4397	    33.2118	 regenerative cooling, opposite flow
  118.8582	    38.5580	     7.9104	 18182.6447	     0.0000	 18182.6447	   744.0619	   744.0619	   653.1487	   601.8884	     3.3354	    73.3875	    33.3185	 regenerative cooling, opposite flow
  119.0919	    38.4569	     7.9487	 18274.0590	     0.0000	 18274.0590	   743.7784	   743.7784	   652.4081	   601.0154	     3.3389	    73.3360	    33.4264	 regenerative cooling, opposite flow
  119.3256	    38.3548	     7.9876	 18366.7939	     0.0000	 18366.7939	   743.4995	   743.4995	   651.6655	   600.1392	     3.3423	    73.2851	    33.5354	 regenerative cooling, opposite flow
  119.5594	    38.2517	     8.0273	 18461.2769	     0.0000	 18461.2769	   743.2283	   743.2283	   650.9219	   599.2599	     3.3458	    73.2348	    33.6455	 regenerative cooling, opposite flow
  119.7931	    38.1477	     8.0677	 18557.3399	     0.0000	 18557.3399	   742.9635	   742.9635	   650.1768	   598.3773	     3.3493	    73.1851	    33.7569	 regenerative cooling, opposite flow
  120.0269	    38.0426	     8.1088	 18655.0141	     0.0000	 18655.0141	   742.7053	   742.7053	   649.4302	   597.4914	     3.3528	    73.1360	    33.8694	 regenerative cooling, opposite flow
  120.2606	    37.9366	     8.1506	 18754.3316	     0.0000	 18754.3316	   742.4537	   742.4537	   648.6820	   596.6022	     3.3564	    73.0875	    33.9831	 regenerative cooling, opposite flow
  120.4944	    37.8295	     8.1931	 18855.3253	     0.0000	 18855.3253	   742.2089	   742.2089	   647.9323	   595.7097	     3.3600	    73.0396	    34.0981	 regenerative cooling, opposite flow
  120.7281	    37.7214	     8.2364	 18958.0289	     0.0000	 18958.0289	   741.9712	   741.9712	   647.1810	   594.8138	     3.3635	    72.9922	    34.2144	 regenerative cooling, opposite flow
  120.9618	    37.6123	     8.2805	 19062.4774	     0.0000	 19062.4774	   741.7406	   741.7406	   646.4282	   593.9145	     3.3671	    72.9454	    34.3319	 regenerative cooling, opposite flow
  121.1956	    37.5022	     8.3254	 19168.7064	     0.0000	 19168.7064	   741.5174	   741.5174	   645.6738	   593.0117	     3.3708	    72.8991	    34.4509	 regenerative cooling, opposite flow
  121.4293	    37.3911	     8.3711	 19276.7528	     0.0000	 19276.7528	   741.3017	   741.3017	   644.9179	   592.1055	     3.3744	    72.8533	    34.5711	 regenerative cooling, opposite flow
  121.6631	    37.2789	     8.4176	 19386.6543	     0.0000	 19386.6543	   741.0937	   741.0937	   644.1604	   591.1957	     3.3781	    72.8081	    34.6928	 regenerative cooling, opposite flow
  121.8968	    37.1657	     8.4649	 19498.4499	     0.0000	 19498.4499	   740.8936	   740.8936	   643.4014	   590.2823	     3.3818	    72.7634	    34.8159	 regenerative cooling, opposite flow
  122.1306	    37.0514	     8.5131	 19612.1797	     0.0000	 19612.1797	   740.7017	   740.7017	   642.6408	   589.3654	     3.3855	    72.7191	    34.9405	 regenerative cooling, opposite flow
  122.3643	    36.9361	     8.5621	 19727.8848	     0.0000	 19727.8848	   740.5181	   740.5181	   641.8786	   588.4448	     3.3892	    72.6754	    35.0666	 regenerative cooling, opposite flow
  122.5980	    36.8197	     8.6121	 19845.6077	     0.0000	 19845.6077	   740.3429	   740.3429	   641.1149	   587.5205	     3.3930	    72.6321	    35.1942	 regenerative cooling, opposite flow
  122.8318	    36.7023	     8.6630	 19965.3921	     0.0000	 19965.3921	   740.1766	   740.1766	   640.3496	   586.5926	     3.3967	    72.5892	    35.3234	 regenerative cooling, opposite flow
  123.0655	    36.5838	     8.7148	 20087.2828	     0.0000	 20087.2828	   740.0192	   740.0192	   639.5828	   585.6609	     3.4005	    72.5468	    35.4541	 regenerative cooling, opposite flow
  123.2993	    36.4642	     8.7675	 20211.3262	     0.0000	 20211.3262	   739.8711	   739.8711	   638.8144	   584.7253	     3.4044	    72.5048	    35.5866	 regenerative cooling, opposite flow
  123.5330	    36.3435	     8.8213	 20337.5699	     0.0000	 20337.5699	   739.7324	   739.7324	   638.0445	   583.7860	     3.4082	    72.4631	    35.7207	 regenerative cooling, opposite flow
  123.7668	    36.2218	     8.8760	 20466.0632	     0.0000	 20466.0632	   739.6034	   739.6034	   637.2731	   582.8428	     3.4121	    72.4219	    35.8565	 regenerative cooling, opposite flow
  124.0005	    36.0990	     8.9318	 20596.8565	     0.0000	 20596.8565	   739.4843	   739.4843	   636.5001	   581.8957	     3.4160	    72.3811	    35.9941	 regenerative cooling, opposite flow
  124.2342	    35.9750	     8.9886	 20730.0020	     0.0000	 20730.0020	   739.3756	   739.3756	   635.7256	   580.9447	     3.4200	    72.3405	    36.1335	 regenerative cooling, opposite flow
  124.4680	    35.8500	     9.0465	 20865.5534	     0.0000	 20865.5534	   739.2773	   739.2773	   634.9495	   579.9897	     3.4239	    72.3004	    36.2748	 regenerative cooling, opposite flow
  124.7017	    35.7238	     9.1055	 21003.5662	     0.0000	 21003.5662	   739.1899	   739.1899	   634.1720	   579.0306	     3.4279	    72.2605	    36.4180	 regenerative cooling, opposite flow
  124.9355	    35.5966	     9.1656	 21144.0975	     0.0000	 21144.0975	   739.1135	   739.1135	   633.3930	   578.0676	     3.4319	    72.2209	    36.5631	 regenerative cooling, opposite flow
  125.1692	    35.4682	     9.2269	 21287.2049	     0.0000	 21287.2049	   739.0486	   739.0486	   632.6126	   577.1004	     3.4360	    72.1816	    36.7103	 regenerative cooling, opposite flow
  125.4029	    35.3387	     9.2893	 21432.9517	     0.0000	 21432.9517	   738.9954	   738.9954	   631.8306	   576.1291	     3.4401	    72.1425	    36.8595	 regenerative cooling, opposite flow
  125.6367	    35.2080	     9.3530	 21581.3993	     0.0000	 21581.3993	   738.9543	   738.9543	   631.0473	   575.1537	     3.4442	    72.1037	    37.0108	 regenerative cooling, opposite flow
  125.8704	    35.0762	     9.4179	 21732.6124	     0.0000	 21732.6124	   738.9256	   738.9256	   630.2625	   574.1740	     3.4483	    72.0650	    37.1643	 regenerative cooling, opposite flow
  126.1042	    34.9432	     9.4841	 21886.6569	     0.0000	 21886.6569	   738.9096	   738.9096	   629.4763	   573.1901	     3.4525	    72.0266	    37.3200	 regenerative cooling, opposite flow
  126.3379	    34.8091	     9.5515	 22043.5748	     0.0000	 22043.5748	   738.9067	   738.9067	   628.6888	   572.2020	     3.4567	    71.9882	    37.4779	 regenerative cooling, opposite flow
  126.5717	    34.6743	     9.6201	 22202.9313	     0.0000	 22202.9313	   738.9152	   738.9152	   627.9006	   571.2105	     3.4609	    71.9493	    37.6382	 regenerative cooling, opposite flow
  126.8054	    34.5394	     9.6895	 22364.1327	     0.0000	 22364.1327	   738.9322	   738.9322	   627.1116	   570.2166	     3.4652	    71.9088	    37.8005	 regenerative cooling, opposite flow
  127.0391	    34.4044	     9.7596	 22527.0262	     0.0000	 22527.0262	   738.9577	   738.9577	   626.3226	   569.2206	     3.4695	    71.8668	    37.9650	 regenerative cooling, opposite flow
  127.2729	    34.2695	     9.8306	 22691.6377	     0.0000	 22691.6377	   738.9917	   738.9917	   625.5335	   568.2225	     3.4738	    71.8231	    38.1316	 regenerative cooling, opposite flow
  127.5066	    34.1345	     9.9023	 22857.9900	     0.0000	 22857.9900	   739.0343	   739.0343	   624.7444	   567.2224	     3.4781	    71.7778	    38.3004	 regenerative cooling, opposite flow
  127.7404	    33.9996	     9.9748	 23026.1061	     0.0000	 23026.1061	   739.0858	   739.0858	   623.9553	   566.2203	     3.4825	    71.7308	    38.4714	 regenerative cooling, opposite flow
  127.9741	    33.8646	    10.0480	 23195.7627	     0.0000	 23195.7627	   739.1445	   739.1445	   623.1657	   565.2163	     3.4869	    71.6820	    38.6447	 regenerative cooling, opposite flow
  128.2079	    33.7297	    10.1222	 23367.4760	     0.0000	 23367.4760	   739.2142	   739.2142	   622.3768	   564.2103	     3.4913	    71.6315	    38.8203	 regenerative cooling, opposite flow
  128.4416	    33.5947	    10.1971	 23541.0248	     0.0000	 23541.0248	   739.2933	   739.2933	   621.5882	   563.2025	     3.4958	    71.5792	    38.9983	 regenerative cooling, opposite flow
  128.6753	    33.4598	    10.2730	 23716.4337	     0.0000	 23716.4337	   739.3820	   739.3820	   620.7998	   562.1929	     3.5003	    71.5250	    39.1786	 regenerative cooling, opposite flow
  128.9091	    33.3248	    10.3497	 23893.7278	     0.0000	 23893.7278	   739.4805	   739.4805	   620.0119	   561.1814	     3.5048	    71.4690	    39.3615	 regenerative cooling, opposite flow
  129.1428	    33.1899	    10.4272	 24072.9325	     0.0000	 24072.9325	   739.5890	   739.5890	   619.2243	   560.1682	     3.5093	    71.4111	    39.5469	 regenerative cooling, opposite flow
  129.3766	    33.0549	    10.5057	 24254.0734	     0.0000	 24254.0734	   739.7077	   739.7077	   618.4374	   559.1532	     3.5138	    71.3513	    39.7349	 regenerative cooling, opposite flow
  129.6103	    32.9200	    10.5850	 24437.1767	     0.0000	 24437.1767	   739.8369	   739.8369	   617.6510	   558.1366	     3.5184	    71.2894	    39.9255	 regenerative cooling, opposite flow
  129.8441	    32.7850	    10.6652	 24622.2691	     0.0000	 24622.2691	   739.9766	   739.9766	   616.8653	   557.1184	     3.5230	    71.2255	    40.1188	 regenerative cooling, opposite flow
  130.0778	    32.6501	    10.7464	 24809.3774	     0.0000	 24809.3774	   740.1273	   740.1273	   616.0804	   556.0986	     3.5277	    71.1596	    40.3149	 regenerative cooling, opposite flow
  130.3115	    32.5151	    10.8285	 24998.5291	     0.0000	 24998.5291	   740.2890	   740.2890	   615.2963	   555.0773	     3.5323	    71.0916	    40.5138	 regenerative cooling, opposite flow
  130.5453	    32.3802	    10.9116	 25189.7520	     0.0000	 25189.7520	   740.4620	   740.4620	   614.5132	   554.0546	     3.5370	    71.0214	    40.7157	 regenerative cooling, opposite flow
  130.7790	    32.2452	    10.9957	 25383.0743	     0.0000	 25383.0743	   740.6466	   740.6466	   613.7312	   553.0304	     3.5417	    70.9490	    40.9204	 regenerative cooling, opposite flow
  131.0128	    32.1102	    11.0807	 25578.5247	     0.0000	 25578.5247	   740.8429	   740.8429	   612.9503	   552.0049	     3.5465	    70.8743	    41.1283	 regenerative cooling, opposite flow
  131.2465	    31.9753	    11.1667	 25776.1323	     0.0000	 25776.1323	   741.0513	   741.0513	   612.1706	   550.9782	     3.5513	    70.7974	    41.3392	 regenerative cooling, opposite flow
  131.4803	    31.8403	    11.2538	 25975.9267	     0.0000	 25975.9267	   741.2720	   741.2720	   611.3923	   549.9502	     3.5561	    70.7182	    41.5533	 regenerative cooling, opposite flow
  131.7140	    31.7054	    11.3418	 26177.9379	     0.0000	 26177.9379	   741.5052	   741.5052	   610.6155	   548.9211	     3.5609	    70.6365	    41.7706	 regenerative cooling, opposite flow
  131.9477	    31.5704	    11.4309	 26382.1964	     0.0000	 26382.1964	   741.7512	   741.7512	   609.8402	   547.8910	     3.5658	    70.5524	    41.9913	 regenerative cooling, opposite flow
  132.1815	    31.4355	    11.5211	 26588.7333	     0.0000	 26588.7333	   742.0102	   742.0102	   609.0666	   546.8598	     3.5707	    70.4659	    42.2154	 regenerative cooling, opposite flow
  132.4152	    31.3005	    11.6124	 26797.5800	     0.0000	 26797.5800	   742.2826	   742.2826	   608.2947	   545.8277	     3.5756	    70.3768	    42.4431	 regenerative cooling, opposite flow
  132.6490	    31.1656	    11.7047	 27008.7685	     0.0000	 27008.7685	   742.5686	   742.5686	   607.5248	   544.7948	     3.5805	    70.2851	    42.6743	 regenerative cooling, opposite flow
  132.8827	    31.0306	    11.7982	 27222.3312	     0.0000	 27222.3312	   742.8685	   742.8685	   606.7568	   543.7612	     3.5855	    70.1907	    42.9092	 regenerative cooling, opposite flow
  133.1165	    30.8957	    11.8927	 27438.0109	     0.0000	 27438.0109	   743.1804	   743.1804	   605.9903	   542.7269	     3.5905	    70.0937	    43.1479	 regenerative cooling, opposite flow
  133.3502	    30.7607	    11.9884	 27656.4200	     0.0000	 27656.4200	   743.5088	   743.5088	   605.2267	   541.6920	     3.5956	    69.9939	    43.3904	 regenerative cooling, opposite flow
  133.5839	    30.6258	    12.0853	 27877.3039	     0.0000	 27877.3039	   743.8521	   743.8521	   604.4656	   540.6566	     3.6006	    69.8912	    43.6370	 regenerative cooling, opposite flow
  133.8177	    30.4908	    12.1834	 28100.6971	     0.0000	 28100.6971	   744.2103	   744.2103	   603.7069	   539.6209	     3.6057	    69.7857	    43.8876	 regenerative cooling, opposite flow
  134.0514	    30.3559	    12.2828	 28326.6349	     0.0000	 28326.6349	   744.5840	   744.5840	   602.9508	   538.5849	     3.6109	    69.6772	    44.1424	 regenerative cooling, opposite flow
  134.2852	    30.2209	    12.3833	 28555.1530	     0.0000	 28555.1530	   744.9733	   744.9733	   602.1975	   537.5487	     3.6160	    69.5657	    44.4016	 regenerative cooling, opposite flow
  134.5189	    30.0860	    12.4851	 28786.2876	     0.0000	 28786.2876	   745.3786	   745.3786	   601.4471	   536.5124	     3.6212	    69.4512	    44.6651	 regenerative cooling, opposite flow
  134.7527	    29.9510	    12.5881	 29020.0756	     0.0000	 29020.0756	   745.8001	   745.8001	   600.6998	   535.4762	     3.6265	    69.3335	    44.9332	 regenerative cooling, opposite flow
  134.9864	    29.8161	    12.6925	 29256.5546	     0.0000	 29256.5546	   746.2384	   746.2384	   599.9556	   534.4402	     3.6317	    69.2125	    45.2060	 regenerative cooling, opposite flow
  135.2201	    29.6811	    12.7981	 29495.7627	     0.0000	 29495.7627	   746.6935	   746.6935	   599.2147	   533.4044	     3.6370	    69.0883	    45.4836	 regenerative cooling, opposite flow
  135.4539	    29.5462	    12.9051	 29737.7385	     0.0000	 29737.7385	   747.1660	   747.1660	   598.4773	   532.3691	     3.6423	    68.9607	    45.7662	 regenerative cooling, opposite flow
  135.6876	    29.4112	    13.0134	 29982.5216	     0.0000	 29982.5216	   747.6561	   747.6561	   597.7435	   531.3343	     3.6477	    68.8297	    46.0538	 regenerative cooling, opposite flow
  135.9214	    29.2763	    13.1231	 30230.1519	     0.0000	 30230.1519	   748.1642	   748.1642	   597.0135	   530.3002	     3.6531	    68.6952	    46.3467	 regenerative cooling, opposite flow
  136.1551	    29.1413	    13.2342	 30480.6702	     0.0000	 30480.6702	   748.6907	   748.6907	   596.2873	   529.2669	     3.6585	    68.5570	    46.6449	 regenerative cooling, opposite flow
  136.3889	    29.0064	    13.3468	 30734.1181	     0.0000	 30734.1181	   749.2358	   749.2358	   595.5652	   528.2347	     3.6639	    68.4152	    46.9487	 regenerative cooling, opposite flow
  136.6226	    28.8714	    13.4607	 30990.5377	     0.0000	 30990.5377	   749.8000	   749.8000	   594.8473	   527.2035	     3.6694	    68.2696	    47.2582	 regenerative cooling, opposite flow
  136.8563	    28.7365	    13.5762	 31249.9719	     0.0000	 31249.9719	   750.3836	   750.3836	   594.1338	   526.1736	     3.6749	    68.1202	    47.5736	 regenerative cooling, opposite flow
  137.0901	    28.6015	    13.6929	 31512.1317	     0.0000	 31512.1317	   750.9847	   750.9847	   593.4240	   525.1453	     3.6804	    67.9668	    47.8951	 regenerative cooling, opposite flow
  137.3238	    28.4666	    13.8114	 31777.7256	     0.0000	 31777.7256	   751.6082	   751.6082	   592.7196	   524.1185	     3.6860	    67.8094	    48.2228	 regenerative cooling, opposite flow
  137.5576	    28.3316	    13.9314	 32046.4678	     0.0000	 32046.4678	   752.2523	   752.2523	   592.0200	   523.0936	     3.6916	    67.6479	    48.5570	 regenerative cooling, opposite flow
  137.7913	    28.1967	    14.0530	 32318.4044	     0.0000	 32318.4044	   752.9174	   752.9174	   591.3254	   522.0706	     3.6973	    67.4821	    48.8979	 regenerative cooling, opposite flow
  138.0251	    28.0617	    14.1761	 32593.5824	     0.0000	 32593.5824	   753.6037	   753.6037	   590.6358	   521.0498	     3.7029	    67.3120	    49.2456	 regenerative cooling, opposite flow
  138.2588	    27.9268	    14.3009	 32872.0500	     0.0000	 32872.0500	   754.3117	   754.3117	   589.9515	   520.0315	     3.7086	    67.1375	    49.6004	 regenerative cooling, opposite flow
  138.4925	    27.7918	    14.4274	 33153.8559	     0.0000	 33153.8559	   755.0418	   755.0418	   589.2725	   519.0157	     3.7144	    66.9584	    49.9626	 regenerative cooling, opposite flow
  138.7263	    27.6569	    14.5555	 33439.0503	     0.0000	 33439.0503	   755.7943	   755.7943	   588.5991	   518.0027	     3.7201	    66.7747	    50.3324	 regenerative cooling, opposite flow
  138.9600	    27.5219	    14.6854	 33727.6842	     0.0000	 33727.6842	   756.5697	   756.5697	   587.9313	   516.9928	     3.7260	    66.5862	    50.7099	 regenerative cooling, opposite flow
  139.1938	    27.3870	    14.8170	 34019.8098	     0.0000	 34019.8098	   757.3682	   757.3682	   587.2692	   515.9861	     3.7318	    66.3928	    51.0957	 regenerative cooling, opposite flow
  139.4275	    27.2520	    14.9504	 34315.4802	     0.0000	 34315.4802	   758.1904	   758.1904	   586.6130	   514.9830	     3.7377	    66.1944	    51.4898	 regenerative cooling, opposite flow
  139.6613	    27.1170	    15.0856	 34614.7501	     0.0000	 34614.7501	   759.0366	   759.0366	   585.9628	   513.9836	     3.7436	    65.9909	    51.8925	 regenerative cooling, opposite flow
  139.8950	    26.9821	    15.2226	 34917.6755	     0.0000	 34917.6755	   759.9071	   759.9071	   585.3187	   512.9882	     3.7495	    65.7821	    52.3043	 regenerative cooling, opposite flow
  140.1287	    26.8471	    15.3615	 35224.3135	     0.0000	 35224.3135	   760.8023	   760.8023	   584.6807	   511.9971	     3.7555	    65.5680	    52.7254	 regenerative cooling, opposite flow
  140.3625	    26.7122	    15.5022	 35534.3467	     0.0000	 35534.3467	   761.7199	   761.7199	   584.0482	   511.0106	     3.7615	    65.3482	    53.1562	 regenerative cooling, opposite flow
  140.5962	    26.5772	    15.6450	 35848.5865	     0.0000	 35848.5865	   762.6657	   762.6657	   583.4227	   510.0289	     3.7675	    65.1228	    53.5971	 regenerative cooling, opposite flow
  140.8300	    26.4423	    15.7897	 36166.7202	     0.0000	 36166.7202	   763.6372	   763.6372	   582.8036	   509.0524	     3.7736	    64.8916	    54.0483	 regenerative cooling, opposite flow
  141.0637	    26.3073	    16.0502	 36722.7673	     0.0000	 36722.7673	   766.2747	   766.2747	   582.6609	   508.0753	     3.7797	    64.6518	    54.5125	 regenerative cooling, opposite flow
  141.2975	    26.1724	    16.0923	 36829.4067	     0.0000	 36829.4067	   765.7552	   765.7552	   581.6082	   507.1097	     3.7858	    64.4082	    54.9860	 regenerative cooling, opposite flow
  141.5312	    26.0374	    16.2068	 37084.6473	     0.0000	 37084.6473	   766.2812	   766.2812	   580.8580	   506.1523	     3.7919	    64.1591	    55.4705	 regenerative cooling, opposite flow
  141.7649	    25.9025	    16.3341	 37366.1749	     0.0000	 37366.1749	   766.9915	   766.9915	   580.1606	   505.2026	     3.7981	    63.9042	    55.9665	 regenerative cooling, opposite flow
  141.9987	    25.7675	    16.4692	 37663.5023	     0.0000	 37663.5023	   767.8115	   767.8115	   579.4940	   504.2608	     3.8044	    63.6430	    56.4748	 regenerative cooling, opposite flow
  142.2324	    25.6326	    16.6096	 37971.5515	     0.0000	 37971.5515	   768.7051	   768.7051	   578.8473	   503.3269	     3.8106	    63.3754	    56.9959	 regenerative cooling, opposite flow
  142.4662	    25.4976	    16.7546	 38288.9759	     0.0000	 38288.9759	   769.6621	   769.6621	   578.2173	   502.4013	     3.8169	    63.1011	    57.5304	 regenerative cooling, opposite flow
  142.6999	    25.3627	    16.9035	 38614.0643	     0.0000	 38614.0643	   770.6701	   770.6701	   577.5998	   501.4842	     3.8232	    62.8198	    58.0788	 regenerative cooling, opposite flow
  142.9337	    25.2277	    17.0559	 38946.0019	     0.0000	 38946.0019	   771.7235	   771.7235	   576.9935	   500.5760	     3.8296	    62.5314	    58.6419	 regenerative cooling, opposite flow
  143.1674	    25.0933	    17.2106	 39282.5022	     0.0000	 39282.5022	   772.8061	   772.8061	   576.3936	   499.6780	     3.8360	    62.2347	    59.2198	 regenerative cooling, opposite flow
  143.4011	    24.9607	    17.3662	 39620.5518	     0.0000	 39620.5518	   773.9057	   773.9057	   575.8029	   498.7927	     3.8424	    61.9279	    59.8120	 regenerative cooling, opposite flow
  143.6349	    24.8308	    17.5214	 39957.3826	     0.0000	 39957.3826	   774.9965	   774.9965	   575.2096	   497.9217	     3.8488	     8.6080	   432.4298	 regenerative cooling, opposite flow
  143.8686	    24.7034	    17.6759	 40292.3937	     0.0000	 40292.3937	   776.0897	   776.0897	   574.6277	   497.0633	     3.8497	     8.2966	   450.8452	 regenerative cooling, opposite flow
  144.1024	    24.5786	    17.8297	 40625.4092	     0.0000	 40625.4092	   777.1776	   777.1776	   574.0506	   496.2178	     3.8506	     8.1363	   461.9317	 regenerative cooling, opposite flow
  144.3361	    24.4563	    17.9825	 40956.2052	     0.0000	 40956.2052	   778.2579	   778.2579	   573.4768	   495.3852	     3.8514	     8.0286	   470.3403	 regenerative cooling, opposite flow
  144.5698	    24.3364	    18.1341	 41284.1231	     0.0000	 41284.1231	   779.3253	   779.3253	   572.9047	   494.5658	     3.8523	     7.9490	   477.2570	 regenerative cooling, opposite flow
  144.8036	    24.2191	    18.2849	 41609.9167	     0.0000	 41609.9167	   780.3844	   780.3844	   572.3348	   493.7597	     3.8531	     7.8872	   483.1950	 regenerative cooling, opposite flow
  145.0373	    24.1041	    18.4345	 41932.9633	     0.0000	 41932.9633	   781.4300	   781.4300	   571.7652	   492.9672	     3.8539	     7.8377	   488.4298	 regenerative cooling, opposite flow
  145.2711	    23.9916	    18.5828	 42253.1203	     0.0000	 42253.1203	   782.4604	   782.4604	   571.1948	   492.1884	     3.8548	     7.7974	   493.1282	 regenerative cooling, opposite flow
  145.5048	    23.8814	    18.7297	 42570.2562	     0.0000	 42570.2562	   783.4737	   783.4737	   570.6225	   491.4235	     3.8556	     7.7641	   497.4001	 regenerative cooling, opposite flow
  145.7386	    23.7735	    18.8752	 42884.2710	     0.0000	 42884.2710	   784.4682	   784.4682	   570.0469	   490.6729	     3.8565	     7.7363	   501.3220	 regenerative cooling, opposite flow
  145.9723	    23.6680	    19.0190	 43194.5130	     0.0000	 43194.5130	   785.4383	   785.4383	   569.4657	   489.9367	     3.8573	     7.7130	   504.9495	 regenerative cooling, opposite flow
  146.2060	    23.5647	    19.1615	 43501.8914	     0.0000	 43501.8914	   786.3888	   786.3888	   568.8793	   489.2153	     3.8581	     7.6934	   508.3243	 regenerative cooling, opposite flow
  146.4398	    23.4638	    19.3024	 43805.8100	     0.0000	 43805.8100	   787.3142	   787.3142	   568.2851	   488.5088	     3.8590	     7.6769	   511.4787	 regenerative cooling, opposite flow
  146.6735	    23.3650	    19.4415	 44106.1771	     0.0000	 44106.1771	   788.2123	   788.2123	   567.6814	   487.8175	     3.8598	     7.6631	   514.4381	 regenerative cooling, opposite flow
  146.9073	    23.2685	    19.5789	 44402.9078	     0.0000	 44402.9078	   789.0806	   789.0806	   567.0660	   487.1418	     3.8607	     7.6517	   517.2229	 regenerative cooling, opposite flow
  147.1410	    23.1741	    19.7145	 43166.0295	     0.0000	 43166.0295	   867.5190	   867.5190	   651.6888	   486.5313	     3.8615	     7.6450	   519.6566	 regenerative cooling, opposite flow
  147.3748	    23.0819	    19.8482	 43410.5912	     0.0000	 43410.5912	   870.0477	   870.0477	   652.9948	   485.9144	     3.8624	     7.6386	   522.0429	 regenerative cooling, opposite flow
  147.6085	    22.9919	    19.9797	 43650.6028	     0.0000	 43650.6028	   872.5293	   872.5293	   654.2763	   485.2914	     3.8632	     7.6325	   524.3845	 regenerative cooling, opposite flow
  147.8422	    22.9040	    20.1095	 43886.9232	     0.0000	 43886.9232	   874.9738	   874.9738	   655.5392	   484.6626	     3.8641	     7.6267	   526.6837	 regenerative cooling, opposite flow
  148.0760	    22.8182	    20.2371	 44118.9316	     0.0000	 44118.9316	   877.3779	   877.3779	   656.7832	   484.0282	     3.8649	     7.6209	   528.9429	 regenerative cooling, opposite flow
  148.3097	    22.7345	    20.3627	 44346.5079	     0.0000	 44346.5079	   879.7426	   879.7426	   658.0100	   483.3886	     3.8658	     7.6153	   531.1641	 regenerative cooling, opposite flow
  148.5435	    22.6529	    20.4861	 44569.5360	     0.0000	 44569.5360	   882.0687	   882.0687	   659.2210	   482.7440	     3.8667	     7.6098	   533.3493	 regenerative cooling, opposite flow
  148.7772	    22.5734	    20.6072	 44787.9014	     0.0000	 44787.9014	   884.3570	   884.3570	   660.4175	   482.0947	     3.8675	     7.6043	   535.5002	 regenerative cooling, opposite flow
  149.0110	    22.4959	    20.7260	 45001.4971	     0.0000	 45001.4971	   886.6080	   886.6080	   661.6005	   481.4409	     3.8684	     7.5989	   537.6185	 regenerative cooling, opposite flow
  149.2447	    22.4204	    20.8424	 45210.2151	     0.0000	 45210.2151	   888.8222	   888.8222	   662.7712	   480.7827	     3.8693	     7.5934	   539.7056	 regenerative cooling, opposite flow
  149.4784	    22.3469	    20.9565	 45413.9525	     0.0000	 45413.9525	   891.0002	   891.0002	   663.9304	   480.1204	     3.8702	     7.5880	   541.7631	 regenerative cooling, opposite flow
  149.7122	    22.2754	    21.0678	 45612.0951	     0.0000	 45612.0951	   893.1375	   893.1375	   665.0771	   479.4541	     3.8710	     7.5824	   543.7923	 regenerative cooling, opposite flow
  149.9459	    22.2059	    21.1768	 45805.5774	     0.0000	 45805.5774	   895.2439	   895.2439	   666.2160	   478.7841	     3.8719	     7.5768	   545.7943	 regenerative cooling, opposite flow
  150.1797	    22.1384	    21.2833	 45993.7857	     0.0000	 45993.7857	   897.3149	   897.3149	   667.3459	   478.1105	     3.8728	     7.5711	   547.7703	 regenerative cooling, opposite flow
  150.4134	    22.0728	    21.3871	 46176.6303	     0.0000	 46176.6303	   899.3507	   899.3507	   668.4675	   477.4334	     3.8737	     7.5652	   549.7215	 regenerative cooling, opposite flow
  150.6472	    22.0092	    21.4883	 46354.0186	     0.0000	 46354.0186	   901.3514	   901.3514	   669.5813	   476.7530	     3.8746	     7.5592	   551.6489	 regenerative cooling, opposite flow
  150.8809	    21.9475	    21.5867	 46525.8888	     0.0000	 46525.8888	   903.3175	   903.3175	   670.6880	   476.0695	     3.8754	     7.5531	   553.5534	 regenerative cooling, opposite flow
  151.1146	    21.8877	    21.6823	 46692.0907	     0.0000	 46692.0907	   905.2483	   905.2483	   671.7879	   475.3829	     3.8763	     7.5468	   555.4358	 regenerative cooling, opposite flow
  151.3484	    21.8298	    21.7752	 46852.6345	     0.0000	 46852.6345	   907.1449	   907.1449	   672.8817	   474.6934	     3.8772	     7.5403	   557.2971	 regenerative cooling, opposite flow
  151.5821	    21.7739	    21.8651	 47007.3609	     0.0000	 47007.3609	   909.0065	   909.0065	   673.9697	   474.0011	     3.8781	     7.5336	   559.1380	 regenerative cooling, opposite flow
  151.8159	    21.7198	    21.9518	 47155.6871	     0.0000	 47155.6871	   910.8283	   910.8283	   675.0499	   473.3061	     3.8790	     7.5266	   560.9593	 regenerative cooling, opposite flow
  152.0496	    21.6676	    22.0358	 47298.6208	     0.0000	 47298.6208	   912.6206	   912.6206	   676.1275	   472.6086	     3.8799	     7.5195	   562.7616	 regenerative cooling, opposite flow
  152.2834	    21.6172	    22.1168	 47435.5506	     0.0000	 47435.5506	   914.3781	   914.3781	   677.2003	   471.9086	     3.8808	     7.5121	   564.5457	 regenerative cooling, opposite flow
  152.5171	    21.5687	    22.1948	 47566.4092	     0.0000	 47566.4092	   916.1009	   916.1009	   678.2689	   471.2062	     3.8817	     7.5044	   566.3121	 regenerative cooling, opposite flow
  152.7508	    21.5221	    22.2696	 47691.1277	     0.0000	 47691.1277	   917.7890	   917.7890	   679.3334	   470.5015	     3.8826	     7.4965	   568.0615	 regenerative cooling, opposite flow
  152.9846	    21.4773	    22.3413	 47809.6478	     0.0000	 47809.6478	   919.4423	   919.4423	   680.3940	   469.7946	     3.8835	     7.4883	   569.7944	 regenerative cooling, opposite flow
  153.2183	    21.4343	    22.4099	 47921.9098	     0.0000	 47921.9098	   921.0607	   921.0607	   681.4512	   469.0856	     3.8844	     7.4798	   571.5113	 regenerative cooling, opposite flow
  153.4521	    21.3932	    22.4752	 48027.8520	     0.0000	 48027.8520	   922.6442	   922.6442	   682.5050	   468.3746	     3.8853	     7.4711	   573.2127	 regenerative cooling, opposite flow
  153.6858	    21.3539	    22.5373	 48127.4271	     0.0000	 48127.4271	   924.1928	   924.1928	   683.5557	   467.6616	     3.8862	     7.4620	   574.8991	 regenerative cooling, opposite flow
  153.9196	    21.3163	    22.5960	 48220.5808	     0.0000	 48220.5808	   925.7063	   925.7063	   684.6034	   466.9467	     3.8871	     7.4526	   576.5709	 regenerative cooling, opposite flow
  154.1533	    21.2806	    22.6515	 48307.2640	     0.0000	 48307.2640	   927.1847	   927.1847	   685.6484	   466.2299	     3.8880	     7.4429	   578.2286	 regenerative cooling, opposite flow
  154.3870	    21.2467	    22.7033	 48386.9458	     0.0000	 48386.9458	   928.6233	   928.6233	   686.6885	   465.5114	     3.8890	     7.4329	   579.8726	 regenerative cooling, opposite flow
  154.6208	    21.2146	    22.7521	 48460.5146	     0.0000	 48460.5146	   930.0308	   930.0308	   687.7282	   464.7912	     3.8899	     7.4226	   581.5031	 regenerative cooling, opposite flow
  154.8545	    21.1843	    22.7974	 48527.5137	     0.0000	 48527.5137	   931.4032	   931.4032	   688.7657	   464.0694	     3.8908	     7.4119	   583.1207	 regenerative cooling, opposite flow
  155.0883	    21.1557	    22.8393	 48587.9054	     0.0000	 48587.9054	   932.7405	   932.7405	   689.8010	   463.3459	     3.8917	     7.4009	   584.7256	 regenerative cooling, opposite flow
  155.3220	    21.1289	    22.8777	 48641.6413	     0.0000	 48641.6413	   934.0425	   934.0425	   690.8343	   462.6210	     3.8926	     7.3895	   586.3182	 regenerative cooling, opposite flow
  155.5558	    21.1039	    22.9127	 48688.6912	     0.0000	 48688.6912	   935.3090	   935.3090	   691.8656	   461.8945	     3.8935	     7.3778	   587.8987	 regenerative cooling, opposite flow
  155.7895	    21.0807	    22.9442	 48729.0109	     0.0000	 48729.0109	   936.5399	   936.5399	   692.8949	   461.1665	     3.8944	     7.3658	   589.4675	 regenerative cooling, opposite flow
  156.0232	    21.0592	    22.9721	 48762.5766	     0.0000	 48762.5766	   937.7351	   937.7351	   693.9223	   460.4372	     3.8953	     7.3534	   591.0248	 regenerative cooling, opposite flow
  156.2570	    21.0395	    22.9965	 48789.3709	     0.0000	 48789.3709	   938.8947	   938.8947	   694.9478	   459.7065	     3.8962	     7.3406	   592.5709	 regenerative cooling, opposite flow
  156.4907	    21.0216	    23.0174	 48809.3958	     0.0000	 48809.3958	   940.0187	   940.0187	   695.9717	   458.9745	     3.8971	     7.3275	   594.1061	 regenerative cooling, opposite flow
  156.7245	    21.0054	    23.0347	 48822.6895	     0.0000	 48822.6895	   941.1076	   941.1076	   696.9942	   458.2412	     3.8980	     7.3140	   595.6306	 regenerative cooling, opposite flow
  156.9582	    20.9909	    23.0486	 48829.3190	     0.0000	 48829.3190	   942.1623	   942.1623	   698.0157	   457.5066	     3.8989	     7.3002	   597.1446	 regenerative cooling, opposite flow
  157.1920	    20.9782	    23.0586	 48828.6964	     0.0000	 48828.6964	   943.1770	   943.1770	   699.0335	   456.7708	     3.8998	     7.2860	   598.6483	 regenerative cooling, opposite flow
  157.4257	    20.9672	    23.0652	 48821.5386	     0.0000	 48821.5386	   944.1588	   944.1588	   700.0511	   456.0338	     3.9007	     7.2714	   600.1420	 regenerative cooling, opposite flow
  157.6594	    20.9580	    23.0679	 48807.0679	     0.0000	 48807.0679	   945.0999	   945.0999	   701.0646	   455.2956	     3.9016	     7.2565	   601.6258	 regenerative cooling, opposite flow
  157.8932	    20.9506	    23.0675	 48786.6074	     0.0000	 48786.6074	   946.0137	   946.0137	   702.0807	   454.5563	     3.9025	     7.2411	   603.0999	 regenerative cooling, opposite flow
  158.1269	    20.9448	    23.0631	 48758.6863	     0.0000	 48758.6863	   946.8854	   946.8854	   703.0920	   453.8158	     3.9034	     7.2254	   604.5645	 regenerative cooling, opposite flow
  158.3607	    20.9409	    23.0556	 48724.7714	     0.0000	 48724.7714	   947.7297	   947.7297	   704.1059	   453.0743	     3.9043	     7.2094	   606.0198	 regenerative cooling, opposite flow
  158.5944	    20.9386	    23.0457	 48686.2458	     0.0000	 48686.2458	   948.5609	   948.5609	   705.1297	   452.3316	     3.9052	     7.1929	   607.4660	 regenerative cooling, opposite flow
  158.8282	    20.9387	    22.9676	 48530.2267	     0.0000	 48530.2267	   948.2302	   948.2302	   705.5791	   451.5895	     3.9061	     7.1759	   608.9001	 regenerative cooling, opposite flow
  159.0619	    20.9437	    22.8855	 48365.9581	     0.0000	 48365.9581	   947.8820	   947.8820	   706.0522	   450.8479	     3.9070	     7.1576	   610.3226	 regenerative cooling, opposite flow
  159.2956	    20.9554	    22.7866	 48171.2584	     0.0000	 48171.2584	   947.3158	   947.3158	   706.4595	   450.1063	     3.9079	     7.1374	   611.7343	 regenerative cooling, opposite flow
  159.5294	    20.9740	    22.6738	 47950.7387	     0.0000	 47950.7387	   946.5792	   946.5792	   706.8255	   449.3644	     3.9088	     7.1152	   613.1362	 regenerative cooling, opposite flow
  159.7631	    20.9994	    22.5475	 47705.0470	     0.0000	 47705.0470	   945.6779	   945.6779	   707.1527	   448.6216	     3.9097	     7.0910	   614.5296	 regenerative cooling, opposite flow
  159.9969	    21.0319	    22.4078	 47434.4575	     0.0000	 47434.4575	   944.6136	   944.6136	   707.4413	   447.8775	     3.9106	     7.0648	   615.9153	 regenerative cooling, opposite flow
  160.2306	    21.0715	    22.2548	 47139.1681	     0.0000	 47139.1681	   943.3872	   943.3872	   707.6914	   447.1316	     3.9114	     7.0366	   617.2945	 regenerative cooling, opposite flow
  160.4644	    21.1183	    22.0889	 46819.3353	     0.0000	 46819.3353	   941.9993	   941.9993	   707.9026	   446.3834	     3.9123	     7.0065	   618.6681	 regenerative cooling, opposite flow
  160.6981	    21.1723	    21.9100	 46475.1085	     0.0000	 46475.1085	   940.4502	   940.4502	   708.0746	   445.6323	     3.9132	     6.9743	   620.0374	 regenerative cooling, opposite flow
  160.9318	    21.2339	    21.7183	 46106.6070	     0.0000	 46106.6070	   938.7400	   938.7400	   708.2069	   444.8777	     3.9141	     6.9401	   621.4033	 regenerative cooling, opposite flow
  161.1656	    21.3031	    21.5139	 45713.9334	     0.0000	 45713.9334	   936.8687	   936.8687	   708.2990	   444.1189	     3.9149	     6.9038	   622.7670	 regenerative cooling, opposite flow
  161.3993	    21.3801	    21.2970	 45297.1664	     0.0000	 45297.1664	   934.8361	   934.8361	   708.3502	   443.3554	     3.9158	     6.8655	   624.1297	 regenerative cooling, opposite flow
  161.6331	    21.4653	    21.0680	 44856.8963	     0.0000	 44856.8963	   932.6475	   932.6475	   708.3630	   442.5864	     3.9167	     6.8251	   625.4927	 regenerative cooling, opposite flow
  161.8668	    21.5589	    20.8262	 44392.0410	     0.0000	 44392.0410	   930.2904	   930.2904	   708.3302	   441.8110	     3.9175	     6.7825	   626.8572	 regenerative cooling, opposite flow
  162.1006	    21.6597	    20.5750	 43908.3563	     0.0000	 43908.3563	   927.8034	   927.8034	   708.2616	   441.0302	     3.9184	     6.7383	   628.2217	 regenerative cooling, opposite flow
  162.3343	    21.7635	    20.3228	 43421.8431	     0.0000	 43421.8431	   925.2884	   925.2884	   708.1792	   440.2488	     3.9192	     6.6937	   629.5778	 regenerative cooling, opposite flow
  162.5680	    21.8674	    20.0752	 42943.2498	     0.0000	 42943.2498	   922.8139	   922.8139	   708.0976	   439.4703	     3.9201	     6.6497	   630.9193	 regenerative cooling, opposite flow
  162.8018	    21.9711	    19.8324	 42472.5436	     0.0000	 42472.5436	   920.3788	   920.3788	   708.0161	   438.6951	     3.9209	     6.6063	   632.2462	 regenerative cooling, opposite flow
  163.0355	    22.0746	    19.5939	 42009.4068	     0.0000	 42009.4068	   917.9808	   917.9808	   707.9337	   437.9229	     3.9217	     6.5636	   633.5588	 regenerative cooling, opposite flow
  163.2693	    22.1781	    19.3597	 41553.5583	     0.0000	 41553.5583	   915.6178	   915.6178	   707.8500	   437.1538	     3.9226	     6.5215	   634.8574	 regenerative cooling, opposite flow
  163.5030	    22.2814	    19.1297	 41104.7586	     0.0000	 41104.7586	   913.2882	   913.2882	   707.7644	   436.3877	     3.9234	     6.4800	   636.1422	 regenerative cooling, opposite flow
  163.7367	    22.3845	    18.9036	 40662.7900	     0.0000	 40662.7900	   910.9904	   910.9904	   707.6765	   435.6247	     3.9241	     6.4391	   637.4134	 regenerative cooling, opposite flow
  163.9705	    22.4876	    18.6814	 40227.4632	     0.0000	 40227.4632	   908.7234	   908.7234	   707.5861	   434.8646	     3.9249	     6.3988	   638.6713	 regenerative cooling, opposite flow
  164.2042	    22.5905	    18.4629	 39798.5981	     0.0000	 39798.5981	   906.4859	   906.4859	   707.4929	   434.1076	     3.9257	     6.3590	   639.9161	 regenerative cooling, opposite flow
  164.4380	    22.6932	    18.2480	 39376.0329	     0.0000	 39376.0329	   904.2771	   904.2771	   707.3969	   433.3535	     3.9264	     6.3198	   641.1481	 regenerative cooling, opposite flow
  164.6717	    22.7959	    18.0366	 38959.6148	     0.0000	 38959.6148	   902.0960	   902.0960	   707.2979	   432.6023	     3.9272	     6.2811	   642.3674	 regenerative cooling, opposite flow
  164.9055	    22.8984	    17.8287	 38549.1981	     0.0000	 38549.1981	   899.9418	   899.9418	   707.1958	   431.8540	     3.9279	     6.2429	   643.5742	 regenerative cooling, opposite flow
  165.1392	    23.0007	    17.6245	 38145.1182	     0.0000	 38145.1182	   897.8195	   897.8195	   707.0940	   431.1087	     3.9286	     6.2052	   644.7688	 regenerative cooling, opposite flow
  165.3729	    23.1030	    17.4232	 37746.3116	     0.0000	 37746.3116	   895.7171	   895.7171	   706.9856	   430.3662	     3.9293	     6.1681	   645.9513	 regenerative cooling, opposite flow
  165.6067	    23.2051	    17.2251	 37353.1242	     0.0000	 37353.1242	   893.6396	   893.6396	   706.8740	   429.6265	     3.9300	     6.1314	   647.1220	 regenerative cooling, opposite flow
  165.8404	    23.3070	    17.0301	 36965.4388	     0.0000	 36965.4388	   891.5864	   891.5864	   706.7592	   428.8897	     3.9307	     6.0953	   648.2810	 regenerative cooling, opposite flow
  166.0742	    23.4088	    16.8382	 36583.1417	     0.0000	 36583.1417	   889.5568	   889.5568	   706.6411	   428.1557	     3.9314	     6.0596	   649.4285	 regenerative cooling, opposite flow
  166.3079	    23.5105	    16.6492	 36206.1286	     0.0000	 36206.1286	   887.5505	   887.5505	   706.5199	   427.4244	     3.9321	     6.0244	   650.5646	 regenerative cooling, opposite flow
  166.5417	    23.6121	    16.4631	 35834.2941	     0.0000	 35834.2941	   885.5668	   885.5668	   706.3954	   426.6960	     3.9327	     5.9896	   651.6896	 regenerative cooling, opposite flow
  166.7754	    23.7135	    16.2799	 35467.5409	     0.0000	 35467.5409	   883.6054	   883.6054	   706.2677	   425.9703	     3.9334	     5.9553	   652.8036	 regenerative cooling, opposite flow
  167.0091	    23.8148	    16.0995	 35105.7693	     0.0000	 35105.7693	   881.6657	   881.6657	   706.1368	   425.2473	     3.9340	     5.9214	   653.9068	 regenerative cooling, opposite flow
  167.2429	    23.9159	    15.9218	 34748.8869	     0.0000	 34748.8869	   879.7473	   879.7473	   706.0028	   424.5271	     3.9347	     5.8879	   654.9993	 regenerative cooling, opposite flow
  167.4766	    24.0169	    15.7468	 34396.8030	     0.0000	 34396.8030	   877.8497	   877.8497	   705.8657	   423.8095	     3.9353	     5.8549	   656.0814	 regenerative cooling, opposite flow
  167.7104	    24.1178	    15.5743	 34049.4307	     0.0000	 34049.4307	   875.9727	   875.9727	   705.7255	   423.0946	     3.9359	     5.8223	   657.1531	 regenerative cooling, opposite flow
  167.9441	    24.2185	    15.4045	 33706.6844	     0.0000	 33706.6844	   874.1157	   874.1157	   705.5823	   422.3824	     3.9365	     5.7901	   658.2145	 regenerative cooling, opposite flow
  168.1779	    24.3191	    15.2371	 33368.4793	     0.0000	 33368.4793	   872.2784	   872.2784	   705.4360	   421.6729	     3.9371	     5.7583	   659.2660	 regenerative cooling, opposite flow
  168.4116	    24.4196	    15.0722	 33034.7373	     0.0000	 33034.7373	   870.4605	   870.4605	   705.2868	   420.9659	     3.9377	     5.7269	   660.3075	 regenerative cooling, opposite flow
  168.6453	    24.5199	    14.9097	 32705.3792	     0.0000	 32705.3792	   868.6616	   868.6616	   705.1347	   420.2616	     3.9383	     5.6959	   661.3393	 regenerative cooling, opposite flow
  168.8791	    24.6201	    14.7496	 32380.3973	     0.0000	 32380.3973	   866.8822	   866.8822	   704.9802	   419.5599	     3.9389	     5.6652	   662.3615	 regenerative cooling, opposite flow
  169.1128	    24.7201	    14.5918	 32059.5840	     0.0000	 32059.5840	   865.1203	   865.1203	   704.8224	   418.8608	     3.9394	     5.6350	   663.3742	 regenerative cooling, opposite flow
  169.3466	    24.8200	    14.4362	 31742.9300	     0.0000	 31742.9300	   863.3765	   863.3765	   704.6618	   418.1642	     3.9400	     5.6051	   664.3775	 regenerative cooling, opposite flow
  169.5803	    24.9198	    14.2831	 31430.7546	     0.0000	 31430.7546	   861.6558	   861.6558	   704.5020	   417.4702	     3.9406	     5.5755	   665.3716	 regenerative cooling, opposite flow
  169.8141	    25.0194	    14.1319	 31122.2062	     0.0000	 31122.2062	   859.9470	   859.9470	   704.3360	   416.7787	     3.9411	     5.5463	   666.3567	 regenerative cooling, opposite flow
  170.0478	    25.1189	    13.9829	 30817.6101	     0.0000	 30817.6101	   858.2553	   858.2553	   704.1672	   416.0898	     3.9416	     5.5175	   667.3328	 regenerative cooling, opposite flow
  170.2815	    25.2182	    13.8360	 30516.8978	     0.0000	 30516.8978	   856.5804	   856.5804	   703.9959	   415.4034	     3.9422	     5.4889	   668.3001	 regenerative cooling, opposite flow
  170.5153	    25.3174	    13.6911	 30220.0053	     0.0000	 30220.0053	   854.9219	   854.9219	   703.8219	   414.7194	     3.9427	     5.4608	   669.2586	 regenerative cooling, opposite flow
  170.7490	    25.4165	    13.5483	 29926.8702	     0.0000	 29926.8702	   853.2798	   853.2798	   703.6454	   414.0380	     3.9432	     5.4329	   670.2086	 regenerative cooling, opposite flow
  170.9828	    25.5154	    13.4074	 29637.4294	     0.0000	 29637.4294	   851.6535	   851.6535	   703.4664	   413.3590	     3.9438	     5.4054	   671.1501	 regenerative cooling, opposite flow
  171.2165	    25.6142	    13.2685	 29351.6231	     0.0000	 29351.6231	   850.0430	   850.0430	   703.2849	   412.6825	     3.9443	     5.3782	   672.0833	 regenerative cooling, opposite flow
  171.4503	    25.7128	    13.1315	 29069.3919	     0.0000	 29069.3919	   848.4479	   848.4479	   703.1010	   412.0084	     3.9448	     5.3513	   673.0082	 regenerative cooling, opposite flow
  171.6840	    25.8113	    12.9964	 28790.6775	     0.0000	 28790.6775	   846.8681	   846.8681	   702.9147	   411.3368	     3.9453	     5.3247	   673.9250	 regenerative cooling, opposite flow
  171.9177	    25.9097	    12.8631	 28515.4231	     0.0000	 28515.4231	   845.3031	   845.3031	   702.7260	   410.6676	     3.9458	     5.2984	   674.8338	 regenerative cooling, opposite flow
  172.1515	    26.0079	    12.7316	 28243.5749	     0.0000	 28243.5749	   843.7529	   843.7529	   702.5350	   410.0008	     3.9462	     5.2724	   675.7347	 regenerative cooling, opposite flow
  172.3852	    26.1060	    12.6019	 27975.0762	     0.0000	 27975.0762	   842.2172	   842.2172	   702.3418	   409.3364	     3.9467	     5.2467	   676.6278	 regenerative cooling, opposite flow
  172.6190	    26.2039	    12.4740	 27709.8746	     0.0000	 27709.8746	   840.6956	   840.6956	   702.1463	   408.6744	     3.9472	     5.2213	   677.5132	 regenerative cooling, opposite flow
  172.8527	    26.3017	    12.3477	 27447.9176	     0.0000	 27447.9176	   839.1882	   839.1882	   701.9486	   408.0148	     3.9477	     5.1962	   678.3910	 regenerative cooling, opposite flow
  173.0865	    26.3994	    12.2232	 27189.1550	     0.0000	 27189.1550	   837.6945	   837.6945	   701.7487	   407.3575	     3.9481	     5.1713	   679.2613	 regenerative cooling, opposite flow
  173.3202	    26.4969	    12.1003	 26933.5362	     0.0000	 26933.5362	   836.2144	   836.2144	   701.5467	   406.7027	     3.9486	     5.1467	   680.1243	 regenerative cooling, opposite flow
  173.5539	    26.5942	    11.9790	 26681.0121	     0.0000	 26681.0121	   834.7476	   834.7476	   701.3426	   406.0501	     3.9490	     5.1224	   680.9799	 regenerative cooling, opposite flow
  173.7877	    26.6915	    11.8593	 26431.5343	     0.0000	 26431.5343	   833.2941	   833.2941	   701.1364	   405.3999	     3.9495	     5.0984	   681.8284	 regenerative cooling, opposite flow
  174.0214	    26.7885	    11.7412	 26185.0556	     0.0000	 26185.0556	   831.8535	   831.8535	   700.9282	   404.7521	     3.9499	     5.0746	   682.6698	 regenerative cooling, opposite flow
  174.2552	    26.8855	    11.6247	 25941.5301	     0.0000	 25941.5301	   830.4257	   830.4257	   700.7180	   404.1065	     3.9504	     5.0511	   683.5042	 regenerative cooling, opposite flow
  174.4889	    26.9823	    11.5096	 25700.9125	     0.0000	 25700.9125	   829.0104	   829.0104	   700.5058	   403.4633	     3.9508	     5.0278	   684.3316	 regenerative cooling, opposite flow
  174.7227	    27.0789	    11.3961	 25463.1581	     0.0000	 25463.1581	   827.6075	   827.6075	   700.2917	   402.8224	     3.9512	     5.0047	   685.1523	 regenerative cooling, opposite flow
  174.9564	    27.1754	    11.2840	 25228.2230	     0.0000	 25228.2230	   826.2168	   826.2168	   700.0757	   402.1838	     3.9517	     4.9820	   685.9662	 regenerative cooling, opposite flow
  175.1901	    27.2718	    11.1735	 24996.3800	     0.0000	 24996.3800	   824.8434	   824.8434	   699.8615	   401.5474	     3.9521	     4.9594	   686.7735	 regenerative cooling, opposite flow
  175.4239	    27.3680	    11.0643	 24766.9561	     0.0000	 24766.9561	   823.4766	   823.4766	   699.6418	   400.9134	     3.9525	     4.9371	   687.5742	 regenerative cooling, opposite flow
  175.6576	    27.4640	    10.9564	 24540.2252	     0.0000	 24540.2252	   822.1214	   822.1214	   699.4203	   400.2816	     3.9529	     4.9150	   688.3684	 regenerative cooling, opposite flow
  175.8914	    27.5600	    10.8499	 24316.1481	     0.0000	 24316.1481	   820.7777	   820.7777	   699.1969	   399.6520	     3.9533	     4.8932	   689.1563	 regenerative cooling, opposite flow
  176.1251	    27.6557	    10.7448	 24094.6844	     0.0000	 24094.6844	   819.4453	   819.4453	   698.9718	   399.0248	     3.9537	     4.8715	   689.9378	 regenerative cooling, opposite flow
  176.3589	    27.7514	    10.6410	 23875.7948	     0.0000	 23875.7948	   818.1239	   818.1239	   698.7450	   398.3998	     3.9541	     4.8501	   690.7132	 regenerative cooling, opposite flow
  176.5926	    27.8469	    10.5385	 23659.4425	     0.0000	 23659.4425	   816.8136	   816.8136	   698.5164	   397.7770	     3.9545	     4.8289	   691.4823	 regenerative cooling, opposite flow
  176.8263	    27.9422	    10.4373	 23445.5885	     0.0000	 23445.5885	   815.5140	   815.5140	   698.2861	   397.1564	     3.9549	     4.8080	   692.2454	 regenerative cooling, opposite flow
  177.0601	    28.0374	    10.3373	 23234.1972	     0.0000	 23234.1972	   814.2251	   814.2251	   698.0541	   396.5381	     3.9553	     4.7872	   693.0025	 regenerative cooling, opposite flow
  177.2938	    28.1324	    10.2386	 23025.2323	     0.0000	 23025.2323	   812.9466	   812.9466	   697.8205	   395.9220	     3.9557	     4.7667	   693.7537	 regenerative cooling, opposite flow
  177.5276	    28.2273	    10.1411	 22818.6576	     0.0000	 22818.6576	   811.6785	   811.6785	   697.5852	   395.3081	     3.9560	     4.7463	   694.4991	 regenerative cooling, opposite flow
  177.7613	    28.3221	    10.0448	 22614.4387	     0.0000	 22614.4387	   810.4205	   810.4205	   697.3483	   394.6964	     3.9564	     4.7262	   695.2386	 regenerative cooling, opposite flow
  177.9951	    28.4167	     9.9497	 22412.5413	     0.0000	 22412.5413	   809.1726	   809.1726	   697.1099	   394.0869	     3.9568	     4.7063	   695.9725	 regenerative cooling, opposite flow
  178.2288	    28.5111	     9.8558	 22212.9324	     0.0000	 22212.9324	   807.9345	   807.9345	   696.8698	   393.4797	     3.9571	     4.6865	   696.7007	 regenerative cooling, opposite flow
  178.4625	    28.6054	     9.7630	 22015.5782	     0.0000	 22015.5782	   806.7061	   806.7061	   696.6282	   392.8746	     3.9575	     4.6670	   697.4234	 regenerative cooling, opposite flow
  178.6963	    28.6996	     9.6713	 21820.4473	     0.0000	 21820.4473	   805.4873	   805.4873	   696.3851	   392.2716	     3.9579	     4.6476	   698.1406	 regenerative cooling, opposite flow
  178.9300	    28.7936	     9.5807	 21627.5068	     0.0000	 21627.5068	   804.2779	   804.2779	   696.1404	   391.6709	     3.9582	     4.6285	   698.8523	 regenerative cooling, opposite flow
  179.1638	    28.8875	     9.4913	 21436.7258	     0.0000	 21436.7258	   803.0778	   803.0778	   695.8942	   391.0723	     3.9586	     4.6095	   699.5587	 regenerative cooling, opposite flow
  179.3975	    28.9812	     9.4029	 21248.0746	     0.0000	 21248.0746	   801.8869	   801.8869	   695.6465	   390.4759	     3.9589	     4.5907	   700.2598	 regenerative cooling, opposite flow
  179.6313	    29.0747	     9.3155	 21061.5218	     0.0000	 21061.5218	   800.7050	   800.7050	   695.3974	   389.8816	     3.9593	     4.5721	   700.9557	 regenerative cooling, opposite flow
  179.8650	    29.1681	     9.2292	 20877.0383	     0.0000	 20877.0383	   799.5320	   799.5320	   695.1468	   389.2895	     3.9596	     4.5536	   701.6463	 regenerative cooling, opposite flow
  180.0987	    29.2614	     9.1440	 20694.5948	     0.0000	 20694.5948	   798.3677	   798.3677	   694.8947	   388.6996	     3.9599	     4.5354	   702.3319	 regenerative cooling, opposite flow
  180.3325	    29.3545	     9.0597	 20514.1626	     0.0000	 20514.1626	   797.2121	   797.2121	   694.6413	   388.1117	     3.9603	     4.5173	   703.0124	 regenerative cooling, opposite flow
  180.5662	    29.4475	     8.9764	 20335.7147	     0.0000	 20335.7147	   796.0649	   796.0649	   694.3863	   387.5260	     3.9606	     4.4994	   703.6880	 regenerative cooling, opposite flow
  180.8000	    29.5403	     8.8941	 20159.2220	     0.0000	 20159.2220	   794.9261	   794.9261	   694.1300	   386.9425	     3.9609	     4.4816	   704.3586	 regenerative cooling, opposite flow
  181.0337	    29.6329	     8.8128	 19984.6579	     0.0000	 19984.6579	   793.7956	   793.7956	   693.8723	   386.3610	     3.9613	     4.4640	   705.0243	 regenerative cooling, opposite flow
  181.2675	    29.7254	     8.7324	 19811.9962	     0.0000	 19811.9962	   792.6732	   792.6732	   693.6132	   385.7817	     3.9616	     4.4466	   705.6852	 regenerative cooling, opposite flow
  181.5012	    29.8178	     8.6530	 19641.2100	     0.0000	 19641.2100	   791.5587	   791.5587	   693.3527	   385.2045	     3.9619	     4.4294	   706.3414	 regenerative cooling, opposite flow
  181.7349	    29.9100	     8.5745	 19472.2739	     0.0000	 19472.2739	   790.4522	   790.4522	   693.0908	   384.6294	     3.9622	     4.4123	   706.9928	 regenerative cooling, opposite flow
  181.9687	    30.0020	     8.4968	 19305.1630	     0.0000	 19305.1630	   789.3534	   789.3534	   692.8276	   384.0564	     3.9625	     4.3954	   707.6396	 regenerative cooling, opposite flow
  182.2024	    30.0939	     8.4201	 19139.8513	     0.0000	 19139.8513	   788.2622	   788.2622	   692.5630	   383.4855	     3.9628	     4.3786	   708.2818	 regenerative cooling, opposite flow
  182.4362	    30.1857	     8.3443	 18976.3151	     0.0000	 18976.3151	   787.1786	   787.1786	   692.2970	   382.9167	     3.9632	     4.3619	   708.9194	 regenerative cooling, opposite flow
  182.6699	    30.2773	     8.2694	 18814.7710	     0.0000	 18814.7710	   786.1076	   786.1076	   692.0337	   382.3499	     3.9635	     4.3455	   709.5525	 regenerative cooling, opposite flow
  182.9036	    30.3687	     8.1953	 18654.7123	     0.0000	 18654.7123	   785.0387	   785.0387	   691.7651	   381.7853	     3.9638	     4.3291	   710.1812	 regenerative cooling, opposite flow
  183.1374	    30.4600	     8.1221	 18496.3583	     0.0000	 18496.3583	   783.9770	   783.9770	   691.4952	   381.2227	     3.9641	     4.3130	   710.8055	 regenerative cooling, opposite flow
  183.3711	    30.5511	     8.0496	 18339.6856	     0.0000	 18339.6856	   782.9224	   782.9224	   691.2240	   380.6622	     3.9644	     4.2969	   711.4255	 regenerative cooling, opposite flow
  183.6049	    30.6421	     7.9780	 18184.6719	     0.0000	 18184.6719	   781.8748	   781.8748	   690.9514	   380.1037	     3.9646	     4.2811	   712.0412	 regenerative cooling, opposite flow
  183.8386	    30.7329	     7.9072	 18031.2950	     0.0000	 18031.2950	   780.8340	   780.8340	   690.6775	   379.5473	     3.9649	     4.2653	   712.6526	 regenerative cooling, opposite flow
  184.0724	    30.8236	     7.8371	 17879.5331	     0.0000	 17879.5331	   779.8000	   779.8000	   690.4023	   378.9930	     3.9652	     4.2497	   713.2598	 regenerative cooling, opposite flow
  184.3061	    30.9141	     7.7679	 17729.3306	     0.0000	 17729.3306	   778.7718	   778.7718	   690.1252	   378.4407	     3.9655	     4.2342	   713.8628	 regenerative cooling, opposite flow
  184.5398	    31.0045	     7.6994	 17580.7372	     0.0000	 17580.7372	   777.7511	   777.7511	   689.8474	   377.8905	     3.9658	     4.2189	   714.4617	 regenerative cooling, opposite flow
  184.7736	    31.0947	     7.6317	 17433.6956	     0.0000	 17433.6956	   776.7367	   776.7367	   689.5683	   377.3423	     3.9661	     4.2037	   715.0566	 regenerative cooling, opposite flow
  185.0073	    31.1847	     7.5648	 17288.1849	     0.0000	 17288.1849	   775.7287	   775.7287	   689.2878	   376.7961	     3.9664	     4.1887	   715.6474	 regenerative cooling, opposite flow
  185.2411	    31.2746	     7.4985	 17144.1858	     0.0000	 17144.1858	   774.7270	   774.7270	   689.0061	   376.2520	     3.9666	     4.1737	   716.2342	 regenerative cooling, opposite flow
  185.4748	    31.3644	     7.4330	 17001.6783	     0.0000	 17001.6783	   773.7314	   773.7314	   688.7230	   375.7099	     3.9669	     4.1589	   716.8171	 regenerative cooling, opposite flow
  185.7086	    31.4539	     7.3683	 16860.6427	     0.0000	 16860.6427	   772.7419	   772.7419	   688.4386	   375.1698	     3.9672	     4.1443	   717.3961	 regenerative cooling, opposite flow
  185.9423	    31.5434	     7.3042	 16721.0602	     0.0000	 16721.0602	   771.7582	   771.7582	   688.1529	   374.6317	     3.9674	     4.1297	   717.9713	 regenerative cooling, opposite flow
  186.1760	    31.6326	     7.2409	 16582.9119	     0.0000	 16582.9119	   770.7805	   770.7805	   687.8659	   374.0957	     3.9677	     4.1153	   718.5426	 regenerative cooling, opposite flow
  186.4098	    31.7217	     7.1782	 16446.1795	     0.0000	 16446.1795	   769.8085	   769.8085	   687.5776	   373.5616	     3.9680	     4.1010	   719.1101	 regenerative cooling, opposite flow
  186.6435	    31.8107	     7.1162	 16310.8449	     0.0000	 16310.8449	   768.8421	   768.8421	   687.2879	   373.0296	     3.9682	     4.0868	   719.6739	 regenerative cooling, opposite flow
  186.8773	    31.8995	     7.0549	 16176.8896	     0.0000	 16176.8896	   767.8814	   767.8814	   686.9969	   372.4995	     3.9685	     4.0728	   720.2340	 regenerative cooling, opposite flow
  187.1110	    31.9881	     6.9942	 16044.2966	     0.0000	 16044.2966	   766.9261	   766.9261	   686.7046	   371.9715	     3.9688	     4.0589	   720.7905	 regenerative cooling, opposite flow
  187.3448	    32.0766	     6.9342	 15913.0480	     0.0000	 15913.0480	   765.9761	   765.9761	   686.4109	   371.4454	     3.9690	     4.0450	   721.3433	 regenerative cooling, opposite flow
  187.5785	    32.1649	     6.8748	 15783.1274	     0.0000	 15783.1274	   765.0315	   765.0315	   686.1159	   370.9213	     3.9693	     4.0313	   721.8925	 regenerative cooling, opposite flow
  187.8122	    32.2530	     6.8161	 15654.5174	     0.0000	 15654.5174	   764.0921	   764.0921	   685.8195	   370.3992	     3.9695	     4.0178	   722.4382	 regenerative cooling, opposite flow
  188.0460	    32.3410	     6.7580	 15527.2020	     0.0000	 15527.2020	   763.1578	   763.1578	   685.5218	   369.8790	     3.9698	     4.0043	   722.9803	 regenerative cooling, opposite flow
  188.2797	    32.4289	     6.7005	 15401.1642	     0.0000	 15401.1642	   762.2285	   762.2285	   685.2227	   369.3609	     3.9700	     3.9909	   723.5190	 regenerative cooling, opposite flow
  188.5135	    32.5165	     6.6436	 15276.3889	     0.0000	 15276.3889	   761.3041	   761.3041	   684.9222	   368.8447	     3.9703	     3.9777	   724.0542	 regenerative cooling, opposite flow
  188.7472	    32.6041	     6.5873	 15152.8595	     0.0000	 15152.8595	   760.3846	   760.3846	   684.6203	   368.3304	     3.9705	     3.9646	   724.5860	 regenerative cooling, opposite flow
  188.9810	    32.6914	     6.5316	 15030.5608	     0.0000	 15030.5608	   759.4698	   759.4698	   684.3170	   367.8181	     3.9707	     3.9515	   725.1144	 regenerative cooling, opposite flow
  189.2147	    32.7786	     6.4765	 14909.4774	     0.0000	 14909.4774	   758.5597	   758.5597	   684.0124	   367.3078	     3.9710	     3.9386	   725.6395	 regenerative cooling, opposite flow
  189.4484	    32.8656	     6.4220	 14789.5944	     0.0000	 14789.5944	   757.6542	   757.6542	   683.7063	   366.7993	     3.9712	     3.9258	   726.1613	 regenerative cooling, opposite flow
  189.6822	    32.9525	     6.3680	 14670.8966	     0.0000	 14670.8966	   756.7532	   756.7532	   683.3988	   366.2929	     3.9715	     3.9131	   726.6797	 regenerative cooling, opposite flow
  189.9159	    33.0392	     6.3146	 14553.3701	     0.0000	 14553.3701	   755.8567	   755.8567	   683.0898	   365.7883	     3.9717	     3.9005	   727.1950	 regenerative cooling, opposite flow
  190.1497	    33.1258	     6.2618	 14436.9996	     0.0000	 14436.9996	   754.9644	   754.9644	   682.7794	   365.2857	     3.9719	     3.8880	   727.7070	 regenerative cooling, opposite flow
  190.3834	    33.2122	     6.2095	 14321.7719	     0.0000	 14321.7719	   754.0764	   754.0764	   682.4676	   364.7850	     3.9722	     3.8756	   728.2158	 regenerative cooling, opposite flow
  190.6172	    33.2984	     6.1577	 14207.6720	     0.0000	 14207.6720	   753.1926	   753.1926	   682.1542	   364.2863	     3.9724	     3.8633	   728.7215	 regenerative cooling, opposite flow
  190.8509	    33.3844	     6.1065	 14094.6870	     0.0000	 14094.6870	   752.3128	   752.3128	   681.8394	   363.7894	     3.9726	     3.8511	   729.2240	 regenerative cooling, opposite flow
  191.0846	    33.4703	     6.0558	 13982.8031	     0.0000	 13982.8031	   751.4371	   751.4371	   681.5231	   363.2945	     3.9728	     3.8390	   729.7234	 regenerative cooling, opposite flow
  191.3184	    33.5561	     6.0056	 13872.0068	     0.0000	 13872.0068	   750.5653	   750.5653	   681.2052	   362.8014	     3.9731	     3.8270	   730.2198	 regenerative cooling, opposite flow
  191.5521	    33.6416	     5.9559	 13762.2851	     0.0000	 13762.2851	   749.6973	   749.6973	   680.8858	   362.3103	     3.9733	     3.8151	   730.7131	 regenerative cooling, opposite flow
  191.7859	    33.7270	     5.9068	 13653.6251	     0.0000	 13653.6251	   748.8330	   748.8330	   680.5649	   361.8211	     3.9735	     3.8033	   731.2034	 regenerative cooling, opposite flow
  192.0196	    33.8123	     5.8581	 13546.0139	     0.0000	 13546.0139	   747.9725	   747.9725	   680.2424	   361.3337	     3.9737	     3.7915	   731.6907	 regenerative cooling, opposite flow
  192.2534	    33.8974	     5.8099	 13439.4389	     0.0000	 13439.4389	   747.1155	   747.1155	   679.9183	   360.8482	     3.9739	     3.7799	   732.1751	 regenerative cooling, opposite flow
  192.4871	    33.9823	     5.7622	 13333.8880	     0.0000	 13333.8880	   746.2621	   746.2621	   679.5926	   360.3646	     3.9742	     3.7684	   732.6565	 regenerative cooling, opposite flow
  192.7208	    34.0670	     5.7150	 13229.3492	     0.0000	 13229.3492	   745.4121	   745.4121	   679.2653	   359.8829	     3.9744	     3.7569	   733.1351	 regenerative cooling, opposite flow
  192.9546	    34.1516	     5.6684	 13125.9813	     0.0000	 13125.9813	   744.5705	   744.5705	   678.9406	   359.4031	     3.9746	     3.7456	   733.6107	 regenerative cooling, opposite flow
  193.1883	    34.2360	     5.6221	 13023.4288	     0.0000	 13023.4288	   743.7271	   743.7271	   678.6100	   358.9251	     3.9748	     3.7343	   734.0835	 regenerative cooling, opposite flow
  193.4221	    34.3202	     5.5763	 12921.8527	     0.0000	 12921.8527	   742.8870	   742.8870	   678.2777	   358.4490	     3.9750	     3.7231	   734.5535	 regenerative cooling, opposite flow
  193.6558	    34.4043	     5.5309	 12821.2412	     0.0000	 12821.2412	   742.0500	   742.0500	   677.9438	   357.9747	     3.9752	     3.7120	   735.0206	 regenerative cooling, opposite flow
  193.8896	    34.4882	     5.4860	 12721.5832	     0.0000	 12721.5832	   741.2160	   741.2160	   677.6081	   357.5023	     3.9754	     3.7010	   735.4850	 regenerative cooling, opposite flow
  194.1233	    34.5720	     5.4416	 12622.8672	     0.0000	 12622.8672	   740.3850	   740.3850	   677.2707	   357.0317	     3.9756	     3.6901	   735.9467	 regenerative cooling, opposite flow
  194.3570	    34.6556	     5.3975	 12525.0828	     0.0000	 12525.0828	   739.5569	   739.5569	   676.9315	   356.5630	     3.9758	     3.6793	   736.4056	 regenerative cooling, opposite flow
  194.5908	    34.7390	     5.3540	 12428.2186	     0.0000	 12428.2186	   738.7316	   738.7316	   676.5905	   356.0961	     3.9760	     3.6685	   736.8617	 regenerative cooling, opposite flow
  194.8245	    34.8222	     5.3108	 12332.2643	     0.0000	 12332.2643	   737.9090	   737.9090	   676.2477	   355.6310	     3.9762	     3.6579	   737.3153	 regenerative cooling, opposite flow
  195.0583	    34.9053	     5.2681	 12237.2088	     0.0000	 12237.2088	   737.0891	   737.0891	   675.9031	   355.1678	     3.9764	     3.6473	   737.7661	 regenerative cooling, opposite flow
  195.2920	    34.9882	     5.2257	 12143.0420	     0.0000	 12143.0420	   736.2718	   736.2718	   675.5566	   354.7064	     3.9766	     3.6368	   738.2143	 regenerative cooling, opposite flow
  195.5258	    35.0709	     5.1838	 12049.7541	     0.0000	 12049.7541	   735.4569	   735.4569	   675.2082	   354.2468	     3.9768	     3.6263	   738.6599	 regenerative cooling, opposite flow
  195.7595	    35.1535	     5.1423	 11957.3343	     0.0000	 11957.3343	   734.6445	   734.6445	   674.8579	   353.7890	     3.9770	     3.6160	   739.1029	 regenerative cooling, opposite flow
  195.9932	    35.2359	     5.1012	 11865.7732	     0.0000	 11865.7732	   733.8345	   733.8345	   674.5056	   353.3330	     3.9772	     3.6057	   739.5434	 regenerative cooling, opposite flow
  196.2270	    35.3181	     5.0605	 11775.0607	     0.0000	 11775.0607	   733.0267	   733.0267	   674.1514	   352.8788	     3.9774	     3.5955	   739.9813	 regenerative cooling, opposite flow
  196.4607	    35.4002	     5.0202	 11685.1873	     0.0000	 11685.1873	   732.2211	   732.2211	   673.7952	   352.4264	     3.9776	     3.5854	   740.4166	 regenerative cooling, opposite flow
  196.6945	    35.4820	     4.9803	 11596.1433	     0.0000	 11596.1433	   731.4176	   731.4176	   673.4369	   351.9759	     3.9778	     3.5754	   740.8495	 regenerative cooling, opposite flow
  196.9282	    35.5637	     4.9408	 11507.9192	     0.0000	 11507.9192	   730.6162	   730.6162	   673.0766	   351.5270	     3.9780	     3.5654	   741.2798	 regenerative cooling, opposite flow
  197.1620	    35.6453	     4.9016	 11420.5061	     0.0000	 11420.5061	   729.8167	   729.8167	   672.7142	   351.0800	     3.9782	     3.5555	   741.7077	 regenerative cooling, opposite flow
  197.3957	    35.7267	     4.8628	 11333.8946	     0.0000	 11333.8946	   729.0191	   729.0191	   672.3497	   350.6348	     3.9783	     3.5457	   742.1332	 regenerative cooling, opposite flow
  197.6294	    35.8078	     4.8244	 11248.0758	     0.0000	 11248.0758	   728.2234	   728.2234	   671.9830	   350.1913	     3.9785	     3.5360	   742.5562	 regenerative cooling, opposite flow
  197.8632	    35.8889	     4.7864	 11163.0409	     0.0000	 11163.0409	   727.4293	   727.4293	   671.6141	   349.7496	     3.9787	     3.5263	   742.9768	 regenerative cooling, opposite flow
  198.0969	    35.9697	     4.7487	 11078.7809	     0.0000	 11078.7809	   726.6369	   726.6369	   671.2430	   349.3097	     3.9789	     3.5167	   743.3951	 regenerative cooling, opposite flow
  198.3307	    36.0504	     4.7114	 10995.2873	     0.0000	 10995.2873	   725.8461	   725.8461	   670.8697	   348.8715	     3.9791	     3.5072	   743.8110	 regenerative cooling, opposite flow
  198.5644	    36.1309	     4.6744	 10912.5513	     0.0000	 10912.5513	   725.0568	   725.0568	   670.4941	   348.4350	     3.9792	     3.4977	   744.2245	 regenerative cooling, opposite flow
  198.7982	    36.2112	     4.6377	 10830.5648	     0.0000	 10830.5648	   724.2689	   724.2689	   670.1161	   348.0004	     3.9794	     3.4883	   744.6357	 regenerative cooling, opposite flow
  199.0319	    36.2914	     4.6015	 10749.3196	     0.0000	 10749.3196	   723.4824	   723.4824	   669.7358	   347.5674	     3.9796	     3.4790	   745.0445	 regenerative cooling, opposite flow
  199.2656	    36.3714	     4.5655	 10668.8074	     0.0000	 10668.8074	   722.6971	   722.6971	   669.3531	   347.1362	     3.9798	     3.4697	   745.4511	 regenerative cooling, opposite flow
  199.4994	    36.4512	     4.5299	 10589.0199	     0.0000	 10589.0199	   721.9131	   721.9131	   668.9680	   346.7067	     3.9800	     3.4606	   745.8554	 regenerative cooling, opposite flow
  199.7331	    36.5308	     4.4946	 10509.9493	     0.0000	 10509.9493	   721.1301	   721.1301	   668.5803	   346.2790	     3.9801	     3.4515	   746.2575	 regenerative cooling, opposite flow
  199.9669	    36.6103	     4.4597	 10431.5879	     0.0000	 10431.5879	   720.3482	   720.3482	   668.1902	   345.8530	     3.9803	     3.4424	   746.6573	 regenerative cooling, opposite flow
  200.2006	    36.6895	     4.4250	 10353.9280	     0.0000	 10353.9280	   719.5672	   719.5672	   667.7975	   345.4287	     3.9805	     3.4334	   747.0549	 regenerative cooling, opposite flow
  200.4344	    36.7686	     4.3907	 10276.9616	     0.0000	 10276.9616	   718.7871	   718.7871	   667.4022	   345.0061	     3.9806	     3.4245	   747.4503	 regenerative cooling, opposite flow
  200.6681	    36.8476	     4.3567	 10200.6816	     0.0000	 10200.6816	   718.0077	   718.0077	   667.0043	   344.5852	     3.9808	     3.4156	   747.8435	 regenerative cooling, opposite flow
  200.9018	    36.9263	     4.3230	 10125.0801	     0.0000	 10125.0801	   717.2291	   717.2291	   666.6037	   344.1660	     3.9810	     3.4069	   748.2345	 regenerative cooling, opposite flow
  201.1356	    37.0049	     4.2897	 10050.1504	     0.0000	 10050.1504	   716.4512	   716.4512	   666.2004	   343.7485	     3.9812	     3.3981	   748.6234	 regenerative cooling, opposite flow
  201.3693	    37.0833	     4.2566	  9975.8848	     0.0000	  9975.8848	   715.6737	   715.6737	   665.7943	   343.3328	     3.9813	     3.3895	   749.0101	 regenerative cooling, opposite flow
  201.6031	    37.1615	     4.2238	  9902.2762	     0.0000	  9902.2762	   714.8968	   714.8968	   665.3854	   342.9187	     3.9815	     3.3809	   749.3947	 regenerative cooling, opposite flow
  201.8368	    37.2395	     4.1914	  9829.3177	     0.0000	  9829.3177	   714.1202	   714.1202	   664.9736	   342.5063	     3.9816	     3.3723	   749.7772	 regenerative cooling, opposite flow
  202.0705	    37.3174	     4.1592	  9757.0024	     0.0000	  9757.0024	   713.3440	   713.3440	   664.5589	   342.0955	     3.9818	     3.3638	   750.1576	 regenerative cooling, opposite flow
  202.3043	    37.3951	     4.1273	  9685.3232	     0.0000	  9685.3232	   712.5679	   712.5679	   664.1413	   341.6865	     3.9820	     3.3554	   750.5360	 regenerative cooling, opposite flow
  202.5380	    37.4726	     4.0958	  9614.2739	     0.0000	  9614.2739	   711.7920	   711.7920	   663.7207	   341.2791	     3.9821	     3.3471	   750.9122	 regenerative cooling, opposite flow
  202.7718	    37.5499	     4.0644	  9543.8472	     0.0000	  9543.8472	   711.0162	   711.0162	   663.2970	   340.8734	     3.9823	     3.3388	   751.2865	 regenerative cooling, opposite flow
  203.0055	    37.6270	     4.0334	  9474.0368	     0.0000	  9474.0368	   710.2403	   710.2403	   662.8701	   340.4693	     3.9825	     3.3305	   751.6587	 regenerative cooling, opposite flow
  203.2393	    37.7040	     4.0027	  9404.8362	     0.0000	  9404.8362	   709.4643	   709.4643	   662.4401	   340.0669	     3.9826	     3.3223	   752.0288	 regenerative cooling, opposite flow
  203.4730	    37.7808	     3.9722	  9336.2389	     0.0000	  9336.2389	   708.6881	   708.6881	   662.0069	   339.6661	     3.9828	     3.3142	   752.3970	 regenerative cooling, opposite flow
  203.7067	    37.8574	     3.9420	  9268.2388	     0.0000	  9268.2388	   707.9117	   707.9117	   661.5705	   339.2670	     3.9829	     3.3061	   752.7632	 regenerative cooling, opposite flow
  203.9405	    37.9338	     3.9121	  9200.8294	     0.0000	  9200.8294	   707.1348	   707.1348	   661.1307	   338.8695	     3.9831	     3.2981	   753.1274	 regenerative cooling, opposite flow
  204.1742	    38.0100	     3.8825	  9134.0048	     0.0000	  9134.0048	   706.3575	   706.3575	   660.6875	   338.4737	     3.9832	     3.2902	   753.4897	 regenerative cooling, opposite flow
  204.4080	    38.0861	     3.8531	  9067.7589	     0.0000	  9067.7589	   705.5796	   705.5796	   660.2408	   338.0795	     3.9834	     3.2823	   753.8500	 regenerative cooling, opposite flow
  204.6417	    38.1619	     3.8240	  9002.2063	     0.0000	  9002.2063	   704.8060	   704.8060	   659.7950	   337.6869	     3.9835	     3.2744	   754.2084	 regenerative cooling, opposite flow
  204.8755	    38.2376	     3.7951	  8937.0992	     0.0000	  8937.0992	   704.0268	   704.0268	   659.3413	   337.2959	     3.9837	     3.2667	   754.5649	 regenerative cooling, opposite flow
  205.1092	    38.3131	     3.7665	  8872.5533	     0.0000	  8872.5533	   703.2467	   703.2467	   658.8840	   336.9066	     3.9838	     3.2589	   754.9194	 regenerative cooling, opposite flow
  205.3429	    38.3885	     3.7381	  8808.5623	     0.0000	  8808.5623	   702.4658	   702.4658	   658.4230	   336.5188	     3.9840	     3.2512	   755.2721	 regenerative cooling, opposite flow
  205.5767	    38.4636	     3.7100	  8745.1207	     0.0000	  8745.1207	   701.6838	   701.6838	   657.9582	   336.1327	     3.9841	     3.2436	   755.6229	 regenerative cooling, opposite flow
  205.8104	    38.5385	     3.6822	  8682.2231	     0.0000	  8682.2231	   700.9007	   700.9007	   657.4895	   335.7482	     3.9843	     3.2360	   755.9719	 regenerative cooling, opposite flow
  206.0442	    38.6133	     3.6545	  8619.8640	     0.0000	  8619.8640	   700.1164	   700.1164	   657.0170	   335.3652	     3.9844	     3.2285	   756.3189	 regenerative cooling, opposite flow
  206.2779	    38.6879	     3.6272	  8558.0376	     0.0000	  8558.0376	   699.3307	   699.3307	   656.5405	   334.9839	     3.9846	     3.2210	   756.6642	 regenerative cooling, opposite flow
  206.5117	    38.7623	     3.6000	  8496.7389	     0.0000	  8496.7389	   698.5437	   698.5437	   656.0600	   334.6041	     3.9847	     3.2136	   757.0076	 regenerative cooling, opposite flow
  206.7454	    38.8365	     3.5731	  8435.9624	     0.0000	  8435.9624	   697.7552	   697.7552	   655.5754	   334.2259	     3.9849	     3.2063	   757.3492	 regenerative cooling, opposite flow
  206.9791	    38.9105	     3.5464	  8375.7030	     0.0000	  8375.7030	   696.9650	   696.9650	   655.0865	   333.8493	     3.9850	     3.1989	   757.6890	 regenerative cooling, opposite flow
  207.2129	    38.9843	     3.5200	  8315.9555	     0.0000	  8315.9555	   696.1732	   696.1732	   654.5934	   333.4743	     3.9852	     3.1917	   758.0270	 regenerative cooling, opposite flow
  207.4466	    39.0580	     3.4938	  8256.7146	     0.0000	  8256.7146	   695.3795	   695.3795	   654.0960	   333.1009	     3.9853	     3.1845	   758.3633	 regenerative cooling, opposite flow
  207.6804	    39.1315	     3.4678	  8197.9755	     0.0000	  8197.9755	   694.5839	   694.5839	   653.5941	   332.7290	     3.9855	     3.1773	   758.6978	 regenerative cooling, opposite flow
  207.9141	    39.2047	     3.4420	  8139.7332	     0.0000	  8139.7332	   693.7863	   693.7863	   653.0877	   332.3586	     3.9856	     3.1702	   759.0305	 regenerative cooling, opposite flow
  208.1479	    39.2778	     3.4165	  8081.9827	     0.0000	  8081.9827	   692.9866	   692.9866	   652.5767	   331.9898	     3.9857	     3.1631	   759.3615	 regenerative cooling, opposite flow
  208.3816	    39.3507	     3.3912	  8024.7194	     0.0000	  8024.7194	   692.1846	   692.1846	   652.0610	   331.6226	     3.9859	     3.1561	   759.6907	 regenerative cooling, opposite flow
  208.6153	    39.4234	     3.3661	  7967.9383	     0.0000	  7967.9383	   691.3802	   691.3802	   651.5405	   331.2569	     3.9860	     3.1491	   760.0182	 regenerative cooling, opposite flow
  208.8491	    39.4959	     3.3412	  7911.6349	     0.0000	  7911.6349	   690.5733	   690.5733	   651.0151	   330.8927	     3.9862	     3.1422	   760.3441	 regenerative cooling, opposite flow
  209.0828	    39.5683	     3.3165	  7855.8043	     0.0000	  7855.8043	   689.7639	   689.7639	   650.4848	   330.5301	     3.9863	     3.1353	   760.6682	 regenerative cooling, opposite flow
  209.3166	    39.6404	     3.2920	  7800.4423	     0.0000	  7800.4423	   688.9517	   688.9517	   649.9495	   330.1690	     3.9864	     3.1285	   760.9906	 regenerative cooling, opposite flow
  209.5503	    39.7123	     3.2678	  7745.5441	     0.0000	  7745.5441	   688.1367	   688.1367	   649.4089	   329.8094	     3.9866	     3.1217	   761.3114	 regenerative cooling, opposite flow
  209.7841	    39.7841	     3.2437	  7691.1054	     0.0000	  7691.1054	   687.3187	   687.3187	   648.8632	   329.4514	     3.9867	     3.1150	   761.6305	 regenerative cooling, opposite flow
  210.0178	    39.8557	     3.2199	  7637.1217	     0.0000	  7637.1217	   686.4976	   686.4976	   648.3120	   329.0949	     3.9868	     3.1083	   761.9480	 regenerative cooling, opposite flow
  210.2515	    39.9270	     3.1962	  7583.5888	     0.0000	  7583.5888	   685.6733	   685.6733	   647.7553	   328.7398	     3.9870	     3.1016	   762.2638	 regenerative cooling, opposite flow
  210.4853	    39.9982	     3.1728	  7530.5025	     0.0000	  7530.5025	   684.8456	   684.8456	   647.1931	   328.3863	     3.9871	     3.0950	   762.5780	 regenerative cooling, opposite flow
  210.7190	    40.0692	     3.1495	  7477.8584	     0.0000	  7477.8584	   684.0145	   684.0145	   646.6252	   328.0343	     3.9872	     3.0885	   762.8905	 regenerative cooling, opposite flow
  210.9528	    40.1400	     3.1265	  7425.6525	     0.0000	  7425.6525	   683.1797	   683.1797	   646.0514	   327.6837	     3.9874	     3.0820	   763.2015	 regenerative cooling, opposite flow
  211.1865	    40.2106	     3.1036	  7373.8808	     0.0000	  7373.8808	   682.3411	   682.3411	   645.4717	   327.3347	     3.9875	     3.0755	   763.5108	 regenerative cooling, opposite flow
  211.4203	    40.2810	     3.0809	  7322.5391	     0.0000	  7322.5391	   681.4987	   681.4987	   644.8860	   326.9871	     3.9876	     3.0691	   763.8186	 regenerative cooling, opposite flow
  211.6540	    40.3512	     3.0584	  7271.6235	     0.0000	  7271.6235	   680.6521	   680.6521	   644.2940	   326.6411	     3.9878	     3.0627	   764.1248	 regenerative cooling, opposite flow
  211.8877	    40.4212	     3.0361	  7221.1302	     0.0000	  7221.1302	   679.8014	   679.8014	   643.6957	   326.2965	     3.9879	     3.0563	   764.4294	 regenerative cooling, opposite flow
  212.1215	    40.4911	     3.0140	  7171.0552	     0.0000	  7171.0552	   678.9462	   678.9462	   643.0910	   325.9533	     3.9880	     3.0500	   764.7324	 regenerative cooling, opposite flow
  212.3552	    40.5607	     2.9921	  7121.3947	     0.0000	  7121.3947	   678.0866	   678.0866	   642.4796	   325.6117	     3.9881	     3.0438	   765.0340	 regenerative cooling, opposite flow
  212.5890	    40.6301	     2.9704	  7072.1451	     0.0000	  7072.1451	   677.2222	   677.2222	   641.8615	   325.2715	     3.9883	     3.0376	   765.3339	 regenerative cooling, opposite flow
  212.8227	    40.6994	     2.9488	  7023.3027	     0.0000	  7023.3027	   676.3530	   676.3530	   641.2365	   324.9327	     3.9884	     3.0314	   765.6324	 regenerative cooling, opposite flow
  213.0565	    40.7684	     2.9274	  6974.8640	     0.0000	  6974.8640	   675.4787	   675.4787	   640.6044	   324.5954	     3.9885	     3.0253	   765.9293	 regenerative cooling, opposite flow
  213.2902	    40.8372	     2.9062	  6926.8251	     0.0000	  6926.8251	   674.5992	   674.5992	   639.9651	   324.2596	     3.9887	     3.0192	   766.2247	 regenerative cooling, opposite flow
  213.5239	    40.9059	     2.8852	  6879.1828	     0.0000	  6879.1828	   673.7143	   673.7143	   639.3184	   323.9252	     3.9888	     3.0131	   766.5186	 regenerative cooling, opposite flow
  213.7577	    40.9743	     2.8643	  6831.9336	     0.0000	  6831.9336	   672.8238	   672.8238	   638.6642	   323.5922	     3.9889	     3.0071	   766.8110	 regenerative cooling, opposite flow
  213.9914	    41.0426	     2.8437	  6785.1663	     0.0000	  6785.1663	   671.9323	   671.9323	   638.0065	   323.2606	     3.9890	     3.0012	   767.1019	 regenerative cooling, opposite flow
  214.2252	    41.1106	     2.8232	  6738.6929	     0.0000	  6738.6929	   671.0301	   671.0301	   637.3366	   322.9305	     3.9891	     2.9952	   767.3914	 regenerative cooling, opposite flow
  214.4589	    41.1785	     2.8028	  6692.6027	     0.0000	  6692.6027	   670.1217	   670.1217	   636.6587	   322.6018	     3.9893	     2.9893	   767.6794	 regenerative cooling, opposite flow
  214.6927	    41.2461	     2.7826	  6646.8923	     0.0000	  6646.8923	   669.2069	   669.2069	   635.9724	   322.2745	     3.9894	     2.9835	   767.9659	 regenerative cooling, opposite flow
  214.9264	    41.3136	     2.7626	  6601.5587	     0.0000	  6601.5587	   668.2854	   668.2854	   635.2776	   321.9486	     3.9895	     2.9777	   768.2510	 regenerative cooling, opposite flow
  215.1601	    41.3808	     2.7428	  6556.5988	     0.0000	  6556.5988	   667.3571	   667.3571	   634.5741	   321.6242	     3.9896	     2.9719	   768.5346	 regenerative cooling, opposite flow
  215.3939	    41.4479	     2.7231	  6512.0094	     0.0000	  6512.0094	   666.4217	   666.4217	   633.8617	   321.3011	     3.9898	     2.9662	   768.8169	 regenerative cooling, opposite flow
  215.6276	    41.5147	     2.7035	  6467.7878	     0.0000	  6467.7878	   665.4790	   665.4790	   633.1401	   320.9794	     3.9899	     2.9605	   769.0977	 regenerative cooling, opposite flow
  215.8614	    41.5814	     2.6842	  6423.9309	     0.0000	  6423.9309	   664.5287	   664.5287	   632.4091	   320.6591	     3.9900	     2.9548	   769.3771	 regenerative cooling, opposite flow
  216.0951	    41.6478	     2.6649	  6380.4360	     0.0000	  6380.4360	   663.5706	   663.5706	   631.6684	   320.3402	     3.9901	     2.9492	   769.6550	 regenerative cooling, opposite flow
  216.3289	    41.7141	     2.6459	  6337.3001	     0.0000	  6337.3001	   662.6043	   662.6043	   630.9178	   320.0227	     3.9902	     2.9436	   769.9316	 regenerative cooling, opposite flow
  216.5626	    41.7801	     2.6270	  6294.5207	     0.0000	  6294.5207	   661.6297	   661.6297	   630.1571	   319.7065	     3.9903	     2.9381	   770.2069	 regenerative cooling, opposite flow
  216.7963	    41.8459	     2.6082	  6252.0949	     0.0000	  6252.0949	   660.6464	   660.6464	   629.3859	   319.3918	     3.9905	     2.9326	   770.4807	 regenerative cooling, opposite flow
  217.0301	    41.9116	     2.5896	  6210.0203	     0.0000	  6210.0203	   659.6541	   659.6541	   628.6039	   319.0783	     3.9906	     2.9271	   770.7532	 regenerative cooling, opposite flow
  217.2638	    41.9770	     2.5712	  6168.2943	     0.0000	  6168.2943	   658.6524	   658.6524	   627.8110	   318.7663	     3.9907	     2.9216	   771.0243	 regenerative cooling, opposite flow
  217.4976	    42.0422	     2.5529	  6126.9146	     0.0000	  6126.9146	   657.6412	   657.6412	   627.0066	   318.4556	     3.9908	     2.9162	   771.2940	 regenerative cooling, opposite flow
  217.7313	    42.1072	     2.5347	  6085.8785	     0.0000	  6085.8785	   656.6199	   656.6199	   626.1905	   318.1462	     3.9909	     2.9109	   771.5624	 regenerative cooling, opposite flow
  217.9651	    42.1720	     2.5167	  6045.1838	     0.0000	  6045.1838	   655.5884	   655.5884	   625.3624	   317.8382	     3.9910	     2.9055	   771.8295	 regenerative cooling, opposite flow
  218.1988	    42.2366	     2.4989	  6004.8283	     0.0000	  6004.8283	   654.5461	   654.5461	   624.5220	   317.5315	     3.9912	     2.9002	   772.0953	 regenerative cooling, opposite flow
  218.4325	    42.3010	     2.4811	  5964.8099	     0.0000	  5964.8099	   653.4927	   653.4927	   623.6687	   317.2262	     3.9913	     2.8950	   772.3597	 regenerative cooling, opposite flow
  218.6663	    42.3652	     2.4636	  5925.1264	     0.0000	  5925.1264	   652.4279	   652.4279	   622.8022	   316.9222	     3.9914	     2.8898	   772.6228	 regenerative cooling, opposite flow
  218.9000	    42.4292	     2.4461	  5885.7758	     0.0000	  5885.7758	   651.3511	   651.3511	   621.9222	   316.6195	     3.9915	     2.8846	   772.8847	 regenerative cooling, opposite flow
  219.1338	    42.4930	     2.4288	  5846.7561	     0.0000	  5846.7561	   650.2619	   650.2619	   621.0282	   316.3181	     3.9916	     2.8794	   773.1452	 regenerative cooling, opposite flow
  219.3675	    42.5566	     2.4117	  5808.0655	     0.0000	  5808.0655	   649.1599	   649.1599	   620.1196	   316.0180	     3.9917	     2.8743	   773.4045	 regenerative cooling, opposite flow
  219.6013	    42.6199	     2.3947	  5769.7023	     0.0000	  5769.7023	   648.0446	   648.0446	   619.1961	   315.7192	     3.9918	     2.8692	   773.6624	 regenerative cooling, opposite flow
  219.8350	    42.6831	     2.3778	  5731.6649	     0.0000	  5731.6649	   646.9155	   646.9155	   618.2572	   315.4217	     3.9919	     2.8641	   773.9191	 regenerative cooling, opposite flow
  220.0687	    42.7460	     2.3610	  5693.9515	     0.0000	  5693.9515	   645.7720	   645.7720	   617.3022	   315.1256	     3.9921	     2.8591	   774.1746	 regenerative cooling, opposite flow
  220.3025	    42.8087	     2.3444	  5656.5607	     0.0000	  5656.5607	   644.6135	   644.6135	   616.3307	   314.8307	     3.9922	     2.8541	   774.4288	 regenerative cooling, opposite flow
  220.5362	    42.8712	     2.3280	  5619.5682	     0.0000	  5619.5682	   643.4440	   643.4440	   615.3461	   314.5370	     3.9923	     2.8492	   774.6818	 regenerative cooling, opposite flow
  220.7700	    42.9336	     2.3116	  5582.8187	     0.0000	  5582.8187	   642.2538	   642.2538	   614.3397	   314.2447	     3.9924	     2.8443	   774.9335	 regenerative cooling, opposite flow
  221.0037	    42.9956	     2.2954	  5546.3882	     0.0000	  5546.3882	   641.0468	   641.0468	   613.3149	   313.9536	     3.9925	     2.8394	   775.1840	 regenerative cooling, opposite flow
  221.2374	    43.0575	     2.2793	  5510.2756	     0.0000	  5510.2756	   639.8223	   639.8223	   612.2709	   313.6638	     3.9926	     2.8345	   775.4333	 regenerative cooling, opposite flow
  221.4712	    43.1192	     2.2634	  5474.4799	     0.0000	  5474.4799	   638.5795	   638.5795	   611.2071	   313.3752	     3.9927	     2.8297	   775.6813	 regenerative cooling, opposite flow
  221.7049	    43.1807	     2.2476	  5439.0006	     0.0000	  5439.0006	   637.3176	   637.3176	   610.1226	   313.0879	     3.9928	     2.8249	   775.9282	 regenerative cooling, opposite flow
  221.9387	    43.2419	     2.2319	  5403.8369	     0.0000	  5403.8369	   636.0358	   636.0358	   609.0166	   312.8018	     3.9929	     2.8201	   776.1739	 regenerative cooling, opposite flow
  222.1724	    43.3029	     2.2163	  5368.9886	     0.0000	  5368.9886	   634.7332	   634.7332	   607.8883	   312.5170	     3.9930	     2.8154	   776.4184	 regenerative cooling, opposite flow
  222.4062	    43.3638	     2.2009	  5334.4552	     0.0000	  5334.4552	   633.4089	   633.4089	   606.7367	   312.2334	     3.9931	     2.8107	   776.6617	 regenerative cooling, opposite flow
  222.6399	    43.4244	     2.1856	  5300.2368	     0.0000	  5300.2368	   632.0619	   632.0619	   605.5607	   311.9510	     3.9932	     2.8060	   776.9038	 regenerative cooling, opposite flow
  222.8736	    43.4847	     2.1704	  5266.3335	     0.0000	  5266.3335	   630.6911	   630.6911	   604.3594	   311.6698	     3.9933	     2.8014	   777.1448	 regenerative cooling, opposite flow
  223.1074	    43.5449	     2.1553	  5232.7455	     0.0000	  5232.7455	   629.2953	   629.2953	   603.1315	   311.3898	     3.9934	     2.7968	   777.3847	 regenerative cooling, opposite flow
  223.3411	    43.6049	     2.1404	  5199.4734	     0.0000	  5199.4734	   627.8733	   627.8733	   601.8760	   311.1111	     3.9935	     2.7922	   777.6234	 regenerative cooling, opposite flow
  223.5749	    43.6646	     2.1255	  5166.5181	     0.0000	  5166.5181	   626.4240	   626.4240	   600.5914	   310.8335	     3.9936	     2.7876	   777.8610	 regenerative cooling, opposite flow
  223.8086	    43.7241	     2.1109	  5133.8806	     0.0000	  5133.8806	   624.9457	   624.9457	   599.2763	   310.5571	     3.9938	     2.7831	   778.0974	 regenerative cooling, opposite flow
  224.0424	    43.7834	     2.0963	  5101.5622	     0.0000	  5101.5622	   623.4371	   623.4371	   597.9293	   310.2819	     3.9939	     2.7786	   778.3327	 regenerative cooling, opposite flow
  224.2761	    43.8425	     2.0818	  5069.5646	     0.0000	  5069.5646	   621.8966	   621.8966	   596.5487	   310.0078	     3.9940	     2.7742	   778.5670	 regenerative cooling, opposite flow
  224.5098	    43.9014	     2.0675	  5037.8900	     0.0000	  5037.8900	   620.3223	   620.3223	   595.1329	   309.7349	     3.9941	     2.7697	   778.8001	 regenerative cooling, opposite flow
  224.7436	    43.9600	     2.0533	  5006.6090	     0.0000	  5006.6090	   618.7167	   618.7167	   593.6837	   309.4632	     3.9942	     2.7653	   779.0322	 regenerative cooling, opposite flow
  224.9773	    44.0184	     2.0392	  4975.5878	     0.0000	  4975.5878	   617.0694	   617.0694	   592.1914	   309.1926	     3.9943	     2.7610	   779.2632	 regenerative cooling, opposite flow
  225.2111	    44.0766	     2.0253	  4944.8980	     0.0000	  4944.8980	   615.3822	   615.3822	   590.6577	   308.9231	     3.9944	     2.7566	   779.4931	 regenerative cooling, opposite flow
  225.4448	    44.1346	     2.0114	  4914.5434	     0.0000	  4914.5434	   613.6528	   613.6528	   589.0801	   308.6547	     3.9945	     2.7523	   779.7219	 regenerative cooling, opposite flow
  225.6786	    44.1924	     1.9977	  4884.5284	     0.0000	  4884.5284	   611.8787	   611.8787	   587.4561	   308.3875	     3.9946	     2.7480	   779.9498	 regenerative cooling, opposite flow
  225.9123	    44.2499	     1.9841	  4854.8581	     0.0000	  4854.8581	   610.0570	   610.0570	   585.7827	   308.1213	     3.9947	     2.7438	   780.1765	 regenerative cooling, opposite flow
  226.1460	    44.3072	     1.9707	  4825.5380	     0.0000	  4825.5380	   608.1846	   608.1846	   584.0569	   307.8563	     3.9948	     2.7395	   780.4023	 regenerative cooling, opposite flow
  226.3798	    44.3643	     1.9573	  4796.5749	     0.0000	  4796.5749	   606.2582	   606.2582	   582.2753	   307.5923	     3.9949	     2.7353	   780.6271	 regenerative cooling, opposite flow
  226.6135	    44.4212	     1.9441	  4767.9761	     0.0000	  4767.9761	   604.2740	   604.2740	   580.4341	   307.3294	     3.9950	     2.7312	   780.8508	 regenerative cooling, opposite flow
  226.8473	    44.4779	     1.9310	  4739.7501	     0.0000	  4739.7501	   602.2279	   602.2279	   578.5291	   307.0676	     3.9951	     2.7270	   781.0736	 regenerative cooling, opposite flow
  227.0810	    44.5343	     1.9180	  4711.9066	     0.0000	  4711.9066	   600.1154	   600.1154	   576.5559	   306.8068	     3.9952	     2.7229	   781.2954	 regenerative cooling, opposite flow
  227.3148	    44.5905	     1.9051	  4684.4565	     0.0000	  4684.4565	   597.9315	   597.9315	   574.5092	   306.5470	     3.9952	     2.7188	   781.5163	 regenerative cooling, opposite flow
  227.5485	    44.6465	     1.8924	  4657.4762	     0.0000	  4657.4762	   595.6746	   595.6746	   572.3872	   306.2882	     3.9953	     2.7147	   781.7362	 regenerative cooling, opposite flow
  227.7822	    44.7022	     1.8798	  4630.8528	     0.0000	  4630.8528	   593.3305	   593.3305	   570.1763	   306.0304	     3.9954	     2.7107	   781.9552	 regenerative cooling, opposite flow
  228.0160	    44.7577	     1.8672	  4603.3859	     0.0000	  4603.3859	   591.2989	   591.2989	   568.2820	   305.7737	     3.9955	     2.7067	   782.1732	 regenerative cooling, opposite flow
  228.2497	    44.8130	     1.8538	  4571.4187	     0.0000	  4571.4187	   590.7422	   590.7422	   567.8851	   305.5183	     3.9956	     2.7027	   782.3900	 regenerative cooling, opposite flow
  228.4835	    44.8681	     1.8405	  4539.6730	     0.0000	  4539.6730	   590.1836	   590.1836	   567.4852	   305.2641	     3.9957	     2.6987	   782.6056	 regenerative cooling, opposite flow
  228.7172	    44.9229	     1.8273	  4508.1469	     0.0000	  4508.1469	   589.6232	   589.6232	   567.0824	   305.0113	     3.9958	     2.6948	   782.8201	 regenerative cooling, opposite flow
  228.9510	    44.9775	     1.8142	  4476.8383	     0.0000	  4476.8383	   589.0608	   589.0608	   566.6766	   304.7598	     3.9959	     2.6909	   783.0334	 regenerative cooling, opposite flow
  229.1847	    45.0319	     1.8012	  4445.7453	     0.0000	  4445.7453	   588.4965	   588.4965	   566.2678	   304.5096	     3.9960	     2.6870	   783.2455	 regenerative cooling, opposite flow
  229.4184	    45.0861	     1.7883	  4414.8661	     0.0000	  4414.8661	   587.9302	   587.9302	   565.8559	   304.2606	     3.9961	     2.6832	   783.4564	 regenerative cooling, opposite flow
  229.6522	    45.1400	     1.7755	  4384.1986	     0.0000	  4384.1986	   587.3619	   587.3619	   565.4409	   304.0130	     3.9962	     2.6794	   783.6662	 regenerative cooling, opposite flow
  229.8859	    45.1937	     1.7628	  4353.7411	     0.0000	  4353.7411	   586.7915	   586.7915	   565.0228	   303.7666	     3.9963	     2.6756	   783.8748	 regenerative cooling, opposite flow
  230.1197	    45.2471	     1.7502	  4323.4916	     0.0000	  4323.4916	   586.2190	   586.2190	   564.6016	   303.5215	     3.9964	     2.6718	   784.0823	 regenerative cooling, opposite flow
  230.3534	    45.3004	     1.7376	  4293.4482	     0.0000	  4293.4482	   585.6444	   585.6444	   564.1772	   303.2777	     3.9965	     2.6680	   784.2887	 regenerative cooling, opposite flow
  230.5872	    45.3534	     1.7251	  4263.6092	     0.0000	  4263.6092	   585.0676	   585.0676	   563.7495	   303.0352	     3.9966	     2.6643	   784.4939	 regenerative cooling, opposite flow
  230.8209	    45.4061	     1.7128	  4233.9728	     0.0000	  4233.9728	   584.4885	   584.4885	   563.3187	   302.7939	     3.9967	     2.6606	   784.6979	 regenerative cooling, opposite flow
  231.0546	    45.4586	     1.7005	  4204.5371	     0.0000	  4204.5371	   583.9072	   583.9072	   562.8845	   302.5539	     3.9968	     2.6570	   784.9008	 regenerative cooling, opposite flow
  231.2884	    45.5109	     1.6882	  4175.3003	     0.0000	  4175.3003	   583.3236	   583.3236	   562.4471	   302.3152	     3.9969	     2.6533	   785.1026	 regenerative cooling, opposite flow
  231.5221	    45.5630	     1.6761	  4146.2607	     0.0000	  4146.2607	   582.7376	   582.7376	   562.0063	   302.0777	     3.9969	     2.6497	   785.3033	 regenerative cooling, opposite flow
  231.7559	    45.6148	     1.6641	  4117.4166	     0.0000	  4117.4166	   582.1492	   582.1492	   561.5622	   301.8414	     3.9970	     2.6461	   785.5029	 regenerative cooling, opposite flow
  231.9896	    45.6664	     1.6521	  4088.7661	     0.0000	  4088.7661	   581.5585	   581.5585	   561.1146	   301.6064	     3.9971	     2.6426	   785.7013	 regenerative cooling, opposite flow
  232.2234	    45.7178	     1.6402	  4060.3077	     0.0000	  4060.3077	   580.9652	   580.9652	   560.6637	   301.3727	     3.9972	     2.6390	   785.8987	 regenerative cooling, opposite flow
  232.4571	    45.7689	     1.6284	  4032.0395	     0.0000	  4032.0395	   580.3695	   580.3695	   560.2093	   301.1402	     3.9973	     2.6355	   786.0949	 regenerative cooling, opposite flow
  232.6908	    45.8198	     1.6162	  4001.2063	     0.0000	  4001.2063	   580.7017	   580.7017	   560.6957	   300.9091	     3.9974	     2.6320	   786.2899	 regenerative cooling, opposite flow
  232.9246	    45.8704	     1.6037	  3968.0642	     0.0000	  3968.0642	   582.0243	   582.0243	   562.1840	   300.6795	     3.9975	     2.6286	   786.4836	 regenerative cooling, opposite flow
  233.1583	    45.9208	     1.5913	  3935.1911	     0.0000	  3935.1911	   583.3418	   583.3418	   563.6658	   300.4515	     3.9976	     2.6251	   786.6759	 regenerative cooling, opposite flow
  233.3921	    45.9710	     1.5789	  3902.5852	     0.0000	  3902.5852	   584.6536	   584.6536	   565.1407	   300.2250	     3.9977	     2.6217	   786.8669	 regenerative cooling, opposite flow
  233.6258	    46.0209	     1.5667	  3870.2451	     0.0000	  3870.2451	   585.9595	   585.9595	   566.6083	   300.0000	     3.9978	     2.6183	   787.0565	 regenerative cooling, opposite flow
