#--------------------------------------------------------------------------------------------------------------------------------------------------------------
# Results of thermal analysis
#--------------------------------------------------------------------------------------------------------------------------------------------------------------
#Location, 	 Radius, mm	 Conv. heat	 Conv. heat	 Rad. heat 	 Total heat	     Twg, K	     Twi, K	     Twc, K	      Tc, K	    pc, MPa	    wc, m/s	 rho, kg/m^3	                       Comments
#        mm	           	  coeff., k	  flux, kW/	 flux, kW/m	  flux, kW/	           	           	           	           	           	           	            
#          	           	    W/m^2-K	        m^2	         ^2	        m^2	           	           	           	           	           	           	            
#--------------------------------------------------------------------------------------------------------------------------------------------------------------
    0.1148	    44.7355	     4.3171	   293.1928	     0.0000	   293.1928	   524.8727	   524.8727	   523.4067	   522.5360	     2.7144	    83.3970	    33.2859	 regenerative cooling, opposite flow; film coolant injection
    0.3445	    44.7355	     4.3162	   293.1928	     0.0000	   293.1928	   524.8727	   524.8727	   523.4067	   522.5258	     3.2315	    67.5388	    41.1014	 regenerative cooling, opposite flow
    0.5741	    44.7355	     4.3154	   586.3545	     0.0000	   586.3545	   527.1989	   527.1989	   524.2672	   522.5054	     3.2345	    67.4558	    41.1520	 regenerative cooling, opposite flow
    0.8037	    44.7355	     4.3145	   856.7228	     0.0000	   856.7228	   529.3334	   529.3334	   525.0498	   522.4756	     3.2375	    67.3704	    41.2041	 regenerative cooling, opposite flow
    1.0334	    44.7355	     4.3136	  1102.4626	     0.0000	  1102.4626	   531.2624	   531.2624	   525.7501	   522.4372	     3.2404	    67.2829	    41.2578	 regenerative cooling, opposite flow
    1.2630	    44.7355	     4.3128	  1326.2787	     0.0000	  1326.2787	   533.0082	   533.0082	   526.3768	   522.3911	     3.2434	    67.1933	    41.3128	 regenerative cooling, opposite flow
    1.4927	    44.7355	     4.3119	  1531.2781	     0.0000	  1531.2781	   534.5964	   534.5964	   526.9401	   522.3379	     3.2464	    67.1019	    41.3690	 regenerative cooling, opposite flow
    1.7223	    44.7355	     4.3110	  1720.1573	     0.0000	  1720.1573	   536.0493	   536.0493	   527.4485	   522.2782	     3.2493	    67.0090	    41.4264	 regenerative cooling, opposite flow
    1.9520	    44.7355	     4.3101	  1895.1277	     0.0000	  1895.1277	   537.3849	   537.3849	   527.9093	   522.2125	     3.2523	    66.9145	    41.4849	 regenerative cooling, opposite flow
    2.1816	    44.7355	     4.3093	  2057.9883	     0.0000	  2057.9883	   538.6182	   538.6182	   528.3282	   522.1411	     3.2552	    66.8187	    41.5444	 regenerative cooling, opposite flow
    2.4112	    44.7355	     4.3084	  2210.2107	     0.0000	  2210.2107	   539.7612	   539.7612	   528.7102	   522.0645	     3.2582	    66.7216	    41.6048	 regenerative cooling, opposite flow
    2.6409	    44.7355	     4.3075	  2353.0112	     0.0000	  2353.0112	   540.8241	   540.8241	   529.0591	   521.9830	     3.2611	    66.6234	    41.6662	 regenerative cooling, opposite flow
    2.8705	    44.7355	     4.3066	  2487.4056	     0.0000	  2487.4056	   541.8153	   541.8153	   529.3783	   521.8969	     3.2640	    66.5241	    41.7284	 regenerative cooling, opposite flow
    3.1002	    44.7355	     4.3058	  2614.2516	     0.0000	  2614.2516	   542.7419	   542.7419	   529.6707	   521.8065	     3.2670	    66.4237	    41.7914	 regenerative cooling, opposite flow
    3.3298	    44.7355	     4.3049	  2734.2800	     0.0000	  2734.2800	   543.6100	   543.6100	   529.9386	   521.7121	     3.2699	    66.3225	    41.8552	 regenerative cooling, opposite flow
    3.5594	    44.7355	     4.3040	  2848.1194	     0.0000	  2848.1194	   544.4249	   544.4249	   530.1843	   521.6137	     3.2728	    66.2204	    41.9197	 regenerative cooling, opposite flow
    3.7891	    44.7355	     4.3031	  2956.3143	     0.0000	  2956.3143	   545.1911	   545.1911	   530.4095	   521.5117	     3.2757	    66.1174	    41.9850	 regenerative cooling, opposite flow
    4.0187	    44.7355	     4.3023	  3059.3403	     0.0000	  3059.3403	   545.9126	   545.9126	   530.6159	   521.4062	     3.2787	    66.0137	    42.0510	 regenerative cooling, opposite flow
    4.2484	    44.7355	     4.3014	  3157.6152	     0.0000	  3157.6152	   546.5929	   546.5929	   530.8048	   521.2974	     3.2816	    65.9093	    42.1176	 regenerative cooling, opposite flow
    4.4780	    44.7355	     4.3005	  3251.5081	     0.0000	  3251.5081	   547.2351	   547.2351	   530.9776	   521.1855	     3.2845	    65.8042	    42.1849	 regenerative cooling, opposite flow
    4.7077	    44.7355	     4.2997	  3341.3470	     0.0000	  3341.3470	   547.8420	   547.8420	   531.1353	   521.0706	     3.2874	    65.6984	    42.2528	 regenerative cooling, opposite flow
    4.9373	    44.7355	     4.2988	  3427.4248	     0.0000	  3427.4248	   548.4162	   548.4162	   531.2790	   520.9528	     3.2903	    65.5921	    42.3213	 regenerative cooling, opposite flow
    5.1669	    44.7355	     4.2980	  3510.0420	     0.0000	  3510.0420	   548.9600	   548.9600	   531.4098	   520.8322	     3.2931	    65.4851	    42.3904	 regenerative cooling, opposite flow
    5.3966	    44.7355	     4.2971	  3589.3632	     0.0000	  3589.3632	   549.4749	   549.4749	   531.5281	   520.7091	     3.2960	    65.3777	    42.4600	 regenerative cooling, opposite flow
    5.6262	    44.7355	     4.2962	  3665.6358	     0.0000	  3665.6358	   549.9631	   549.9631	   531.6349	   520.5834	     3.2989	    65.2697	    42.5303	 regenerative cooling, opposite flow
    5.8559	    44.7355	     4.2953	  3739.0535	     0.0000	  3739.0535	   550.4261	   550.4261	   531.7309	   520.4553	     3.3018	    65.1613	    42.6010	 regenerative cooling, opposite flow
    6.0855	    44.7355	     4.2945	  3809.7928	     0.0000	  3809.7928	   550.8655	   550.8655	   531.8166	   520.3249	     3.3047	    65.0524	    42.6723	 regenerative cooling, opposite flow
    6.3151	    44.7355	     4.2936	  3878.0144	     0.0000	  3878.0144	   551.2827	   551.2827	   531.8927	   520.1923	     3.3075	    64.9431	    42.7442	 regenerative cooling, opposite flow
    6.5448	    44.7355	     4.2927	  3943.8656	     0.0000	  3943.8656	   551.6789	   551.6789	   531.9596	   520.0576	     3.3104	    64.8334	    42.8165	 regenerative cooling, opposite flow
    6.7744	    44.7355	     4.2918	  4007.4814	     0.0000	  4007.4814	   552.0553	   552.0553	   532.0179	   519.9208	     3.3132	    64.7233	    42.8893	 regenerative cooling, opposite flow
    7.0041	    44.7355	     4.2910	  4068.9859	     0.0000	  4068.9859	   552.4129	   552.4129	   532.0680	   519.7821	     3.3161	    64.6128	    42.9627	 regenerative cooling, opposite flow
    7.2337	    44.7355	     4.2901	  4128.4936	     0.0000	  4128.4936	   552.7528	   552.7528	   532.1103	   519.6414	     3.3189	    64.5020	    43.0365	 regenerative cooling, opposite flow
    7.4633	    44.7355	     4.2892	  4186.1103	     0.0000	  4186.1103	   553.0758	   553.0758	   532.1453	   519.4990	     3.3218	    64.3909	    43.1108	 regenerative cooling, opposite flow
    7.6930	    44.7355	     4.2883	  4241.9338	     0.0000	  4241.9338	   553.3828	   553.3828	   532.1732	   519.3547	     3.3246	    64.2794	    43.1855	 regenerative cooling, opposite flow
    7.9226	    44.7355	     4.2875	  4296.0547	     0.0000	  4296.0547	   553.6746	   553.6746	   532.1944	   519.2088	     3.3275	    64.1677	    43.2607	 regenerative cooling, opposite flow
    8.1523	    44.7355	     4.2866	  4348.5574	     0.0000	  4348.5574	   553.9519	   553.9519	   532.2092	   519.0612	     3.3303	    64.0556	    43.3364	 regenerative cooling, opposite flow
    8.3819	    44.7355	     4.2857	  4399.5203	     0.0000	  4399.5203	   554.2154	   554.2154	   532.2178	   518.9121	     3.3331	    63.9433	    43.4125	 regenerative cooling, opposite flow
    8.6116	    44.7355	     4.2848	  4449.0165	     0.0000	  4449.0165	   554.4658	   554.4658	   532.2207	   518.7614	     3.3359	    63.8308	    43.4890	 regenerative cooling, opposite flow
    8.8412	    44.7355	     4.2840	  4497.1142	     0.0000	  4497.1142	   554.7036	   554.7036	   532.2180	   518.6093	     3.3387	    63.7180	    43.5660	 regenerative cooling, opposite flow
    9.0708	    44.7355	     4.2831	  4543.8773	     0.0000	  4543.8773	   554.9293	   554.9293	   532.2099	   518.4557	     3.3415	    63.6050	    43.6435	 regenerative cooling, opposite flow
    9.3005	    44.7355	     4.2822	  4589.3653	     0.0000	  4589.3653	   555.1436	   555.1436	   532.1968	   518.3007	     3.3443	    63.4917	    43.7213	 regenerative cooling, opposite flow
    9.5301	    44.7355	     4.2813	  4633.6344	     0.0000	  4633.6344	   555.3469	   555.3469	   532.1787	   518.1445	     3.3471	    63.3783	    43.7996	 regenerative cooling, opposite flow
    9.7598	    44.7355	     4.2805	  4676.7370	     0.0000	  4676.7370	   555.5396	   555.5396	   532.1560	   517.9869	     3.3499	    63.2646	    43.8782	 regenerative cooling, opposite flow
    9.9894	    44.7355	     4.2796	  4718.7226	     0.0000	  4718.7226	   555.7223	   555.7223	   532.1287	   517.8281	     3.3527	    63.1508	    43.9573	 regenerative cooling, opposite flow
   10.2190	    44.7355	     4.2787	  4759.6376	     0.0000	  4759.6376	   555.8953	   555.8953	   532.0971	   517.6681	     3.3555	    63.0368	    44.0368	 regenerative cooling, opposite flow
   10.4487	    44.7355	     4.2778	  4799.5257	     0.0000	  4799.5257	   556.0589	   556.0589	   532.0613	   517.5069	     3.3583	    62.9226	    44.1168	 regenerative cooling, opposite flow
   10.6783	    44.7355	     4.2769	  4838.4282	     0.0000	  4838.4282	   556.2137	   556.2137	   532.0215	   517.3446	     3.3610	    62.8082	    44.1971	 regenerative cooling, opposite flow
   10.9080	    44.7355	     4.2761	  4876.3841	     0.0000	  4876.3841	   556.3598	   556.3598	   531.9779	   517.1812	     3.3638	    62.6937	    44.2778	 regenerative cooling, opposite flow
   11.1376	    44.7355	     4.2752	  4913.4302	     0.0000	  4913.4302	   556.4977	   556.4977	   531.9305	   517.0167	     3.3666	    62.5791	    44.3589	 regenerative cooling, opposite flow
   11.3673	    44.7355	     4.2743	  4949.6012	     0.0000	  4949.6012	   556.6276	   556.6276	   531.8796	   516.8512	     3.3693	    62.4643	    44.4404	 regenerative cooling, opposite flow
   11.5969	    44.7355	     4.2734	  4984.9302	     0.0000	  4984.9302	   556.7499	   556.7499	   531.8253	   516.6848	     3.3721	    62.3494	    44.5223	 regenerative cooling, opposite flow
   11.8265	    44.7355	     4.2726	  5019.4483	     0.0000	  5019.4483	   556.8648	   556.8648	   531.7676	   516.5174	     3.3748	    62.2344	    44.6046	 regenerative cooling, opposite flow
   12.0562	    44.7355	     4.2717	  5053.1852	     0.0000	  5053.1852	   556.9726	   556.9726	   531.7067	   516.3490	     3.3776	    62.1192	    44.6873	 regenerative cooling, opposite flow
   12.2858	    44.7355	     4.2708	  5086.1690	     0.0000	  5086.1690	   557.0736	   557.0736	   531.6427	   516.1797	     3.3803	    62.0039	    44.7704	 regenerative cooling, opposite flow
   12.5155	    44.7355	     4.2699	  5118.4263	     0.0000	  5118.4263	   557.1679	   557.1679	   531.5758	   516.0096	     3.3830	    61.8885	    44.8539	 regenerative cooling, opposite flow
   12.7451	    44.7355	     4.2691	  5149.9825	     0.0000	  5149.9825	   557.2559	   557.2559	   531.5059	   515.8387	     3.3858	    61.7731	    44.9377	 regenerative cooling, opposite flow
   12.9747	    44.7355	     4.2682	  5180.8619	     0.0000	  5180.8619	   557.3376	   557.3376	   531.4333	   515.6669	     3.3885	    61.6575	    45.0219	 regenerative cooling, opposite flow
   13.2044	    44.7355	     4.2673	  5211.0873	     0.0000	  5211.0873	   557.4135	   557.4135	   531.3580	   515.4943	     3.3912	    61.5418	    45.1066	 regenerative cooling, opposite flow
   13.4340	    44.7355	     4.2664	  5240.6806	     0.0000	  5240.6806	   557.4835	   557.4835	   531.2801	   515.3210	     3.3939	    61.4261	    45.1916	 regenerative cooling, opposite flow
   13.6637	    44.7355	     4.2655	  5269.6628	     0.0000	  5269.6628	   557.5480	   557.5480	   531.1997	   515.1469	     3.3966	    61.3102	    45.2769	 regenerative cooling, opposite flow
   13.8933	    44.7355	     4.2647	  5298.0537	     0.0000	  5298.0537	   557.6071	   557.6071	   531.1168	   514.9721	     3.3993	    61.1943	    45.3627	 regenerative cooling, opposite flow
   14.1230	    44.7355	     4.2638	  5325.8723	     0.0000	  5325.8723	   557.6610	   557.6610	   531.0316	   514.7966	     3.4020	    61.0783	    45.4488	 regenerative cooling, opposite flow
   14.3526	    44.7355	     4.2629	  5353.1369	     0.0000	  5353.1369	   557.7098	   557.7098	   530.9441	   514.6204	     3.4047	    60.9623	    45.5354	 regenerative cooling, opposite flow
   14.5822	    44.7355	     4.2620	  5379.8648	     0.0000	  5379.8648	   557.7537	   557.7537	   530.8544	   514.4436	     3.4074	    60.8462	    45.6223	 regenerative cooling, opposite flow
   14.8119	    44.7355	     4.2612	  5406.0725	     0.0000	  5406.0725	   557.7929	   557.7929	   530.7625	   514.2661	     3.4101	    60.7300	    45.7095	 regenerative cooling, opposite flow
   15.0415	    44.7355	     4.2603	  5431.7760	     0.0000	  5431.7760	   557.8275	   557.8275	   530.6686	   514.0881	     3.4128	    60.6138	    45.7972	 regenerative cooling, opposite flow
   15.2712	    44.7355	     4.2594	  5456.9905	     0.0000	  5456.9905	   557.8577	   557.8577	   530.5727	   513.9094	     3.4154	    60.4975	    45.8852	 regenerative cooling, opposite flow
   15.5008	    44.7355	     4.2585	  5481.7305	     0.0000	  5481.7305	   557.8835	   557.8835	   530.4748	   513.7302	     3.4181	    60.3811	    45.9736	 regenerative cooling, opposite flow
   15.7304	    44.7355	     4.2576	  5506.0100	     0.0000	  5506.0100	   557.9051	   557.9051	   530.3751	   513.5505	     3.4208	    60.2647	    46.0624	 regenerative cooling, opposite flow
   15.9601	    44.7355	     4.2568	  5529.8424	     0.0000	  5529.8424	   557.9227	   557.9227	   530.2735	   513.3702	     3.4234	    60.1483	    46.1516	 regenerative cooling, opposite flow
   16.1897	    44.7355	     4.2559	  5553.2406	     0.0000	  5553.2406	   557.9364	   557.9364	   530.1702	   513.1893	     3.4261	    60.0318	    46.2411	 regenerative cooling, opposite flow
   16.4194	    44.7355	     4.2550	  5576.2168	     0.0000	  5576.2168	   557.9462	   557.9462	   530.0651	   513.0080	     3.4287	    59.9153	    46.3311	 regenerative cooling, opposite flow
   16.6490	    44.7355	     4.2541	  5598.7830	     0.0000	  5598.7830	   557.9523	   557.9523	   529.9583	   512.8262	     3.4313	    59.7987	    46.4214	 regenerative cooling, opposite flow
   16.8787	    44.7355	     4.2532	  5620.9505	     0.0000	  5620.9505	   557.9547	   557.9547	   529.8500	   512.6440	     3.4340	    59.6822	    46.5121	 regenerative cooling, opposite flow
   17.1083	    44.7355	     4.2524	  5642.7302	     0.0000	  5642.7302	   557.9537	   557.9537	   529.7401	   512.4613	     3.4366	    59.5655	    46.6031	 regenerative cooling, opposite flow
   17.3379	    44.7355	     4.2515	  5664.1328	     0.0000	  5664.1328	   557.9493	   557.9493	   529.6286	   512.2782	     3.4392	    59.4489	    46.6946	 regenerative cooling, opposite flow
   17.5676	    44.7355	     4.2506	  5685.1682	     0.0000	  5685.1682	   557.9415	   557.9415	   529.5157	   512.0946	     3.4419	    59.3322	    46.7864	 regenerative cooling, opposite flow
   17.7972	    44.7355	     4.2497	  5705.8463	     0.0000	  5705.8463	   557.9305	   557.9305	   529.4013	   511.9107	     3.4445	    59.2155	    46.8786	 regenerative cooling, opposite flow
   18.0269	    44.7355	     4.2488	  5726.1765	     0.0000	  5726.1765	   557.9164	   557.9164	   529.2855	   511.7263	     3.4471	    59.0988	    46.9712	 regenerative cooling, opposite flow
   18.2565	    44.7355	     4.2480	  5746.1677	     0.0000	  5746.1677	   557.8993	   557.8993	   529.1684	   511.5416	     3.4497	    58.9820	    47.0642	 regenerative cooling, opposite flow
   18.4861	    44.7355	     4.2471	  5765.8287	     0.0000	  5765.8287	   557.8791	   557.8791	   529.0500	   511.3566	     3.4523	    58.8652	    47.1575	 regenerative cooling, opposite flow
   18.7158	    44.7355	     4.2462	  5785.1680	     0.0000	  5785.1680	   557.8561	   557.8561	   528.9303	   511.1712	     3.4549	    58.7485	    47.2513	 regenerative cooling, opposite flow
   18.9454	    44.7355	     4.2453	  5804.1935	     0.0000	  5804.1935	   557.8303	   557.8303	   528.8094	   510.9854	     3.4575	    58.6317	    47.3454	 regenerative cooling, opposite flow
   19.1751	    44.7355	     4.2444	  5822.9132	     0.0000	  5822.9132	   557.8018	   557.8018	   528.6872	   510.7994	     3.4600	    58.5148	    47.4399	 regenerative cooling, opposite flow
   19.4047	    44.7355	     4.2436	  5841.3345	     0.0000	  5841.3345	   557.7706	   557.7706	   528.5639	   510.6131	     3.4626	    58.3980	    47.5348	 regenerative cooling, opposite flow
   19.6343	    44.7355	     4.2427	  5859.4648	     0.0000	  5859.4648	   557.7368	   557.7368	   528.4394	   510.4264	     3.4652	    58.2812	    47.6301	 regenerative cooling, opposite flow
   19.8640	    44.7355	     4.2418	  5877.3110	     0.0000	  5877.3110	   557.7004	   557.7004	   528.3139	   510.2395	     3.4678	    58.1643	    47.7258	 regenerative cooling, opposite flow
   20.0936	    44.7355	     4.2409	  5894.8801	     0.0000	  5894.8801	   557.6617	   557.6617	   528.1873	   510.0524	     3.4703	    58.0474	    47.8219	 regenerative cooling, opposite flow
   20.3233	    44.7355	     4.2400	  5912.1785	     0.0000	  5912.1785	   557.6205	   557.6205	   528.0596	   509.8650	     3.4729	    57.9306	    47.9184	 regenerative cooling, opposite flow
   20.5529	    44.7355	     4.2392	  5929.2127	     0.0000	  5929.2127	   557.5770	   557.5770	   527.9309	   509.6773	     3.4754	    57.8137	    48.0153	 regenerative cooling, opposite flow
   20.7826	    44.7355	     4.2383	  5945.9887	     0.0000	  5945.9887	   557.5312	   557.5312	   527.8013	   509.4894	     3.4780	    57.6968	    48.1126	 regenerative cooling, opposite flow
   21.0122	    44.7355	     4.2374	  5962.5125	     0.0000	  5962.5125	   557.4832	   557.4832	   527.6707	   509.3013	     3.4805	    57.5799	    48.2102	 regenerative cooling, opposite flow
   21.2418	    44.7355	     4.2365	  5978.7898	     0.0000	  5978.7898	   557.4331	   557.4331	   527.5392	   509.1131	     3.4831	    57.4630	    48.3083	 regenerative cooling, opposite flow
   21.4715	    44.7355	     4.2356	  5994.8263	     0.0000	  5994.8263	   557.3809	   557.3809	   527.4067	   508.9246	     3.4856	    57.3461	    48.4068	 regenerative cooling, opposite flow
   21.7011	    44.7355	     4.2347	  6010.6274	     0.0000	  6010.6274	   557.3266	   557.3266	   527.2734	   508.7359	     3.4881	    57.2292	    48.5057	 regenerative cooling, opposite flow
   21.9308	    44.7355	     4.2339	  6026.1981	     0.0000	  6026.1981	   557.2703	   557.2703	   527.1393	   508.5471	     3.4906	    57.1123	    48.6049	 regenerative cooling, opposite flow
   22.1604	    44.7355	     4.2330	  6041.5437	     0.0000	  6041.5437	   557.2120	   557.2120	   527.0043	   508.3581	     3.4932	    56.9954	    48.7046	 regenerative cooling, opposite flow
   22.3900	    44.7355	     4.2321	  6056.6690	     0.0000	  6056.6690	   557.1519	   557.1519	   526.8686	   508.1689	     3.4957	    56.8785	    48.8047	 regenerative cooling, opposite flow
   22.6197	    44.7355	     4.2312	  6071.5787	     0.0000	  6071.5787	   557.0899	   557.0899	   526.7320	   507.9797	     3.4982	    56.7616	    48.9053	 regenerative cooling, opposite flow
   22.8493	    44.7355	     4.2303	  6086.2776	     0.0000	  6086.2776	   557.0261	   557.0261	   526.5947	   507.7903	     3.5007	    56.6447	    49.0062	 regenerative cooling, opposite flow
   23.0790	    44.7355	     4.2294	  6100.7700	     0.0000	  6100.7700	   556.9606	   556.9606	   526.4567	   507.6007	     3.5032	    56.5278	    49.1075	 regenerative cooling, opposite flow
   23.3086	    44.7355	     4.2286	  6115.0603	     0.0000	  6115.0603	   556.8933	   556.8933	   526.3180	   507.4111	     3.5057	    56.4109	    49.2093	 regenerative cooling, opposite flow
   23.5383	    44.7355	     4.2277	  6129.1527	     0.0000	  6129.1527	   556.8243	   556.8243	   526.1786	   507.2214	     3.5082	    56.2940	    49.3115	 regenerative cooling, opposite flow
   23.7679	    44.7355	     4.2268	  6143.0513	     0.0000	  6143.0513	   556.7538	   556.7538	   526.0385	   507.0316	     3.5106	    56.1771	    49.4141	 regenerative cooling, opposite flow
   23.9975	    44.7355	     4.2259	  6156.7600	     0.0000	  6156.7600	   556.6816	   556.6816	   525.8978	   506.8417	     3.5131	    56.0602	    49.5171	 regenerative cooling, opposite flow
   24.2272	    44.7355	     4.2250	  6170.2828	     0.0000	  6170.2828	   556.6079	   556.6079	   525.7564	   506.6517	     3.5156	    55.9433	    49.6206	 regenerative cooling, opposite flow
   24.4568	    44.7355	     4.2241	  6183.6233	     0.0000	  6183.6233	   556.5326	   556.5326	   525.6145	   506.4617	     3.5180	    55.8265	    49.7245	 regenerative cooling, opposite flow
   24.6865	    44.7355	     4.2233	  6196.7853	     0.0000	  6196.7853	   556.4559	   556.4559	   525.4719	   506.2716	     3.5205	    55.7096	    49.8288	 regenerative cooling, opposite flow
   24.9161	    44.7355	     4.2224	  6209.7722	     0.0000	  6209.7722	   556.3777	   556.3777	   525.3288	   506.0815	     3.5230	    55.5927	    49.9335	 regenerative cooling, opposite flow
   25.1457	    44.7355	     4.2215	  6222.5874	     0.0000	  6222.5874	   556.2981	   556.2981	   525.1852	   505.8914	     3.5254	    55.4759	    50.0387	 regenerative cooling, opposite flow
   25.3754	    44.7355	     4.2206	  6235.2344	     0.0000	  6235.2344	   556.2171	   556.2171	   525.0410	   505.7012	     3.5278	    55.3590	    50.1443	 regenerative cooling, opposite flow
   25.6050	    44.7355	     4.2197	  6247.7163	     0.0000	  6247.7163	   556.1348	   556.1348	   524.8963	   505.5111	     3.5303	    55.2422	    50.2504	 regenerative cooling, opposite flow
   25.8347	    44.7355	     4.2188	  6260.0364	     0.0000	  6260.0364	   556.0512	   556.0512	   524.7510	   505.3209	     3.5327	    55.1253	    50.3569	 regenerative cooling, opposite flow
   26.0643	    44.7355	     4.2179	  6272.1977	     0.0000	  6272.1977	   555.9663	   555.9663	   524.6053	   505.1307	     3.5352	    55.0085	    50.4639	 regenerative cooling, opposite flow
   26.2940	    44.7355	     4.2170	  6284.2032	     0.0000	  6284.2032	   555.8802	   555.8802	   524.4592	   504.9406	     3.5376	    54.8917	    50.5713	 regenerative cooling, opposite flow
   26.5236	    44.7355	     4.2162	  6296.0558	     0.0000	  6296.0558	   555.7928	   555.7928	   524.3126	   504.7504	     3.5400	    54.7748	    50.6791	 regenerative cooling, opposite flow
   26.7532	    44.7355	     4.2153	  6307.7584	     0.0000	  6307.7584	   555.7043	   555.7043	   524.1655	   504.5603	     3.5424	    54.6580	    50.7874	 regenerative cooling, opposite flow
   26.9829	    44.7355	     4.2144	  6319.3137	     0.0000	  6319.3137	   555.6146	   555.6146	   524.0180	   504.3703	     3.5448	    54.5412	    50.8962	 regenerative cooling, opposite flow
   27.2125	    44.7355	     4.2135	  6330.7244	     0.0000	  6330.7244	   555.5238	   555.5238	   523.8702	   504.1802	     3.5472	    54.4244	    51.0054	 regenerative cooling, opposite flow
   27.4422	    44.7355	     4.2126	  6341.9931	     0.0000	  6341.9931	   555.4319	   555.4319	   523.7219	   503.9903	     3.5496	    54.3076	    51.1151	 regenerative cooling, opposite flow
   27.6718	    44.7355	     4.2117	  6353.1224	     0.0000	  6353.1224	   555.3389	   555.3389	   523.5732	   503.8004	     3.5520	    54.1908	    51.2253	 regenerative cooling, opposite flow
   27.9014	    44.7355	     4.2108	  6364.1148	     0.0000	  6364.1148	   555.2448	   555.2448	   523.4242	   503.6105	     3.5544	    54.0740	    51.3359	 regenerative cooling, opposite flow
   28.1311	    44.7355	     4.2099	  6374.9727	     0.0000	  6374.9727	   555.1497	   555.1497	   523.2749	   503.4208	     3.5568	    53.9573	    51.4470	 regenerative cooling, opposite flow
   28.3607	    44.7355	     4.2091	  6385.6985	     0.0000	  6385.6985	   555.0536	   555.0536	   523.1252	   503.2311	     3.5592	    53.8405	    51.5586	 regenerative cooling, opposite flow
   28.5904	    44.7355	     4.2082	  6396.2944	     0.0000	  6396.2944	   554.9566	   554.9566	   522.9751	   503.0415	     3.5615	    53.7237	    51.6706	 regenerative cooling, opposite flow
   28.8200	    44.7355	     4.2073	  6406.7627	     0.0000	  6406.7627	   554.8586	   554.8586	   522.8248	   502.8520	     3.5639	    53.6070	    51.7832	 regenerative cooling, opposite flow
   29.0497	    44.7355	     4.2064	  6417.1057	     0.0000	  6417.1057	   554.7597	   554.7597	   522.6741	   502.6627	     3.5663	    53.4902	    51.8962	 regenerative cooling, opposite flow
   29.2793	    44.7355	     4.2055	  6427.3254	     0.0000	  6427.3254	   554.6598	   554.6598	   522.5232	   502.4734	     3.5686	    53.3735	    52.0097	 regenerative cooling, opposite flow
   29.5089	    44.7355	     4.2046	  6437.4239	     0.0000	  6437.4239	   554.5591	   554.5591	   522.3720	   502.2843	     3.5710	    53.2567	    52.1237	 regenerative cooling, opposite flow
   29.7386	    44.7355	     4.2037	  6447.4033	     0.0000	  6447.4033	   554.4576	   554.4576	   522.2205	   502.0953	     3.5733	    53.1400	    52.2382	 regenerative cooling, opposite flow
   29.9682	    44.7355	     4.2028	  6457.2656	     0.0000	  6457.2656	   554.3551	   554.3551	   522.0688	   501.9064	     3.5757	    53.0233	    52.3532	 regenerative cooling, opposite flow
   30.1979	    44.7355	     4.2019	  6467.0126	     0.0000	  6467.0126	   554.2519	   554.2519	   521.9169	   501.7177	     3.5780	    52.9066	    52.4687	 regenerative cooling, opposite flow
   30.4275	    44.7355	     4.2010	  6476.6464	     0.0000	  6476.6464	   554.1479	   554.1479	   521.7647	   501.5291	     3.5803	    52.7898	    52.5847	 regenerative cooling, opposite flow
   30.6571	    44.7355	     4.2002	  6486.1687	     0.0000	  6486.1687	   554.0431	   554.0431	   521.6123	   501.3407	     3.5827	    52.6731	    52.7013	 regenerative cooling, opposite flow
   30.8868	    44.7355	     4.1993	  6495.5814	     0.0000	  6495.5814	   553.9375	   553.9375	   521.4596	   501.1525	     3.5850	    52.5564	    52.8183	 regenerative cooling, opposite flow
   31.1164	    44.7355	     4.1984	  6504.8862	     0.0000	  6504.8862	   553.8313	   553.8313	   521.3068	   500.9645	     3.5873	    52.4397	    52.9359	 regenerative cooling, opposite flow
   31.3461	    44.7355	     4.1975	  6514.0849	     0.0000	  6514.0849	   553.7242	   553.7242	   521.1538	   500.7766	     3.5896	    52.3230	    53.0539	 regenerative cooling, opposite flow
   31.5757	    44.7355	     4.1966	  6523.1791	     0.0000	  6523.1791	   553.6165	   553.6165	   521.0006	   500.5889	     3.5919	    52.2063	    53.1725	 regenerative cooling, opposite flow
   31.8053	    44.7355	     4.1957	  6532.1705	     0.0000	  6532.1705	   553.5081	   553.5081	   520.8473	   500.4014	     3.5942	    52.0896	    53.2917	 regenerative cooling, opposite flow
   32.0350	    44.7355	     4.1948	  6541.0606	     0.0000	  6541.0606	   553.3991	   553.3991	   520.6938	   500.2141	     3.5965	    51.9729	    53.4113	 regenerative cooling, opposite flow
   32.2646	    44.7355	     4.1939	  6549.8512	     0.0000	  6549.8512	   553.2894	   553.2894	   520.5401	   500.0271	     3.5988	    51.8562	    53.5315	 regenerative cooling, opposite flow
   32.4943	    44.7355	     4.1930	  6558.5436	     0.0000	  6558.5436	   553.1790	   553.1790	   520.3863	   499.8402	     3.6011	    51.7395	    53.6523	 regenerative cooling, opposite flow
   32.7239	    44.7355	     4.1921	  6567.1394	     0.0000	  6567.1394	   553.0681	   553.0681	   520.2324	   499.6536	     3.6034	    51.6228	    53.7736	 regenerative cooling, opposite flow
   32.9536	    44.7355	     4.1912	  6575.6402	     0.0000	  6575.6402	   552.9566	   552.9566	   520.0784	   499.4672	     3.6056	    51.5061	    53.8954	 regenerative cooling, opposite flow
   33.1832	    44.7355	     4.1903	  6584.0472	     0.0000	  6584.0472	   552.8444	   552.8444	   519.9242	   499.2810	     3.6079	    51.3893	    54.0178	 regenerative cooling, opposite flow
   33.4128	    44.7355	     4.1894	  6592.3620	     0.0000	  6592.3620	   552.7317	   552.7317	   519.7699	   499.0951	     3.6102	    51.2726	    54.1408	 regenerative cooling, opposite flow
   33.6425	    44.7355	     4.1885	  6600.5859	     0.0000	  6600.5859	   552.6185	   552.6185	   519.6156	   498.9094	     3.6124	    51.1559	    54.2643	 regenerative cooling, opposite flow
   33.8721	    44.7355	     4.1877	  6608.7203	     0.0000	  6608.7203	   552.5047	   552.5047	   519.4611	   498.7240	     3.6147	    51.0392	    54.3884	 regenerative cooling, opposite flow
   34.1018	    44.7355	     4.1868	  6616.7664	     0.0000	  6616.7664	   552.3904	   552.3904	   519.3066	   498.5389	     3.6169	    50.9225	    54.5130	 regenerative cooling, opposite flow
   34.3314	    44.7355	     4.1859	  6624.7256	     0.0000	  6624.7256	   552.2756	   552.2756	   519.1520	   498.3540	     3.6192	    50.8058	    54.6383	 regenerative cooling, opposite flow
   34.5610	    44.7355	     4.1850	  6632.5991	     0.0000	  6632.5991	   552.1603	   552.1603	   518.9973	   498.1694	     3.6214	    50.6891	    54.7641	 regenerative cooling, opposite flow
   34.7907	    44.7355	     4.1841	  6640.3882	     0.0000	  6640.3882	   552.0446	   552.0446	   518.8426	   497.9851	     3.6236	    50.5723	    54.8905	 regenerative cooling, opposite flow
   35.0203	    44.7355	     4.1832	  6648.0940	     0.0000	  6648.0940	   551.9283	   551.9283	   518.6879	   497.8010	     3.6259	    50.4556	    55.0175	 regenerative cooling, opposite flow
   35.2500	    44.7355	     4.1823	  6655.7179	     0.0000	  6655.7179	   551.8117	   551.8117	   518.5331	   497.6173	     3.6281	    50.3389	    55.1451	 regenerative cooling, opposite flow
   35.4796	    44.7355	     4.1814	  6663.2608	     0.0000	  6663.2608	   551.6945	   551.6945	   518.3782	   497.4339	     3.6303	    50.2221	    55.2733	 regenerative cooling, opposite flow
   35.7093	    44.7355	     4.1805	  6670.7241	     0.0000	  6670.7241	   551.5770	   551.5770	   518.2234	   497.2508	     3.6325	    50.1054	    55.4021	 regenerative cooling, opposite flow
   35.9389	    44.7355	     4.1796	  6678.1087	     0.0000	  6678.1087	   551.4590	   551.4590	   518.0685	   497.0680	     3.6347	    49.9886	    55.5315	 regenerative cooling, opposite flow
   36.1685	    44.7355	     4.1787	  6685.4286	     0.0000	  6685.4286	   551.3376	   551.3376	   517.9105	   496.8855	     3.6369	     6.4604	   429.6846	 regenerative cooling, opposite flow
   36.3982	    44.7355	     4.1778	  6692.6576	     0.0000	  6692.6576	   551.2193	   551.2193	   517.7560	   496.7033	     3.6372	     6.3568	   436.6900	 regenerative cooling, opposite flow
   36.6278	    44.7355	     4.1769	  6699.8115	     0.0000	  6699.8115	   551.1005	   551.1005	   517.6014	   496.5213	     3.6375	     6.2844	   441.7210	 regenerative cooling, opposite flow
   36.8575	    44.7355	     4.1760	  6706.8912	     0.0000	  6706.8912	   550.9813	   550.9813	   517.4468	   496.3395	     3.6378	     6.2268	   445.8018	 regenerative cooling, opposite flow
   37.0871	    44.7355	     4.1751	  6713.8978	     0.0000	  6713.8978	   550.8616	   550.8616	   517.2922	   496.1579	     3.6381	     6.1784	   449.2972	 regenerative cooling, opposite flow
   37.3167	    44.7355	     4.1742	  6720.8323	     0.0000	  6720.8323	   550.7416	   550.7416	   517.1375	   495.9765	     3.6383	     6.1362	   452.3868	 regenerative cooling, opposite flow
   37.5464	    44.7355	     4.1733	  6727.6957	     0.0000	  6727.6957	   550.6212	   550.6212	   516.9827	   495.7954	     3.6386	     6.0986	   455.1748	 regenerative cooling, opposite flow
   37.7760	    44.7355	     4.1724	  6734.4889	     0.0000	  6734.4889	   550.5004	   550.5004	   516.8279	   495.6146	     3.6389	     6.0646	   457.7275	 regenerative cooling, opposite flow
   38.0057	    44.7355	     4.1715	  6741.2129	     0.0000	  6741.2129	   550.3792	   550.3792	   516.6731	   495.4340	     3.6391	     6.0335	   460.0904	 regenerative cooling, opposite flow
   38.2353	    44.7355	     4.1706	  6747.8686	     0.0000	  6747.8686	   550.2576	   550.2576	   516.5183	   495.2536	     3.6394	     6.0047	   462.2963	 regenerative cooling, opposite flow
   38.4650	    44.7355	     4.1697	  6754.4569	     0.0000	  6754.4569	   550.1357	   550.1357	   516.3634	   495.0735	     3.6397	     5.9779	   464.3695	 regenerative cooling, opposite flow
   38.6946	    44.7355	     4.1688	  6760.9786	     0.0000	  6760.9786	   550.0134	   550.0134	   516.2085	   494.8937	     3.6399	     5.9528	   466.3289	 regenerative cooling, opposite flow
   38.9242	    44.7355	     4.1679	  6767.4346	     0.0000	  6767.4346	   549.8908	   549.8908	   516.0536	   494.7141	     3.6402	     5.9291	   468.1891	 regenerative cooling, opposite flow
   39.1539	    44.7355	     4.1670	  6773.8258	     0.0000	  6773.8258	   549.7678	   549.7678	   515.8987	   494.5349	     3.6404	     5.9067	   469.9622	 regenerative cooling, opposite flow
   39.3835	    44.7355	     4.1661	  6780.1531	     0.0000	  6780.1531	   549.6446	   549.6446	   515.7438	   494.3558	     3.6407	     5.8855	   471.6578	 regenerative cooling, opposite flow
   39.6132	    44.7355	     4.1652	  6786.4171	     0.0000	  6786.4171	   549.5210	   549.5210	   515.5889	   494.1771	     3.6410	     5.8653	   473.2842	 regenerative cooling, opposite flow
   39.8428	    44.7355	     4.1643	  6792.6188	     0.0000	  6792.6188	   549.3971	   549.3971	   515.4340	   493.9987	     3.6412	     5.8460	   474.8479	 regenerative cooling, opposite flow
   40.0724	    44.7355	     4.1634	  6798.7588	     0.0000	  6798.7588	   549.2729	   549.2729	   515.2791	   493.8206	     3.6415	     5.8275	   476.3549	 regenerative cooling, opposite flow
   40.3021	    44.7355	     4.1625	  6804.8381	     0.0000	  6804.8381	   549.1485	   549.1485	   515.1243	   493.6427	     3.6417	     5.8097	   477.8101	 regenerative cooling, opposite flow
   40.5317	    44.7355	     4.1616	  6810.8572	     0.0000	  6810.8572	   549.0237	   549.0237	   514.9695	   493.4652	     3.6420	     5.7926	   479.2177	 regenerative cooling, opposite flow
   40.7614	    44.7355	     4.1607	  6816.8171	     0.0000	  6816.8171	   548.8987	   548.8987	   514.8146	   493.2880	     3.6423	     5.7762	   480.5815	 regenerative cooling, opposite flow
   40.9910	    44.7355	     4.1598	  6822.7184	     0.0000	  6822.7184	   548.7735	   548.7735	   514.6599	   493.1111	     3.6425	     5.7604	   481.9047	 regenerative cooling, opposite flow
   41.2207	    44.7355	     4.1588	  6828.5617	     0.0000	  6828.5617	   548.6479	   548.6479	   514.5051	   492.9345	     3.6428	     5.7450	   483.1903	 regenerative cooling, opposite flow
   41.4503	    44.7355	     4.1579	  6834.3479	     0.0000	  6834.3479	   548.5222	   548.5222	   514.3504	   492.7583	     3.6430	     5.7302	   484.4408	 regenerative cooling, opposite flow
   41.6799	    44.7355	     4.1570	  6840.0776	     0.0000	  6840.0776	   548.3962	   548.3962	   514.1958	   492.5824	     3.6433	     5.7158	   485.6586	 regenerative cooling, opposite flow
   41.9096	    44.7355	     4.1561	  6845.7516	     0.0000	  6845.7516	   548.2700	   548.2700	   514.0412	   492.4068	     3.6435	     5.7019	   486.8456	 regenerative cooling, opposite flow
   42.1392	    44.7355	     4.1552	  6851.3703	     0.0000	  6851.3703	   548.1435	   548.1435	   513.8867	   492.2315	     3.6438	     5.6884	   488.0037	 regenerative cooling, opposite flow
   42.3689	    44.7355	     4.1544	  6857.0036	     0.0000	  6857.0036	   548.0174	   548.0174	   513.7324	   492.0566	     3.6440	     5.6752	   489.1346	 regenerative cooling, opposite flow
   42.5985	    44.7355	     4.1535	  6862.5146	     0.0000	  6862.5146	   547.8905	   547.8905	   513.5780	   491.8821	     3.6443	     5.6624	   490.2398	 regenerative cooling, opposite flow
   42.8281	    44.7355	     4.1525	  6867.9724	     0.0000	  6867.9724	   547.7635	   547.7635	   513.4236	   491.7079	     3.6445	     5.6500	   491.3207	 regenerative cooling, opposite flow
   43.0578	    44.7355	     4.1516	  6873.3777	     0.0000	  6873.3777	   547.6362	   547.6362	   513.2693	   491.5340	     3.6448	     5.6378	   492.3786	 regenerative cooling, opposite flow
   43.2874	    44.7355	     4.1507	  6878.7309	     0.0000	  6878.7309	   547.5088	   547.5088	   513.1151	   491.3605	     3.6450	     5.6260	   493.4145	 regenerative cooling, opposite flow
   43.5171	    44.7355	     4.1498	  6884.0328	     0.0000	  6884.0328	   547.3812	   547.3812	   512.9610	   491.1874	     3.6453	     5.6144	   494.4297	 regenerative cooling, opposite flow
   43.7467	    44.7355	     4.1489	  6889.2839	     0.0000	  6889.2839	   547.2534	   547.2534	   512.8070	   491.0147	     3.6455	     5.6031	   495.4250	 regenerative cooling, opposite flow
   43.9763	    44.7355	     4.1480	  6894.4848	     0.0000	  6894.4848	   547.1254	   547.1254	   512.6530	   490.8424	     3.6458	     5.5921	   496.4013	 regenerative cooling, opposite flow
   44.2060	    44.7355	     4.1471	  6899.6360	     0.0000	  6899.6360	   546.9973	   546.9973	   512.4992	   490.6704	     3.6460	     5.5814	   497.3596	 regenerative cooling, opposite flow
   44.4356	    44.7355	     4.1462	  6904.7382	     0.0000	  6904.7382	   546.8691	   546.8691	   512.3454	   490.4988	     3.6463	     5.5708	   498.3005	 regenerative cooling, opposite flow
   44.6653	    44.7355	     4.1453	  6909.7918	     0.0000	  6909.7918	   546.7407	   546.7407	   512.1917	   490.3276	     3.6465	     5.5605	   499.2248	 regenerative cooling, opposite flow
   44.8949	    44.7355	     4.1444	  6914.7975	     0.0000	  6914.7975	   546.6121	   546.6121	   512.0381	   490.1568	     3.6467	     5.5504	   500.1332	 regenerative cooling, opposite flow
   45.1246	    44.7355	     4.1434	  6919.7557	     0.0000	  6919.7557	   546.4834	   546.4834	   511.8847	   489.9865	     3.6470	     5.5405	   501.0262	 regenerative cooling, opposite flow
   45.3542	    44.7355	     4.1425	  6924.6671	     0.0000	  6924.6671	   546.3546	   546.3546	   511.7313	   489.8165	     3.6472	     5.5308	   501.9045	 regenerative cooling, opposite flow
   45.5838	    44.7355	     4.1416	  6929.5320	     0.0000	  6929.5320	   546.2257	   546.2257	   511.5780	   489.6469	     3.6475	     5.5213	   502.7687	 regenerative cooling, opposite flow
   45.8135	    44.7355	     4.1407	  6934.3510	     0.0000	  6934.3510	   546.0967	   546.0967	   511.4249	   489.4778	     3.6477	     5.5120	   503.6191	 regenerative cooling, opposite flow
   46.0431	    44.7355	     4.1398	  6939.1246	     0.0000	  6939.1246	   545.9675	   545.9675	   511.2719	   489.3091	     3.6480	     5.5028	   504.4564	 regenerative cooling, opposite flow
   46.2728	    44.7355	     4.1389	  6943.8533	     0.0000	  6943.8533	   545.8382	   545.8382	   511.1190	   489.1408	     3.6482	     5.4939	   505.2810	 regenerative cooling, opposite flow
   46.5024	    44.7355	     4.1380	  6948.5376	     0.0000	  6948.5376	   545.7089	   545.7089	   510.9662	   488.9729	     3.6485	     5.4850	   506.0932	 regenerative cooling, opposite flow
   46.7320	    44.7355	     4.1371	  6953.1780	     0.0000	  6953.1780	   545.5794	   545.5794	   510.8135	   488.8055	     3.6487	     5.4764	   506.8935	 regenerative cooling, opposite flow
   46.9617	    44.7355	     4.1361	  6957.7749	     0.0000	  6957.7749	   545.4499	   545.4499	   510.6610	   488.6385	     3.6489	     5.4679	   507.6823	 regenerative cooling, opposite flow
   47.1913	    44.7355	     4.1352	  6962.3288	     0.0000	  6962.3288	   545.3202	   545.3202	   510.5086	   488.4720	     3.6492	     5.4595	   508.4600	 regenerative cooling, opposite flow
   47.4210	    44.7355	     4.1343	  6966.8402	     0.0000	  6966.8402	   545.1905	   545.1905	   510.3563	   488.3059	     3.6494	     5.4513	   509.2268	 regenerative cooling, opposite flow
   47.6506	    44.7355	     4.1334	  6971.3094	     0.0000	  6971.3094	   545.0607	   545.0607	   510.2042	   488.1403	     3.6497	     5.4432	   509.9831	 regenerative cooling, opposite flow
   47.8803	    44.7355	     4.1325	  6975.7370	     0.0000	  6975.7370	   544.9308	   544.9308	   510.0522	   487.9751	     3.6499	     5.4352	   510.7292	 regenerative cooling, opposite flow
   48.1099	    44.7355	     4.1316	  6980.1234	     0.0000	  6980.1234	   544.8009	   544.8009	   509.9003	   487.8104	     3.6501	     5.4274	   511.4653	 regenerative cooling, opposite flow
   48.3395	    44.7355	     4.1306	  6984.4689	     0.0000	  6984.4689	   544.6709	   544.6709	   509.7486	   487.6462	     3.6504	     5.4197	   512.1918	 regenerative cooling, opposite flow
   48.5692	    44.7355	     4.1297	  6988.7741	     0.0000	  6988.7741	   544.5409	   544.5409	   509.5970	   487.4825	     3.6506	     5.4121	   512.9090	 regenerative cooling, opposite flow
   48.7988	    44.7355	     4.1288	  6993.0394	     0.0000	  6993.0394	   544.4107	   544.4107	   509.4455	   487.3192	     3.6509	     5.4047	   513.6170	 regenerative cooling, opposite flow
   49.0285	    44.7355	     4.1279	  6997.2651	     0.0000	  6997.2651	   544.2806	   544.2806	   509.2942	   487.1565	     3.6511	     5.3973	   514.3161	 regenerative cooling, opposite flow
   49.2581	    44.7355	     4.1270	  7001.4516	     0.0000	  7001.4516	   544.1504	   544.1504	   509.1431	   486.9942	     3.6513	     5.3901	   515.0065	 regenerative cooling, opposite flow
   49.4877	    44.7355	     4.1261	  7005.5994	     0.0000	  7005.5994	   544.0201	   544.0201	   508.9921	   486.8324	     3.6516	     5.3830	   515.6884	 regenerative cooling, opposite flow
   49.7174	    44.7355	     4.1251	  7009.7088	     0.0000	  7009.7088	   543.8898	   543.8898	   508.8413	   486.6711	     3.6518	     5.3760	   516.3621	 regenerative cooling, opposite flow
   49.9470	    44.7355	     4.1242	  7013.7803	     0.0000	  7013.7803	   543.7595	   543.7595	   508.6906	   486.5104	     3.6520	     5.3690	   517.0277	 regenerative cooling, opposite flow
   50.1767	    44.7355	     4.1233	  7017.8142	     0.0000	  7017.8142	   543.6291	   543.6291	   508.5400	   486.3501	     3.6523	     5.3622	   517.6855	 regenerative cooling, opposite flow
   50.4063	    44.7355	     4.1224	  7021.8109	     0.0000	  7021.8109	   543.4987	   543.4987	   508.3896	   486.1904	     3.6525	     5.3555	   518.3355	 regenerative cooling, opposite flow
   50.6360	    44.7355	     4.1215	  7025.7707	     0.0000	  7025.7707	   543.3683	   543.3683	   508.2394	   486.0311	     3.6528	     5.3489	   518.9780	 regenerative cooling, opposite flow
   50.8656	    44.7355	     4.1205	  7029.6940	     0.0000	  7029.6940	   543.2378	   543.2378	   508.0893	   485.8724	     3.6530	     5.3423	   519.6131	 regenerative cooling, opposite flow
   51.0952	    44.7355	     4.1196	  7033.5813	     0.0000	  7033.5813	   543.1073	   543.1073	   507.9394	   485.7143	     3.6532	     5.3359	   520.2411	 regenerative cooling, opposite flow
   51.3249	    44.7355	     4.1187	  7037.4328	     0.0000	  7037.4328	   542.9768	   542.9768	   507.7896	   485.5567	     3.6535	     5.3295	   520.8619	 regenerative cooling, opposite flow
   51.5545	    44.7355	     4.1178	  7041.2488	     0.0000	  7041.2488	   542.8463	   542.8463	   507.6400	   485.3996	     3.6537	     5.3232	   521.4758	 regenerative cooling, opposite flow
   51.7842	    44.7355	     4.1168	  7045.0298	     0.0000	  7045.0298	   542.7158	   542.7158	   507.4906	   485.2430	     3.6539	     5.3170	   522.0830	 regenerative cooling, opposite flow
   52.0138	    44.7355	     4.1159	  7048.7761	     0.0000	  7048.7761	   542.5852	   542.5852	   507.3413	   485.0870	     3.6542	     5.3109	   522.6834	 regenerative cooling, opposite flow
   52.2434	    44.7355	     4.1150	  7052.4880	     0.0000	  7052.4880	   542.4546	   542.4546	   507.1922	   484.9316	     3.6544	     5.3049	   523.2774	 regenerative cooling, opposite flow
   52.4731	    44.7355	     4.1141	  7056.1658	     0.0000	  7056.1658	   542.3241	   542.3241	   507.0432	   484.7768	     3.6546	     5.2990	   523.8649	 regenerative cooling, opposite flow
   52.7027	    44.7355	     4.1131	  7059.8099	     0.0000	  7059.8099	   542.1935	   542.1935	   506.8944	   484.6225	     3.6549	     5.2931	   524.4462	 regenerative cooling, opposite flow
   52.9324	    44.7355	     4.1122	  7063.4207	     0.0000	  7063.4207	   542.0629	   542.0629	   506.7458	   484.4687	     3.6551	     5.2873	   525.0213	 regenerative cooling, opposite flow
   53.1620	    44.7355	     4.1113	  7066.9983	     0.0000	  7066.9983	   541.9323	   541.9323	   506.5973	   484.3156	     3.6553	     5.2816	   525.5903	 regenerative cooling, opposite flow
   53.3916	    44.7355	     4.1104	  7070.5431	     0.0000	  7070.5431	   541.8017	   541.8017	   506.4490	   484.1630	     3.6556	     5.2759	   526.1533	 regenerative cooling, opposite flow
   53.6213	    44.7355	     4.1094	  7074.0556	     0.0000	  7074.0556	   541.6711	   541.6711	   506.3009	   484.0110	     3.6558	     5.2703	   526.7105	 regenerative cooling, opposite flow
   53.8509	    44.7355	     4.1085	  6980.8451	     0.0000	  6980.8451	   565.0748	   565.0748	   530.1706	   483.8743	     3.6560	     5.2654	   527.2088	 regenerative cooling, opposite flow
   54.0806	    44.7355	     4.1076	  6983.7773	     0.0000	  6983.7773	   565.0752	   565.0752	   530.1563	   483.7373	     3.6563	     5.2604	   527.7056	 regenerative cooling, opposite flow
   54.3102	    44.7355	     4.1067	  6986.6812	     0.0000	  6986.6812	   565.0749	   565.0749	   530.1415	   483.5998	     3.6565	     5.2555	   528.2008	 regenerative cooling, opposite flow
   54.5399	    44.7355	     4.1057	  6989.5569	     0.0000	  6989.5569	   565.0739	   565.0739	   530.1261	   483.4620	     3.6567	     5.2506	   528.6945	 regenerative cooling, opposite flow
   54.7695	    44.7355	     4.1048	  6992.4047	     0.0000	  6992.4047	   565.0722	   565.0722	   530.1101	   483.3239	     3.6570	     5.2457	   529.1868	 regenerative cooling, opposite flow
   54.9991	    44.7355	     4.1039	  6995.2249	     0.0000	  6995.2249	   565.0698	   565.0698	   530.0937	   483.1853	     3.6572	     5.2408	   529.6775	 regenerative cooling, opposite flow
   55.2288	    44.7355	     4.1029	  6998.0177	     0.0000	  6998.0177	   565.0668	   565.0668	   530.0767	   483.0464	     3.6574	     5.2360	   530.1667	 regenerative cooling, opposite flow
   55.4584	    44.7355	     4.1020	  7000.7834	     0.0000	  7000.7834	   565.0631	   565.0631	   530.0591	   482.9072	     3.6577	     5.2312	   530.6545	 regenerative cooling, opposite flow
   55.6881	    44.7355	     4.1011	  7003.5222	     0.0000	  7003.5222	   565.0587	   565.0587	   530.0411	   482.7676	     3.6579	     5.2264	   531.1409	 regenerative cooling, opposite flow
   55.9177	    44.7355	     4.1001	  7006.2343	     0.0000	  7006.2343	   565.0537	   565.0537	   530.0226	   482.6277	     3.6581	     5.2216	   531.6258	 regenerative cooling, opposite flow
   56.1473	    44.7355	     4.0992	  7008.9200	     0.0000	  7008.9200	   565.0481	   565.0481	   530.0035	   482.4874	     3.6583	     5.2169	   532.1093	 regenerative cooling, opposite flow
   56.3770	    44.7355	     4.0983	  7011.5796	     0.0000	  7011.5796	   565.0419	   565.0419	   529.9840	   482.3467	     3.6586	     5.2121	   532.5914	 regenerative cooling, opposite flow
   56.6066	    44.7355	     4.0973	  7014.2132	     0.0000	  7014.2132	   565.0350	   565.0350	   529.9640	   482.2058	     3.6588	     5.2074	   533.0721	 regenerative cooling, opposite flow
   56.8363	    44.7355	     4.0964	  7016.8211	     0.0000	  7016.8211	   565.0276	   565.0276	   529.9434	   482.0645	     3.6590	     5.2028	   533.5515	 regenerative cooling, opposite flow
   57.0659	    44.7355	     4.0955	  7019.4035	     0.0000	  7019.4035	   565.0195	   565.0195	   529.9225	   481.9228	     3.6593	     5.1981	   534.0295	 regenerative cooling, opposite flow
   57.2956	    44.7355	     4.0945	  7021.9607	     0.0000	  7021.9607	   565.0108	   565.0108	   529.9010	   481.7809	     3.6595	     5.1935	   534.5061	 regenerative cooling, opposite flow
   57.5252	    44.7355	     4.0936	  7024.4928	     0.0000	  7024.4928	   565.0016	   565.0016	   529.8791	   481.6386	     3.6597	     5.1889	   534.9814	 regenerative cooling, opposite flow
   57.7548	    44.7355	     4.0927	  7027.0001	     0.0000	  7027.0001	   564.9917	   564.9917	   529.8567	   481.4959	     3.6600	     5.1843	   535.4554	 regenerative cooling, opposite flow
   57.9845	    44.7355	     4.0917	  7029.4827	     0.0000	  7029.4827	   564.9813	   564.9813	   529.8339	   481.3530	     3.6602	     5.1797	   535.9280	 regenerative cooling, opposite flow
   58.2141	    44.7355	     4.0908	  7031.9410	     0.0000	  7031.9410	   564.9703	   564.9703	   529.8106	   481.2097	     3.6604	     5.1751	   536.3994	 regenerative cooling, opposite flow
   58.4438	    44.7355	     4.0899	  7034.3751	     0.0000	  7034.3751	   564.9588	   564.9588	   529.7869	   481.0661	     3.6606	     5.1706	   536.8695	 regenerative cooling, opposite flow
   58.6734	    44.7355	     4.0889	  7036.7852	     0.0000	  7036.7852	   564.9467	   564.9467	   529.7628	   480.9222	     3.6609	     5.1661	   537.3383	 regenerative cooling, opposite flow
   58.9030	    44.7355	     4.0880	  7039.1715	     0.0000	  7039.1715	   564.9341	   564.9341	   529.7382	   480.7780	     3.6611	     5.1616	   537.8059	 regenerative cooling, opposite flow
   59.1327	    44.7355	     4.0871	  7041.5342	     0.0000	  7041.5342	   564.9209	   564.9209	   529.7133	   480.6335	     3.6613	     5.1571	   538.2722	 regenerative cooling, opposite flow
   59.3623	    44.7355	     4.0861	  7043.8736	     0.0000	  7043.8736	   564.9072	   564.9072	   529.6879	   480.4886	     3.6616	     5.1527	   538.7372	 regenerative cooling, opposite flow
   59.5920	    44.7355	     4.0852	  7046.1897	     0.0000	  7046.1897	   564.8930	   564.8930	   529.6621	   480.3435	     3.6618	     5.1482	   539.2010	 regenerative cooling, opposite flow
   59.8216	    44.7355	     4.0842	  7048.4829	     0.0000	  7048.4829	   564.8783	   564.8783	   529.6359	   480.1980	     3.6620	     5.1438	   539.6637	 regenerative cooling, opposite flow
   60.0513	    44.7355	     4.0833	  7050.7533	     0.0000	  7050.7533	   564.8630	   564.8630	   529.6092	   480.0523	     3.6622	     5.1394	   540.1251	 regenerative cooling, opposite flow
   60.2809	    44.7355	     4.0824	  7053.0011	     0.0000	  7053.0011	   564.8473	   564.8473	   529.5823	   479.9062	     3.6625	     5.1351	   540.5853	 regenerative cooling, opposite flow
   60.5105	    44.7355	     4.0814	  7055.2264	     0.0000	  7055.2264	   564.8310	   564.8310	   529.5549	   479.7599	     3.6627	     5.1307	   541.0443	 regenerative cooling, opposite flow
   60.7402	    44.7355	     4.0805	  7057.4295	     0.0000	  7057.4295	   564.8142	   564.8142	   529.5271	   479.6132	     3.6629	     5.1264	   541.5022	 regenerative cooling, opposite flow
   60.9698	    44.7355	     4.0795	  7059.6106	     0.0000	  7059.6106	   564.7970	   564.7970	   529.4990	   479.4663	     3.6631	     5.1220	   541.9589	 regenerative cooling, opposite flow
   61.1995	    44.7355	     4.0907	  7081.8109	     0.0000	  7081.8109	   565.0217	   565.0217	   529.6126	   479.3187	     3.6634	     5.1177	   542.4157	 regenerative cooling, opposite flow
   61.4291	    44.7355	     4.0856	  7077.0447	     0.0000	  7077.0447	   564.9201	   564.9201	   529.5348	   479.1709	     3.6636	     5.1134	   542.8710	 regenerative cooling, opposite flow
   61.6587	    44.7355	     4.0821	  7074.8929	     0.0000	  7074.8929	   564.8498	   564.8498	   529.4753	   479.0229	     3.6638	     5.1092	   543.3248	 regenerative cooling, opposite flow
   61.8884	    44.7355	     4.0792	  7073.7508	     0.0000	  7073.7508	   564.7914	   564.7914	   529.4227	   478.8747	     3.6640	     5.1049	   543.7773	 regenerative cooling, opposite flow
   62.1180	    44.7355	     4.0766	  7073.1258	     0.0000	  7073.1258	   564.7391	   564.7391	   529.3734	   478.7263	     3.6643	     5.1007	   544.2285	 regenerative cooling, opposite flow
   62.3477	    44.7355	     4.0742	  7072.8365	     0.0000	  7072.8365	   564.6906	   564.6906	   529.3264	   478.5776	     3.6645	     5.0965	   544.6785	 regenerative cooling, opposite flow
   62.5773	    44.7355	     4.0720	  7072.7857	     0.0000	  7072.7857	   564.6447	   564.6447	   529.2808	   478.4288	     3.6647	     5.0923	   545.1273	 regenerative cooling, opposite flow
   62.8070	    44.7355	     4.0699	  7072.9144	     0.0000	  7072.9144	   564.6008	   564.6008	   529.2362	   478.2796	     3.6649	     5.0881	   545.5748	 regenerative cooling, opposite flow
   63.0366	    44.7355	     4.0680	  7073.1836	     0.0000	  7073.1836	   564.5584	   564.5584	   529.1925	   478.1303	     3.6652	     5.0839	   546.0212	 regenerative cooling, opposite flow
   63.2662	    44.7355	     4.0661	  7073.5658	     0.0000	  7073.5658	   564.5171	   564.5171	   529.1493	   477.9807	     3.6654	     5.0798	   546.4664	 regenerative cooling, opposite flow
   63.4959	    44.7355	     4.0642	  7074.0407	     0.0000	  7074.0407	   564.4768	   564.4768	   529.1066	   477.8309	     3.6656	     5.0757	   546.9104	 regenerative cooling, opposite flow
   63.7255	    44.7355	     4.0624	  7074.5928	     0.0000	  7074.5928	   564.4372	   564.4372	   529.0642	   477.6808	     3.6658	     5.0716	   547.3533	 regenerative cooling, opposite flow
   63.9552	    44.7355	     4.0607	  7075.2097	     0.0000	  7075.2097	   564.3982	   564.3982	   529.0222	   477.5305	     3.6661	     5.0675	   547.7952	 regenerative cooling, opposite flow
   64.1848	    44.7355	     4.0590	  7075.8817	     0.0000	  7075.8817	   564.3597	   564.3597	   528.9803	   477.3800	     3.6663	     5.0634	   548.2359	 regenerative cooling, opposite flow
   64.4144	    44.7355	     4.0574	  7076.6005	     0.0000	  7076.6005	   564.3215	   564.3215	   528.9385	   477.2292	     3.6665	     5.0593	   548.6755	 regenerative cooling, opposite flow
   64.6441	    44.7355	     4.0558	  7077.3594	     0.0000	  7077.3594	   564.2837	   564.2837	   528.8969	   477.0782	     3.6667	     5.0553	   549.1140	 regenerative cooling, opposite flow
   64.8737	    44.7355	     4.0542	  7078.0844	     0.0000	  7078.0844	   564.2453	   564.2453	   528.8549	   476.9270	     3.6670	     5.0513	   549.5515	 regenerative cooling, opposite flow
   65.1034	    44.7355	     4.0526	  7078.9070	     0.0000	  7078.9070	   564.2079	   564.2079	   528.8133	   476.7755	     3.6672	     5.0473	   549.9880	 regenerative cooling, opposite flow
   65.3330	    44.7355	     4.0511	  7079.7547	     0.0000	  7079.7547	   564.1706	   564.1706	   528.7718	   476.6238	     3.6674	     5.0433	   550.4233	 regenerative cooling, opposite flow
   65.5626	    44.7355	     4.0496	  7080.6238	     0.0000	  7080.6238	   564.1334	   564.1334	   528.7303	   476.4719	     3.6676	     5.0393	   550.8577	 regenerative cooling, opposite flow
   65.7923	    44.7355	     4.0482	  7081.5111	     0.0000	  7081.5111	   564.0963	   564.0963	   528.6888	   476.3198	     3.6678	     5.0353	   551.2910	 regenerative cooling, opposite flow
   66.0219	    44.7355	     4.0467	  7082.4138	     0.0000	  7082.4138	   564.0593	   564.0593	   528.6472	   476.1674	     3.6681	     5.0314	   551.7234	 regenerative cooling, opposite flow
   66.2516	    44.7355	     4.0453	  7083.3293	     0.0000	  7083.3293	   564.0222	   564.0222	   528.6055	   476.0148	     3.6683	     5.0275	   552.1547	 regenerative cooling, opposite flow
   66.4812	    44.7355	     4.0439	  7084.2554	     0.0000	  7084.2554	   563.9851	   563.9851	   528.5638	   475.8619	     3.6685	     5.0236	   552.5850	 regenerative cooling, opposite flow
   66.7109	    44.7355	     4.0425	  7085.1902	     0.0000	  7085.1902	   563.9480	   563.9480	   528.5220	   475.7089	     3.6687	     5.0197	   553.0144	 regenerative cooling, opposite flow
   66.9405	    44.7355	     4.0411	  7086.1318	     0.0000	  7086.1318	   563.9108	   563.9108	   528.4801	   475.5556	     3.6690	     5.0158	   553.4428	 regenerative cooling, opposite flow
   67.1701	    44.7355	     4.0397	  7087.0788	     0.0000	  7087.0788	   563.8735	   563.8735	   528.4381	   475.4021	     3.6692	     5.0119	   553.8702	 regenerative cooling, opposite flow
   67.3998	    44.7355	     4.0384	  7088.0296	     0.0000	  7088.0296	   563.8361	   563.8361	   528.3960	   475.2484	     3.6694	     5.0080	   554.2967	 regenerative cooling, opposite flow
   67.6294	    44.7355	     4.0370	  7088.9830	     0.0000	  7088.9830	   563.7987	   563.7987	   528.3538	   475.0944	     3.6696	     5.0042	   554.7223	 regenerative cooling, opposite flow
   67.8591	    44.7355	     4.0357	  7089.9378	     0.0000	  7089.9378	   563.7611	   563.7611	   528.3114	   474.9403	     3.6698	     5.0004	   555.1469	 regenerative cooling, opposite flow
   68.0887	    44.7355	     4.0344	  7090.8932	     0.0000	  7090.8932	   563.7234	   563.7234	   528.2690	   474.7859	     3.6701	     4.9966	   555.5705	 regenerative cooling, opposite flow
   68.3183	    44.7355	     4.0331	  7091.8480	     0.0000	  7091.8480	   563.6856	   563.6856	   528.2264	   474.6313	     3.6703	     4.9928	   555.9933	 regenerative cooling, opposite flow
   68.5480	    44.7355	     4.0318	  7092.8015	     0.0000	  7092.8015	   563.6476	   563.6476	   528.1836	   474.4765	     3.6705	     4.9890	   556.4151	 regenerative cooling, opposite flow
   68.7776	    44.7355	     4.0305	  7093.7529	     0.0000	  7093.7529	   563.6095	   563.6095	   528.1408	   474.3215	     3.6707	     4.9852	   556.8361	 regenerative cooling, opposite flow
   69.0073	    44.7355	     4.0292	  7094.7015	     0.0000	  7094.7015	   563.5713	   563.5713	   528.0978	   474.1663	     3.6709	     4.9814	   557.2561	 regenerative cooling, opposite flow
   69.2369	    44.7355	     4.0279	  7095.6467	     0.0000	  7095.6467	   563.5329	   563.5329	   528.0546	   474.0108	     3.6712	     4.9777	   557.6753	 regenerative cooling, opposite flow
   69.4666	    44.7355	     4.0266	  7096.5880	     0.0000	  7096.5880	   563.4943	   563.4943	   528.0114	   473.8552	     3.6714	     4.9740	   558.0935	 regenerative cooling, opposite flow
   69.6962	    44.7355	     4.0254	  7097.5247	     0.0000	  7097.5247	   563.4556	   563.4556	   527.9679	   473.6993	     3.6716	     4.9703	   558.5109	 regenerative cooling, opposite flow
   69.9258	    44.7355	     4.0241	  7098.4565	     0.0000	  7098.4565	   563.4167	   563.4167	   527.9244	   473.5433	     3.6718	     4.9665	   558.9275	 regenerative cooling, opposite flow
   70.1555	    44.7355	     4.0229	  7099.3829	     0.0000	  7099.3829	   563.3776	   563.3776	   527.8807	   473.3870	     3.6720	     4.9629	   559.3432	 regenerative cooling, opposite flow
   70.3851	    44.7355	     4.0216	  7100.3036	     0.0000	  7100.3036	   563.3384	   563.3384	   527.8368	   473.2305	     3.6723	     4.9592	   559.7580	 regenerative cooling, opposite flow
   70.6148	    44.7355	     4.0204	  7101.2181	     0.0000	  7101.2181	   563.2990	   563.2990	   527.7929	   473.0739	     3.6725	     4.9555	   560.1720	 regenerative cooling, opposite flow
   70.8444	    44.7355	     4.0191	  7102.1262	     0.0000	  7102.1262	   563.2594	   563.2594	   527.7487	   472.9170	     3.6727	     4.9519	   560.5851	 regenerative cooling, opposite flow
   71.0740	    44.7355	     4.0179	  7103.0275	     0.0000	  7103.0275	   563.2196	   563.2196	   527.7045	   472.7599	     3.6729	     4.9482	   560.9974	 regenerative cooling, opposite flow
   71.3037	    44.7355	     4.0167	  7103.9219	     0.0000	  7103.9219	   563.1797	   563.1797	   527.6601	   472.6027	     3.6731	     4.9446	   561.4089	 regenerative cooling, opposite flow
   71.5333	    44.7355	     4.0155	  7104.8089	     0.0000	  7104.8089	   563.1396	   563.1396	   527.6155	   472.4452	     3.6734	     4.9410	   561.8195	 regenerative cooling, opposite flow
   71.7630	    44.7355	     4.0143	  7105.6885	     0.0000	  7105.6885	   563.0993	   563.0993	   527.5709	   472.2876	     3.6736	     4.9374	   562.2294	 regenerative cooling, opposite flow
   71.9926	    44.7355	     4.0131	  7106.5604	     0.0000	  7106.5604	   563.0588	   563.0588	   527.5260	   472.1297	     3.6738	     4.9338	   562.6384	 regenerative cooling, opposite flow
   72.2223	    44.7355	     4.0118	  7107.4245	     0.0000	  7107.4245	   563.0182	   563.0182	   527.4811	   471.9717	     3.6740	     4.9302	   563.0467	 regenerative cooling, opposite flow
   72.4519	    44.7355	     4.0106	  7108.2805	     0.0000	  7108.2805	   562.9774	   562.9774	   527.4360	   471.8135	     3.6742	     4.9266	   563.4541	 regenerative cooling, opposite flow
   72.6815	    44.7355	     4.0094	  7109.1283	     0.0000	  7109.1283	   562.9364	   562.9364	   527.3908	   471.6550	     3.6744	     4.9231	   563.8608	 regenerative cooling, opposite flow
   72.9112	    44.7355	     4.0082	  7109.9677	     0.0000	  7109.9677	   562.8952	   562.8952	   527.3454	   471.4964	     3.6747	     4.9196	   564.2666	 regenerative cooling, opposite flow
   73.1408	    44.7355	     4.0071	  7110.7988	     0.0000	  7110.7988	   562.8539	   562.8539	   527.2999	   471.3376	     3.6749	     4.9160	   564.6717	 regenerative cooling, opposite flow
   73.3705	    44.7355	     4.0059	  7111.6212	     0.0000	  7111.6212	   562.8124	   562.8124	   527.2543	   471.1787	     3.6751	     4.9125	   565.0760	 regenerative cooling, opposite flow
   73.6001	    44.7355	     4.0047	  7112.4350	     0.0000	  7112.4350	   562.7707	   562.7707	   527.2085	   471.0195	     3.6753	     4.9090	   565.4796	 regenerative cooling, opposite flow
   73.8297	    44.7355	     4.0035	  7113.2400	     0.0000	  7113.2400	   562.7289	   562.7289	   527.1627	   470.8601	     3.6755	     4.9055	   565.8824	 regenerative cooling, opposite flow
   74.0594	    44.7355	     4.0023	  7114.0362	     0.0000	  7114.0362	   562.6868	   562.6868	   527.1166	   470.7006	     3.6757	     4.9020	   566.2844	 regenerative cooling, opposite flow
   74.2890	    44.7355	     4.0011	  7114.8234	     0.0000	  7114.8234	   562.6446	   562.6446	   527.0705	   470.5409	     3.6760	     4.8986	   566.6857	 regenerative cooling, opposite flow
   74.5187	    44.7355	     4.0000	  7115.6016	     0.0000	  7115.6016	   562.6023	   562.6023	   527.0243	   470.3810	     3.6762	     4.8951	   567.0863	 regenerative cooling, opposite flow
   74.7483	    44.7355	     3.9988	  7116.3708	     0.0000	  7116.3708	   562.5597	   562.5597	   526.9779	   470.2209	     3.6764	     4.8916	   567.4861	 regenerative cooling, opposite flow
   74.9780	    44.7355	     3.9976	  7117.1309	     0.0000	  7117.1309	   562.5170	   562.5170	   526.9314	   470.0607	     3.6766	     4.8882	   567.8852	 regenerative cooling, opposite flow
   75.2076	    44.7355	     3.9965	  7117.8818	     0.0000	  7117.8818	   562.4742	   562.4742	   526.8848	   469.9002	     3.6768	     4.8848	   568.2835	 regenerative cooling, opposite flow
   75.4372	    44.7355	     3.9953	  7118.6235	     0.0000	  7118.6235	   562.4312	   562.4312	   526.8380	   469.7396	     3.6770	     4.8814	   568.6811	 regenerative cooling, opposite flow
   75.6669	    44.7355	     3.9941	  7119.3559	     0.0000	  7119.3559	   562.3880	   562.3880	   526.7912	   469.5789	     3.6773	     4.8780	   569.0780	 regenerative cooling, opposite flow
   75.8965	    44.7355	     3.9930	  7120.0791	     0.0000	  7120.0791	   562.3446	   562.3446	   526.7442	   469.4179	     3.6775	     4.8746	   569.4742	 regenerative cooling, opposite flow
   76.1262	    44.7355	     3.9918	  7120.7930	     0.0000	  7120.7930	   562.3011	   562.3011	   526.6972	   469.2568	     3.6777	     4.8712	   569.8697	 regenerative cooling, opposite flow
   76.3558	    44.7355	     3.9907	  7121.4976	     0.0000	  7121.4976	   562.2575	   562.2575	   526.6500	   469.0955	     3.6779	     4.8678	   570.2645	 regenerative cooling, opposite flow
   76.5854	    44.7355	     3.9895	  7122.1928	     0.0000	  7122.1928	   562.2136	   562.2136	   526.6027	   468.9340	     3.6781	     4.8645	   570.6585	 regenerative cooling, opposite flow
   76.8151	    44.7355	     3.9884	  7122.8787	     0.0000	  7122.8787	   562.1697	   562.1697	   526.5553	   468.7724	     3.6783	     4.8611	   571.0519	 regenerative cooling, opposite flow
   77.0447	    44.7355	     3.9872	  7123.5552	     0.0000	  7123.5552	   562.1256	   562.1256	   526.5078	   468.6106	     3.6785	     4.8578	   571.4446	 regenerative cooling, opposite flow
   77.2744	    44.7355	     3.9861	  7124.2223	     0.0000	  7124.2223	   562.0813	   562.0813	   526.4602	   468.4486	     3.6788	     4.8544	   571.8366	 regenerative cooling, opposite flow
   77.5040	    44.7355	     3.9849	  7124.8801	     0.0000	  7124.8801	   562.0369	   562.0369	   526.4125	   468.2865	     3.6790	     4.8511	   572.2279	 regenerative cooling, opposite flow
   77.7336	    44.7355	     3.9838	  7125.5285	     0.0000	  7125.5285	   561.9923	   561.9923	   526.3647	   468.1242	     3.6792	     4.8478	   572.6186	 regenerative cooling, opposite flow
   77.9633	    44.7355	     3.9827	  7126.1675	     0.0000	  7126.1675	   561.9476	   561.9476	   526.3168	   467.9617	     3.6794	     4.8445	   573.0086	 regenerative cooling, opposite flow
   78.1929	    44.7355	     3.9815	  7126.7971	     0.0000	  7126.7971	   561.9028	   561.9028	   526.2688	   467.7991	     3.6796	     4.8412	   573.3979	 regenerative cooling, opposite flow
   78.4226	    44.7355	     3.9804	  7127.4174	     0.0000	  7127.4174	   561.8578	   561.8578	   526.2207	   467.6363	     3.6798	     4.8379	   573.7865	 regenerative cooling, opposite flow
   78.6522	    44.7355	     3.9792	  7128.0283	     0.0000	  7128.0283	   561.8127	   561.8127	   526.1725	   467.4734	     3.6800	     4.8347	   574.1745	 regenerative cooling, opposite flow
   78.8819	    44.7355	     3.9781	  7128.6299	     0.0000	  7128.6299	   561.7674	   561.7674	   526.1243	   467.3103	     3.6803	     4.8314	   574.5618	 regenerative cooling, opposite flow
   79.1115	    44.7355	     3.9770	  7129.2221	     0.0000	  7129.2221	   561.7220	   561.7220	   526.0759	   467.1470	     3.6805	     4.8282	   574.9485	 regenerative cooling, opposite flow
   79.3411	    44.7355	     3.9758	  7129.8049	     0.0000	  7129.8049	   561.6765	   561.6765	   526.0275	   466.9836	     3.6807	     4.8249	   575.3345	 regenerative cooling, opposite flow
   79.5708	    44.7355	     3.9747	  7130.3785	     0.0000	  7130.3785	   561.6308	   561.6308	   525.9789	   466.8200	     3.6809	     4.8217	   575.7199	 regenerative cooling, opposite flow
   79.8004	    44.7355	     3.9736	  7130.9428	     0.0000	  7130.9428	   561.5850	   561.5850	   525.9303	   466.6563	     3.6811	     4.8185	   576.1047	 regenerative cooling, opposite flow
   80.0301	    44.7355	     3.9725	  7131.4978	     0.0000	  7131.4978	   561.5391	   561.5391	   525.8816	   466.4924	     3.6813	     4.8153	   576.4888	 regenerative cooling, opposite flow
   80.2597	    44.7355	     3.9713	  7132.0435	     0.0000	  7132.0435	   561.4931	   561.4931	   525.8329	   466.3283	     3.6815	     4.8121	   576.8723	 regenerative cooling, opposite flow
   80.4893	    44.7355	     3.9702	  7132.5800	     0.0000	  7132.5800	   561.4469	   561.4469	   525.7840	   466.1641	     3.6817	     4.8089	   577.2551	 regenerative cooling, opposite flow
   80.7190	    44.7355	     3.9691	  7133.1072	     0.0000	  7133.1072	   561.4006	   561.4006	   525.7351	   465.9998	     3.6820	     4.8057	   577.6374	 regenerative cooling, opposite flow
   80.9486	    44.7355	     3.9680	  7133.6253	     0.0000	  7133.6253	   561.3542	   561.3542	   525.6861	   465.8353	     3.6822	     4.8025	   578.0190	 regenerative cooling, opposite flow
   81.1783	    44.7355	     3.9669	  7134.1342	     0.0000	  7134.1342	   561.3077	   561.3077	   525.6370	   465.6706	     3.6824	     4.7993	   578.4000	 regenerative cooling, opposite flow
   81.4079	    44.7355	     3.9657	  7134.6339	     0.0000	  7134.6339	   561.2611	   561.2611	   525.5879	   465.5058	     3.6826	     4.7962	   578.7803	 regenerative cooling, opposite flow
   81.6376	    44.7355	     3.9646	  7135.1245	     0.0000	  7135.1245	   561.2143	   561.2143	   525.5387	   465.3409	     3.6828	     4.7930	   579.1601	 regenerative cooling, opposite flow
   81.8672	    44.7355	     3.9635	  7135.6060	     0.0000	  7135.6060	   561.1675	   561.1675	   525.4894	   465.1758	     3.6830	     4.7899	   579.5393	 regenerative cooling, opposite flow
   82.0968	    44.7355	     3.9624	  7136.0785	     0.0000	  7136.0785	   561.1205	   561.1205	   525.4401	   465.0106	     3.6832	     4.7868	   579.9179	 regenerative cooling, opposite flow
   82.3265	    44.7355	     3.9613	  7136.5419	     0.0000	  7136.5419	   561.0734	   561.0734	   525.3907	   464.8452	     3.6834	     4.7837	   580.2958	 regenerative cooling, opposite flow
   82.5561	    44.7355	     3.9602	  7136.9962	     0.0000	  7136.9962	   561.0262	   561.0262	   525.3412	   464.6797	     3.6836	     4.7806	   580.6732	 regenerative cooling, opposite flow
   82.7858	    44.7355	     3.9590	  7137.4416	     0.0000	  7137.4416	   560.9789	   560.9789	   525.2917	   464.5140	     3.6839	     4.7775	   581.0500	 regenerative cooling, opposite flow
   83.0154	    44.7355	     3.9579	  7137.8780	     0.0000	  7137.8780	   560.9315	   560.9315	   525.2421	   464.3482	     3.6841	     4.7744	   581.4262	 regenerative cooling, opposite flow
   83.2450	    44.7355	     3.9568	  7138.3055	     0.0000	  7138.3055	   560.8840	   560.8840	   525.1925	   464.1822	     3.6843	     4.7713	   581.8018	 regenerative cooling, opposite flow
   83.4747	    44.7355	     3.9557	  7138.7241	     0.0000	  7138.7241	   560.8365	   560.8365	   525.1428	   464.0161	     3.6845	     4.7682	   582.1768	 regenerative cooling, opposite flow
   83.7043	    44.7355	     3.9546	  7139.1338	     0.0000	  7139.1338	   560.7888	   560.7888	   525.0931	   463.8499	     3.6847	     4.7651	   582.5513	 regenerative cooling, opposite flow
   83.9340	    44.7355	     3.9535	  7139.5346	     0.0000	  7139.5346	   560.7410	   560.7410	   525.0433	   463.6835	     3.6849	     4.7621	   582.9251	 regenerative cooling, opposite flow
   84.1636	    44.7355	     3.9524	  7139.9267	     0.0000	  7139.9267	   560.6931	   560.6931	   524.9935	   463.5170	     3.6851	     4.7590	   583.2984	 regenerative cooling, opposite flow
   84.3933	    44.7355	     3.9513	  7140.3099	     0.0000	  7140.3099	   560.6451	   560.6451	   524.9436	   463.3503	     3.6853	     4.7560	   583.6712	 regenerative cooling, opposite flow
   84.6229	    44.7355	     3.9502	  7140.6844	     0.0000	  7140.6844	   560.5971	   560.5971	   524.8936	   463.1835	     3.6855	     4.7530	   584.0433	 regenerative cooling, opposite flow
   84.8525	    44.7355	     3.9491	  7141.0502	     0.0000	  7141.0502	   560.5489	   560.5489	   524.8437	   463.0166	     3.6857	     4.7499	   584.4149	 regenerative cooling, opposite flow
   85.0822	    44.7355	     3.9480	  7141.4074	     0.0000	  7141.4074	   560.5007	   560.5007	   524.7936	   462.8495	     3.6860	     4.7469	   584.7860	 regenerative cooling, opposite flow
   85.3118	    44.7355	     3.9469	  7141.7558	     0.0000	  7141.7558	   560.4524	   560.4524	   524.7436	   462.6823	     3.6862	     4.7439	   585.1565	 regenerative cooling, opposite flow
   85.5415	    44.7355	     3.9457	  7142.0262	     0.0000	  7142.0262	   560.4030	   560.4030	   524.6929	   462.5150	     3.6864	     4.7409	   585.5264	 regenerative cooling, opposite flow
   85.7711	    44.7355	     3.9446	  7142.3572	     0.0000	  7142.3572	   560.3545	   560.3545	   524.6427	   462.3475	     3.6866	     4.7379	   585.8958	 regenerative cooling, opposite flow
   86.0007	    44.7355	     3.9435	  7142.6798	     0.0000	  7142.6798	   560.3060	   560.3060	   524.5926	   462.1799	     3.6868	     4.7350	   586.2646	 regenerative cooling, opposite flow
   86.2304	    44.7355	     3.9424	  7142.9938	     0.0000	  7142.9938	   560.2573	   560.2573	   524.5424	   462.0122	     3.6870	     4.7320	   586.6329	 regenerative cooling, opposite flow
   86.4600	    44.7355	     3.9413	  7143.2993	     0.0000	  7143.2993	   560.2086	   560.2086	   524.4921	   461.8443	     3.6872	     4.7290	   587.0006	 regenerative cooling, opposite flow
   86.6897	    44.7355	     3.9402	  7143.5963	     0.0000	  7143.5963	   560.1598	   560.1598	   524.4418	   461.6763	     3.6874	     4.7261	   587.3678	 regenerative cooling, opposite flow
   86.9193	    44.7355	     3.9391	  7143.8850	     0.0000	  7143.8850	   560.1110	   560.1110	   524.3915	   461.5082	     3.6876	     4.7231	   587.7345	 regenerative cooling, opposite flow
   87.1490	    44.7355	     3.9380	  7144.1652	     0.0000	  7144.1652	   560.0620	   560.0620	   524.3412	   461.3399	     3.6878	     4.7202	   588.1006	 regenerative cooling, opposite flow
   87.3786	    44.7355	     3.9369	  7144.4371	     0.0000	  7144.4371	   560.0130	   560.0130	   524.2908	   461.1715	     3.6880	     4.7172	   588.4662	 regenerative cooling, opposite flow
   87.6082	    44.7355	     3.9359	  7144.7007	     0.0000	  7144.7007	   559.9640	   559.9640	   524.2404	   461.0030	     3.6883	     4.7143	   588.8313	 regenerative cooling, opposite flow
   87.8379	    44.7355	     3.9348	  7144.9559	     0.0000	  7144.9559	   559.9148	   559.9148	   524.1900	   460.8344	     3.6885	     4.7114	   589.1959	 regenerative cooling, opposite flow
   88.0675	    44.7355	     3.9337	  7145.2030	     0.0000	  7145.2030	   559.8656	   559.8656	   524.1396	   460.6656	     3.6887	     4.7085	   589.5599	 regenerative cooling, opposite flow
   88.2972	    44.7355	     3.9326	  7145.4418	     0.0000	  7145.4418	   559.8164	   559.8164	   524.0892	   460.4967	     3.6889	     4.7056	   589.9234	 regenerative cooling, opposite flow
   88.5268	    44.7355	     3.9315	  7145.6724	     0.0000	  7145.6724	   559.7670	   559.7670	   524.0387	   460.3277	     3.6891	     4.7027	   590.2864	 regenerative cooling, opposite flow
   88.7564	    44.7355	     3.9304	  7145.8948	     0.0000	  7145.8948	   559.7177	   559.7177	   523.9882	   460.1585	     3.6893	     4.6998	   590.6488	 regenerative cooling, opposite flow
   88.9861	    44.7355	     3.9293	  7146.1091	     0.0000	  7146.1091	   559.6682	   559.6682	   523.9377	   459.9893	     3.6895	     4.6969	   591.0108	 regenerative cooling, opposite flow
   89.2157	    44.7355	     3.9282	  7146.3154	     0.0000	  7146.3154	   559.6187	   559.6187	   523.8872	   459.8199	     3.6897	     4.6941	   591.3722	 regenerative cooling, opposite flow
   89.4454	    44.7355	     3.9271	  7146.5136	     0.0000	  7146.5136	   559.5692	   559.5692	   523.8366	   459.6504	     3.6899	     4.6912	   591.7332	 regenerative cooling, opposite flow
   89.6750	    44.7355	     3.9260	  7146.7038	     0.0000	  7146.7038	   559.5196	   559.5196	   523.7861	   459.4807	     3.6901	     4.6883	   592.0936	 regenerative cooling, opposite flow
   89.9046	    44.7355	     3.9249	  7146.8847	     0.0000	  7146.8847	   559.4699	   559.4699	   523.7355	   459.3110	     3.6903	     4.6855	   592.4535	 regenerative cooling, opposite flow
   90.1343	    44.7354	     3.9239	  7147.0759	     0.0000	  7147.0759	   559.4204	   559.4204	   523.6850	   459.1411	     3.6905	     4.6827	   592.8129	 regenerative cooling, opposite flow
   90.3639	    44.7350	     3.9229	  7147.3724	     0.0000	  7147.3724	   559.3717	   559.3717	   523.6349	   458.9711	     3.6907	     4.6799	   593.1719	 regenerative cooling, opposite flow
   90.5936	    44.7338	     3.9220	  7147.8604	     0.0000	  7147.8604	   559.3247	   559.3247	   523.5854	   458.8010	     3.6909	     4.6772	   593.5303	 regenerative cooling, opposite flow
   90.8232	    44.7320	     3.9212	  7148.5518	     0.0000	  7148.5518	   559.2794	   559.2794	   523.5367	   458.6307	     3.6912	     4.6745	   593.8883	 regenerative cooling, opposite flow
   91.0529	    44.7294	     3.9205	  7149.4468	     0.0000	  7149.4468	   559.2359	   559.2359	   523.4887	   458.4603	     3.6914	     4.6720	   594.2458	 regenerative cooling, opposite flow
   91.2825	    44.7260	     3.9200	  7150.5453	     0.0000	  7150.5453	   559.1941	   559.1941	   523.4413	   458.2898	     3.6916	     4.6695	   594.6029	 regenerative cooling, opposite flow
   91.5121	    44.7220	     3.9196	  7151.8477	     0.0000	  7151.8477	   559.1540	   559.1540	   523.3948	   458.1191	     3.6918	     4.6671	   594.9595	 regenerative cooling, opposite flow
   91.7418	    44.7172	     3.9193	  7153.3540	     0.0000	  7153.3540	   559.1157	   559.1157	   523.3489	   457.9483	     3.6920	     4.6648	   595.3157	 regenerative cooling, opposite flow
   91.9714	    44.7117	     3.9191	  7155.0647	     0.0000	  7155.0647	   559.0792	   559.0792	   523.3038	   457.7773	     3.6922	     4.6626	   595.6714	 regenerative cooling, opposite flow
   92.2011	    44.7055	     3.9190	  7156.9801	     0.0000	  7156.9801	   559.0444	   559.0444	   523.2595	   457.6062	     3.6924	     4.6604	   596.0268	 regenerative cooling, opposite flow
   92.4307	    44.6985	     3.9191	  7159.1004	     0.0000	  7159.1004	   559.0114	   559.0114	   523.2159	   457.4350	     3.6926	     4.6584	   596.3817	 regenerative cooling, opposite flow
   92.6603	    44.6908	     3.9193	  7161.4260	     0.0000	  7161.4260	   558.9802	   558.9802	   523.1730	   457.2635	     3.6928	     4.6564	   596.7363	 regenerative cooling, opposite flow
   92.8900	    44.6824	     3.9196	  7163.9575	     0.0000	  7163.9575	   558.9507	   558.9507	   523.1309	   457.0919	     3.6930	     4.6545	   597.0905	 regenerative cooling, opposite flow
   93.1196	    44.6732	     3.9200	  7166.6951	     0.0000	  7166.6951	   558.9231	   558.9231	   523.0896	   456.9202	     3.6932	     4.6526	   597.4443	 regenerative cooling, opposite flow
   93.3493	    44.6633	     3.9205	  7169.6394	     0.0000	  7169.6394	   558.8972	   558.8972	   523.0491	   456.7483	     3.6934	     4.6509	   597.7978	 regenerative cooling, opposite flow
   93.5789	    44.6527	     3.9212	  7172.7909	     0.0000	  7172.7909	   558.8732	   558.8732	   523.0093	   456.5762	     3.6936	     4.6492	   598.1509	 regenerative cooling, opposite flow
   93.8086	    44.6414	     3.9220	  7176.1502	     0.0000	  7176.1502	   558.8510	   558.8510	   522.9703	   456.4039	     3.6938	     4.6476	   598.5036	 regenerative cooling, opposite flow
   94.0382	    44.6293	     3.9229	  7179.7177	     0.0000	  7179.7177	   558.8306	   558.8306	   522.9321	   456.2315	     3.6940	     4.6461	   598.8561	 regenerative cooling, opposite flow
   94.2678	    44.6165	     3.9239	  7183.4943	     0.0000	  7183.4943	   558.8121	   558.8121	   522.8946	   456.0588	     3.6942	     4.6446	   599.2082	 regenerative cooling, opposite flow
   94.4975	    44.6030	     3.9250	  7187.4804	     0.0000	  7187.4804	   558.7954	   558.7954	   522.8580	   455.8860	     3.6945	     4.6433	   599.5600	 regenerative cooling, opposite flow
   94.7271	    44.5887	     3.9263	  7191.6768	     0.0000	  7191.6768	   558.7806	   558.7806	   522.8222	   455.7130	     3.6947	     4.6420	   599.9115	 regenerative cooling, opposite flow
   94.9568	    44.5737	     3.9277	  7196.0842	     0.0000	  7196.0842	   558.7676	   558.7676	   522.7872	   455.5398	     3.6949	     4.6408	   600.2627	 regenerative cooling, opposite flow
   95.1864	    44.5580	     3.9292	  7200.7034	     0.0000	  7200.7034	   558.7565	   558.7565	   522.7530	   455.3664	     3.6951	     4.6397	   600.6136	 regenerative cooling, opposite flow
   95.4160	    44.5415	     3.9308	  7205.5351	     0.0000	  7205.5351	   558.7473	   558.7473	   522.7196	   455.1928	     3.6953	     4.6386	   600.9643	 regenerative cooling, opposite flow
   95.6457	    44.5243	     3.9326	  7210.5802	     0.0000	  7210.5802	   558.7400	   558.7400	   522.6871	   455.0189	     3.6955	     4.6377	   601.3146	 regenerative cooling, opposite flow
   95.8753	    44.5063	     3.9345	  7215.8395	     0.0000	  7215.8395	   558.7346	   558.7346	   522.6554	   454.8449	     3.6957	     4.6368	   601.6648	 regenerative cooling, opposite flow
   96.1050	    44.4877	     3.9365	  7221.3141	     0.0000	  7221.3141	   558.7311	   558.7311	   522.6246	   454.6707	     3.6959	     4.6360	   602.0147	 regenerative cooling, opposite flow
   96.3346	    44.4683	     3.9386	  7227.0047	     0.0000	  7227.0047	   558.7296	   558.7296	   522.5945	   454.4962	     3.6961	     4.6352	   602.3643	 regenerative cooling, opposite flow
   96.5643	    44.4481	     3.9409	  7232.9121	     0.0000	  7232.9121	   558.7300	   558.7300	   522.5654	   454.3215	     3.6963	     4.6346	   602.7137	 regenerative cooling, opposite flow
   96.7939	    44.4272	     3.9433	  7239.0379	     0.0000	  7239.0379	   558.7323	   558.7323	   522.5371	   454.1466	     3.6965	     4.6340	   603.0630	 regenerative cooling, opposite flow
   97.0235	    44.4056	     3.9458	  7245.3828	     0.0000	  7245.3828	   558.7366	   558.7366	   522.5097	   453.9715	     3.6967	     4.6335	   603.4120	 regenerative cooling, opposite flow
   97.2532	    44.3833	     3.9484	  7251.9480	     0.0000	  7251.9480	   558.7429	   558.7429	   522.4832	   453.7961	     3.6969	     4.6331	   603.7608	 regenerative cooling, opposite flow
   97.4828	    44.3602	     3.9512	  7258.7346	     0.0000	  7258.7346	   558.7512	   558.7512	   522.4575	   453.6205	     3.6971	     4.6327	   604.1094	 regenerative cooling, opposite flow
   97.7125	    44.3363	     3.9540	  7265.7437	     0.0000	  7265.7437	   558.7615	   558.7615	   522.4328	   453.4446	     3.6973	     4.6325	   604.4578	 regenerative cooling, opposite flow
   97.9421	    44.3118	     3.9571	  7272.9765	     0.0000	  7272.9765	   558.7738	   558.7738	   522.4089	   453.2685	     3.6976	     4.6323	   604.8061	 regenerative cooling, opposite flow
   98.1717	    44.2864	     3.9602	  7280.4344	     0.0000	  7280.4344	   558.7881	   558.7881	   522.3860	   453.0921	     3.6978	     4.6322	   605.1542	 regenerative cooling, opposite flow
   98.4014	    44.2604	     3.9635	  7288.1187	     0.0000	  7288.1187	   558.8045	   558.8045	   522.3639	   452.9155	     3.6980	     4.6322	   605.5022	 regenerative cooling, opposite flow
   98.6310	    44.2336	     3.9669	  7296.0305	     0.0000	  7296.0305	   558.8230	   558.8230	   522.3428	   452.7386	     3.6982	     4.6322	   605.8500	 regenerative cooling, opposite flow
   98.8607	    44.2060	     3.9704	  7304.1715	     0.0000	  7304.1715	   558.8435	   558.8435	   522.3226	   452.5615	     3.6984	     4.6324	   606.1976	 regenerative cooling, opposite flow
   99.0903	    44.1778	     3.9741	  7312.5429	     0.0000	  7312.5429	   558.8661	   558.8661	   522.3034	   452.3841	     3.6986	     4.6326	   606.5452	 regenerative cooling, opposite flow
   99.3200	    44.1487	     3.9779	  7321.1462	     0.0000	  7321.1462	   558.8909	   558.8909	   522.2851	   452.2064	     3.6988	     4.6329	   606.8926	 regenerative cooling, opposite flow
   99.5496	    44.1189	     3.9818	  7329.9830	     0.0000	  7329.9830	   558.9177	   558.9177	   522.2678	   452.0284	     3.6990	     4.6333	   607.2400	 regenerative cooling, opposite flow
   99.7792	    44.0884	     3.9859	  7339.0548	     0.0000	  7339.0548	   558.9467	   558.9467	   522.2515	   451.8502	     3.6992	     4.6337	   607.5872	 regenerative cooling, opposite flow
  100.0089	    44.0572	     3.9901	  7348.3632	     0.0000	  7348.3632	   558.9779	   558.9779	   522.2361	   451.6716	     3.6994	     4.6342	   607.9344	 regenerative cooling, opposite flow
  100.2385	    44.0251	     3.9944	  7357.9098	     0.0000	  7357.9098	   559.0112	   559.0112	   522.2217	   451.4928	     3.6997	     4.6349	   608.2815	 regenerative cooling, opposite flow
  100.4682	    43.9924	     3.9989	  7367.6964	     0.0000	  7367.6964	   559.0468	   559.0468	   522.2083	   451.3137	     3.6999	     4.6356	   608.6285	 regenerative cooling, opposite flow
  100.6978	    43.9588	     4.0035	  7377.7247	     0.0000	  7377.7247	   559.0845	   559.0845	   522.1959	   451.1343	     3.7001	     4.6363	   608.9754	 regenerative cooling, opposite flow
  100.9274	    43.9246	     4.0082	  7387.9965	     0.0000	  7387.9965	   559.1245	   559.1245	   522.1845	   450.9545	     3.7003	     4.6372	   609.3223	 regenerative cooling, opposite flow
  101.1571	    43.8895	     4.0131	  7398.5137	     0.0000	  7398.5137	   559.1667	   559.1667	   522.1741	   450.7745	     3.7005	     4.6381	   609.6692	 regenerative cooling, opposite flow
  101.3867	    43.8537	     4.0181	  7409.2780	     0.0000	  7409.2780	   559.2112	   559.2112	   522.1648	   450.5941	     3.7007	     4.6392	   610.0160	 regenerative cooling, opposite flow
  101.6164	    43.8172	     4.0233	  7420.2916	     0.0000	  7420.2916	   559.2580	   559.2580	   522.1565	   450.4134	     3.7009	     4.6403	   610.3628	 regenerative cooling, opposite flow
  101.8460	    43.7799	     4.0286	  7431.5563	     0.0000	  7431.5563	   559.3071	   559.3071	   522.1493	   450.2324	     3.7011	     4.6415	   610.7096	 regenerative cooling, opposite flow
  102.0756	    43.7419	     4.0340	  7443.0741	     0.0000	  7443.0741	   559.3585	   559.3585	   522.1431	   450.0511	     3.7014	     4.6427	   611.0563	 regenerative cooling, opposite flow
  102.3053	    43.7031	     4.0396	  7454.8474	     0.0000	  7454.8474	   559.4123	   559.4123	   522.1380	   449.8694	     3.7016	     4.6441	   611.4031	 regenerative cooling, opposite flow
  102.5349	    43.6635	     4.0454	  7466.8780	     0.0000	  7466.8780	   559.4684	   559.4684	   522.1340	   449.6874	     3.7018	     4.6455	   611.7499	 regenerative cooling, opposite flow
  102.7646	    43.6231	     4.0513	  7479.1684	     0.0000	  7479.1684	   559.5269	   559.5269	   522.1311	   449.5050	     3.7020	     4.6471	   612.0968	 regenerative cooling, opposite flow
  102.9942	    43.5821	     4.0573	  7491.7206	     0.0000	  7491.7206	   559.5879	   559.5879	   522.1293	   449.3223	     3.7022	     4.6487	   612.4436	 regenerative cooling, opposite flow
  103.2239	    43.5402	     4.0635	  7504.5372	     0.0000	  7504.5372	   559.6513	   559.6513	   522.1286	   449.1392	     3.7024	     4.6503	   612.7905	 regenerative cooling, opposite flow
  103.4535	    43.4976	     4.0698	  7517.6204	     0.0000	  7517.6204	   559.7172	   559.7172	   522.1291	   448.9558	     3.7027	     4.6521	   613.1375	 regenerative cooling, opposite flow
  103.6831	    43.4542	     4.0763	  7530.9726	     0.0000	  7530.9726	   559.7855	   559.7855	   522.1306	   448.7720	     3.7029	     4.6540	   613.4845	 regenerative cooling, opposite flow
  103.9128	    43.4100	     4.0829	  7544.5965	     0.0000	  7544.5965	   559.8564	   559.8564	   522.1334	   448.5878	     3.7031	     4.6559	   613.8316	 regenerative cooling, opposite flow
  104.1424	    43.3651	     4.0897	  7558.4945	     0.0000	  7558.4945	   559.9298	   559.9298	   522.1373	   448.4033	     3.7033	     4.6580	   614.1787	 regenerative cooling, opposite flow
  104.3721	    43.3194	     4.0966	  7572.6693	     0.0000	  7572.6693	   560.0057	   560.0057	   522.1424	   448.2183	     3.7035	     4.6601	   614.5260	 regenerative cooling, opposite flow
  104.6017	    43.2729	     4.1037	  7587.1236	     0.0000	  7587.1236	   560.0843	   560.0843	   522.1487	   448.0330	     3.7038	     4.6623	   614.8733	 regenerative cooling, opposite flow
  104.8313	    43.2257	     4.1110	  7601.8601	     0.0000	  7601.8601	   560.1655	   560.1655	   522.1562	   447.8473	     3.7040	     4.6646	   615.2208	 regenerative cooling, opposite flow
  105.0610	    43.1777	     4.1184	  7616.8817	     0.0000	  7616.8817	   560.2493	   560.2493	   522.1649	   447.6612	     3.7042	     4.6670	   615.5683	 regenerative cooling, opposite flow
  105.2906	    43.1289	     4.1260	  7632.1912	     0.0000	  7632.1912	   560.3358	   560.3358	   522.1748	   447.4747	     3.7044	     4.6694	   615.9160	 regenerative cooling, opposite flow
  105.5203	    43.0793	     4.1338	  7647.7916	     0.0000	  7647.7916	   560.4249	   560.4249	   522.1860	   447.2877	     3.7046	     4.6720	   616.2638	 regenerative cooling, opposite flow
  105.7499	    43.0289	     4.1417	  7663.6859	     0.0000	  7663.6859	   560.5169	   560.5169	   522.1984	   447.1003	     3.7049	     4.6747	   616.6118	 regenerative cooling, opposite flow
  105.9796	    42.9778	     4.1497	  7679.8773	     0.0000	  7679.8773	   560.6115	   560.6115	   522.2121	   446.9126	     3.7051	     4.6774	   616.9600	 regenerative cooling, opposite flow
  106.2092	    42.9259	     4.1580	  7696.3689	     0.0000	  7696.3689	   560.7090	   560.7090	   522.2271	   446.7243	     3.7053	     4.6802	   617.3083	 regenerative cooling, opposite flow
  106.4388	    42.8732	     4.1664	  7713.1640	     0.0000	  7713.1640	   560.8093	   560.8093	   522.2435	   446.5357	     3.7055	     4.6831	   617.6567	 regenerative cooling, opposite flow
  106.6685	    42.8197	     4.1750	  7730.2660	     0.0000	  7730.2660	   560.9124	   560.9124	   522.2611	   446.3466	     3.7058	     4.6862	   618.0054	 regenerative cooling, opposite flow
  106.8981	    42.7654	     4.1837	  7747.6781	     0.0000	  7747.6781	   561.0184	   561.0184	   522.2800	   446.1571	     3.7060	     4.6893	   618.3542	 regenerative cooling, opposite flow
  107.1278	    42.7103	     4.1927	  7765.4040	     0.0000	  7765.4040	   561.1274	   561.1274	   522.3003	   445.9671	     3.7062	     4.6925	   618.7033	 regenerative cooling, opposite flow
  107.3574	    42.6544	     4.2018	  7783.4471	     0.0000	  7783.4471	   561.2393	   561.2393	   522.3220	   445.7766	     3.7065	     4.6958	   619.0525	 regenerative cooling, opposite flow
  107.5870	    42.5978	     4.2111	  7801.8112	     0.0000	  7801.8112	   561.3541	   561.3541	   522.3451	   445.5857	     3.7067	     4.6991	   619.4020	 regenerative cooling, opposite flow
  107.8167	    42.5403	     4.2206	  7820.5000	     0.0000	  7820.5000	   561.4720	   561.4720	   522.3695	   445.3943	     3.7069	     4.7026	   619.7518	 regenerative cooling, opposite flow
  108.0463	    42.4821	     4.2302	  7839.5173	     0.0000	  7839.5173	   561.5930	   561.5930	   522.3954	   445.2024	     3.7071	     4.7062	   620.1017	 regenerative cooling, opposite flow
  108.2760	    42.4230	     4.2401	  7858.8671	     0.0000	  7858.8671	   561.7170	   561.7170	   522.4227	   445.0100	     3.7074	     4.7099	   620.4519	 regenerative cooling, opposite flow
  108.5056	    42.3631	     4.2501	  7878.5534	     0.0000	  7878.5534	   561.8442	   561.8442	   522.4514	   444.8171	     3.7076	     4.7137	   620.8024	 regenerative cooling, opposite flow
  108.7353	    42.3025	     4.2603	  7898.5802	     0.0000	  7898.5802	   561.9745	   561.9745	   522.4816	   444.6238	     3.7078	     4.7175	   621.1532	 regenerative cooling, opposite flow
  108.9649	    42.2410	     4.2707	  7918.9518	     0.0000	  7918.9518	   562.1081	   562.1081	   522.5133	   444.4299	     3.7081	     4.7215	   621.5042	 regenerative cooling, opposite flow
  109.1945	    42.1787	     4.2814	  7939.6724	     0.0000	  7939.6724	   562.2449	   562.2449	   522.5465	   444.2355	     3.7083	     4.7256	   621.8556	 regenerative cooling, opposite flow
  109.4242	    42.1156	     4.2922	  7960.7466	     0.0000	  7960.7466	   562.3850	   562.3850	   522.5813	   444.0406	     3.7086	     4.7297	   622.2072	 regenerative cooling, opposite flow
  109.6538	    42.0517	     4.3032	  7982.1788	     0.0000	  7982.1788	   562.5284	   562.5284	   522.6175	   443.8451	     3.7088	     4.7340	   622.5592	 regenerative cooling, opposite flow
  109.8835	    41.9870	     4.3144	  8003.9736	     0.0000	  8003.9736	   562.6752	   562.6752	   522.6554	   443.6491	     3.7090	     4.7384	   622.9115	 regenerative cooling, opposite flow
  110.1131	    41.9215	     4.3258	  8026.0582	     0.0000	  8026.0582	   562.8243	   562.8243	   522.6940	   443.4526	     3.7093	     4.7428	   623.2641	 regenerative cooling, opposite flow
  110.3427	    41.8551	     4.3374	  8048.5923	     0.0000	  8048.5923	   562.9780	   562.9780	   522.7350	   443.2555	     3.7095	     4.7474	   623.6170	 regenerative cooling, opposite flow
  110.5724	    41.7879	     4.3492	  8071.5035	     0.0000	  8071.5035	   563.1352	   563.1352	   522.7776	   443.0578	     3.7098	     4.7521	   623.9704	 regenerative cooling, opposite flow
  110.8020	    41.7199	     4.3613	  8094.7969	     0.0000	  8094.7969	   563.2959	   563.2959	   522.8219	   442.8596	     3.7100	     4.7569	   624.3241	 regenerative cooling, opposite flow
  111.0317	    41.6511	     4.3735	  8118.4776	     0.0000	  8118.4776	   563.4602	   563.4602	   522.8679	   442.6608	     3.7102	     4.7618	   624.6781	 regenerative cooling, opposite flow
  111.2613	    41.5814	     4.3860	  8142.5511	     0.0000	  8142.5511	   563.6282	   563.6282	   522.9155	   442.4615	     3.7105	     4.7668	   625.0326	 regenerative cooling, opposite flow
  111.4910	    41.5109	     4.3987	  8167.0226	     0.0000	  8167.0226	   563.7999	   563.7999	   522.9648	   442.2615	     3.7107	     4.7719	   625.3874	 regenerative cooling, opposite flow
  111.7206	    41.4396	     4.4117	  8191.8979	     0.0000	  8191.8979	   563.9754	   563.9754	   523.0159	   442.0609	     3.7110	     4.7771	   625.7427	 regenerative cooling, opposite flow
  111.9502	    41.3674	     4.4248	  8217.1825	     0.0000	  8217.1825	   564.1546	   564.1546	   523.0687	   441.8597	     3.7112	     4.7825	   626.0984	 regenerative cooling, opposite flow
  112.1799	    41.2944	     4.4382	  8242.8823	     0.0000	  8242.8823	   564.3377	   564.3377	   523.1233	   441.6579	     3.7115	     4.7879	   626.4546	 regenerative cooling, opposite flow
  112.4095	    41.2206	     4.4518	  8269.0033	     0.0000	  8269.0033	   564.5247	   564.5247	   523.1797	   441.4555	     3.7117	     4.7935	   626.8111	 regenerative cooling, opposite flow
  112.6392	    41.1459	     4.4657	  8295.5516	     0.0000	  8295.5516	   564.7157	   564.7157	   523.2380	   441.2525	     3.7120	     4.7991	   627.1682	 regenerative cooling, opposite flow
  112.8688	    41.0704	     4.4798	  8322.5335	     0.0000	  8322.5335	   564.9107	   564.9107	   523.2981	   441.0488	     3.7122	     4.8049	   627.5257	 regenerative cooling, opposite flow
  113.0984	    40.9940	     4.4942	  8349.9554	     0.0000	  8349.9554	   565.1098	   565.1098	   523.3600	   440.8444	     3.7125	     4.8108	   627.8837	 regenerative cooling, opposite flow
  113.3281	    40.9167	     4.5088	  8377.8237	     0.0000	  8377.8237	   565.3130	   565.3130	   523.4239	   440.6394	     3.7127	     4.8169	   628.2422	 regenerative cooling, opposite flow
  113.5577	    40.8386	     4.5236	  8406.1454	     0.0000	  8406.1454	   565.5204	   565.5204	   523.4897	   440.4337	     3.7130	     4.8230	   628.6012	 regenerative cooling, opposite flow
  113.7874	    40.7597	     4.5388	  8434.9272	     0.0000	  8434.9272	   565.7321	   565.7321	   523.5575	   440.2273	     3.7133	     4.8293	   628.9607	 regenerative cooling, opposite flow
  114.0170	    40.6798	     4.5541	  8464.1762	     0.0000	  8464.1762	   565.9481	   565.9481	   523.6272	   440.0203	     3.7135	     4.8356	   629.3207	 regenerative cooling, opposite flow
  114.2466	    40.5992	     4.5698	  8493.8996	     0.0000	  8493.8996	   566.1685	   566.1685	   523.6990	   439.8125	     3.7138	     4.8421	   629.6813	 regenerative cooling, opposite flow
  114.4763	    40.5176	     4.5857	  8524.1049	     0.0000	  8524.1049	   566.3934	   566.3934	   523.7728	   439.6041	     3.7141	     4.8488	   630.0425	 regenerative cooling, opposite flow
  114.7059	    40.4352	     4.6019	  8554.7996	     0.0000	  8554.7996	   566.6227	   566.6227	   523.8488	   439.3949	     3.7143	     4.8555	   630.4042	 regenerative cooling, opposite flow
  114.9356	    40.3519	     4.6183	  8585.9915	     0.0000	  8585.9915	   566.8567	   566.8567	   523.9268	   439.1850	     3.7146	     4.8624	   630.7665	 regenerative cooling, opposite flow
  115.1652	    40.2677	     4.6351	  8617.6886	     0.0000	  8617.6886	   567.0954	   567.0954	   524.0069	   438.9743	     3.7149	     4.8694	   631.1293	 regenerative cooling, opposite flow
  115.3949	    40.1826	     4.6521	  8649.8990	     0.0000	  8649.8990	   567.3387	   567.3387	   524.0892	   438.7629	     3.7151	     4.8766	   631.4928	 regenerative cooling, opposite flow
  115.6245	    40.0967	     4.6695	  8682.6311	     0.0000	  8682.6311	   567.5869	   567.5869	   524.1737	   438.5508	     3.7154	     4.8838	   631.8569	 regenerative cooling, opposite flow
  115.8541	    40.0098	     4.6871	  8715.8935	     0.0000	  8715.8935	   567.8400	   567.8400	   524.2605	   438.3378	     3.7157	     4.8912	   632.2217	 regenerative cooling, opposite flow
  116.0838	    39.9221	     4.7050	  8749.6950	     0.0000	  8749.6950	   568.0980	   568.0980	   524.3495	   438.1241	     3.7159	     4.8988	   632.5871	 regenerative cooling, opposite flow
  116.3134	    39.8335	     4.7232	  8784.0446	     0.0000	  8784.0446	   568.3611	   568.3611	   524.4409	   437.9096	     3.7162	     4.9065	   632.9531	 regenerative cooling, opposite flow
  116.5431	    39.7440	     4.7418	  8818.9516	     0.0000	  8818.9516	   568.6293	   568.6293	   524.5345	   437.6943	     3.7165	     4.9143	   633.3198	 regenerative cooling, opposite flow
  116.7727	    39.6536	     4.7607	  8854.4253	     0.0000	  8854.4253	   568.9027	   568.9027	   524.6306	   437.4782	     3.7168	     4.9222	   633.6872	 regenerative cooling, opposite flow
  117.0023	    39.5622	     4.7799	  8890.4756	     0.0000	  8890.4756	   569.1814	   569.1814	   524.7290	   437.2613	     3.7171	     4.9303	   634.0553	 regenerative cooling, opposite flow
  117.2320	    39.4700	     4.7994	  8927.1124	     0.0000	  8927.1124	   569.4655	   569.4655	   524.8299	   437.0435	     3.7173	     4.9386	   634.4242	 regenerative cooling, opposite flow
  117.4616	    39.3768	     4.8192	  8964.3459	     0.0000	  8964.3459	   569.7551	   569.7551	   524.9333	   436.8248	     3.7176	     4.9469	   634.7937	 regenerative cooling, opposite flow
  117.6913	    39.2828	     4.8394	  9002.1866	     0.0000	  9002.1866	   570.0502	   570.0502	   525.0393	   436.6053	     3.7179	     4.9555	   635.1640	 regenerative cooling, opposite flow
  117.9209	    39.1878	     4.8600	  9040.6453	     0.0000	  9040.6453	   570.3510	   570.3510	   525.1478	   436.3850	     3.7182	     4.9642	   635.5351	 regenerative cooling, opposite flow
  118.1506	    39.0919	     4.8809	  9079.7331	     0.0000	  9079.7331	   570.6575	   570.6575	   525.2589	   436.1637	     3.7185	     4.9730	   635.9069	 regenerative cooling, opposite flow
  118.3802	    38.9950	     4.9021	  9119.4612	     0.0000	  9119.4612	   570.9699	   570.9699	   525.3726	   435.9416	     3.7188	     4.9820	   636.2795	 regenerative cooling, opposite flow
  118.6098	    38.8973	     4.9237	  9159.8413	     0.0000	  9159.8413	   571.2883	   571.2883	   525.4891	   435.7185	     3.7191	     4.9911	   636.6529	 regenerative cooling, opposite flow
  118.8395	    38.7986	     4.9457	  9200.8854	     0.0000	  9200.8854	   571.6127	   571.6127	   525.6083	   435.4945	     3.7194	     5.0004	   637.0272	 regenerative cooling, opposite flow
  119.0691	    38.6989	     4.9681	  9242.6056	     0.0000	  9242.6056	   571.9433	   571.9433	   525.7302	   435.2696	     3.7197	     5.0099	   637.4023	 regenerative cooling, opposite flow
  119.2988	    38.5983	     4.9909	  9285.0146	     0.0000	  9285.0146	   572.2801	   572.2801	   525.8551	   435.0437	     3.7200	     5.0195	   637.7782	 regenerative cooling, opposite flow
  119.5284	    38.4968	     5.0140	  9328.0348	     0.0000	  9328.0348	   572.6220	   572.6220	   525.9819	   434.8168	     3.7203	     5.0293	   638.1550	 regenerative cooling, opposite flow
  119.7580	    38.3943	     5.0376	  9371.8601	     0.0000	  9371.8601	   572.9718	   572.9718	   526.1125	   434.5890	     3.7206	     5.0393	   638.5327	 regenerative cooling, opposite flow
  119.9877	    38.2908	     5.0615	  9416.4141	     0.0000	  9416.4141	   573.3281	   573.3281	   526.2460	   434.3602	     3.7209	     5.0494	   638.9112	 regenerative cooling, opposite flow
  120.2173	    38.1864	     5.0859	  9461.7106	     0.0000	  9461.7106	   573.6912	   573.6912	   526.3826	   434.1303	     3.7212	     5.0597	   639.2907	 regenerative cooling, opposite flow
  120.4470	    38.0810	     5.1108	  9507.7642	     0.0000	  9507.7642	   574.0612	   574.0612	   526.5223	   433.8995	     3.7215	     5.0702	   639.6712	 regenerative cooling, opposite flow
  120.6766	    37.9746	     5.1360	  9554.5894	     0.0000	  9554.5894	   574.4381	   574.4381	   526.6651	   433.6676	     3.7219	     5.0808	   640.0525	 regenerative cooling, opposite flow
  120.9063	    37.8673	     5.1617	  9602.2017	     0.0000	  9602.2017	   574.8222	   574.8222	   526.8111	   433.4346	     3.7222	     5.0916	   640.4349	 regenerative cooling, opposite flow
  121.1359	    37.7590	     5.1879	  9650.6165	     0.0000	  9650.6165	   575.2135	   575.2135	   526.9604	   433.2006	     3.7225	     5.1026	   640.8182	 regenerative cooling, opposite flow
  121.3655	    37.6497	     5.2145	  9699.8499	     0.0000	  9699.8499	   575.6122	   575.6122	   527.1129	   432.9655	     3.7228	     5.1138	   641.2026	 regenerative cooling, opposite flow
  121.5952	    37.5394	     5.2416	  9749.9185	     0.0000	  9749.9185	   576.0184	   576.0184	   527.2688	   432.7293	     3.7232	     5.1252	   641.5879	 regenerative cooling, opposite flow
  121.8248	    37.4281	     5.2692	  9800.8392	     0.0000	  9800.8392	   576.4323	   576.4323	   527.4281	   432.4919	     3.7235	     5.1368	   641.9743	 regenerative cooling, opposite flow
  122.0545	    37.3158	     5.2972	  9852.6294	     0.0000	  9852.6294	   576.8540	   576.8540	   527.5909	   432.2534	     3.7238	     5.1486	   642.3618	 regenerative cooling, opposite flow
  122.2841	    37.2025	     5.3258	  9905.3071	     0.0000	  9905.3071	   577.2837	   577.2837	   527.7572	   432.0138	     3.7242	     5.1605	   642.7503	 regenerative cooling, opposite flow
  122.5137	    37.0882	     5.3549	  9958.8908	     0.0000	  9958.8908	   577.7216	   577.7216	   527.9271	   431.7730	     3.7245	     5.1727	   643.1400	 regenerative cooling, opposite flow
  122.7434	    36.9728	     5.3845	 10013.3995	     0.0000	 10013.3995	   578.1677	   578.1677	   528.1007	   431.5310	     3.7248	     5.1851	   643.5307	 regenerative cooling, opposite flow
  122.9730	    36.8565	     5.4147	 10068.8527	     0.0000	 10068.8527	   578.6223	   578.6223	   528.2780	   431.2878	     3.7252	     5.1977	   643.9226	 regenerative cooling, opposite flow
  123.2027	    36.7391	     5.4454	 10125.2707	     0.0000	 10125.2707	   579.0855	   579.0855	   528.4592	   431.0434	     3.7255	     5.2105	   644.3157	 regenerative cooling, opposite flow
  123.4323	    36.6207	     5.4766	 10182.6740	     0.0000	 10182.6740	   579.5575	   579.5575	   528.6441	   430.7978	     3.7259	     5.2235	   644.7099	 regenerative cooling, opposite flow
  123.6620	    36.5012	     5.5085	 10241.0841	     0.0000	 10241.0841	   580.0385	   580.0385	   528.8331	   430.5508	     3.7262	     5.2367	   645.1054	 regenerative cooling, opposite flow
  123.8916	    36.3807	     5.5409	 10300.5230	     0.0000	 10300.5230	   580.5287	   580.5287	   529.0260	   430.3026	     3.7266	     5.2502	   645.5021	 regenerative cooling, opposite flow
  124.1212	    36.2592	     5.5739	 10361.0133	     0.0000	 10361.0133	   581.0282	   581.0282	   529.2231	   430.0531	     3.7270	     5.2638	   645.9000	 regenerative cooling, opposite flow
  124.3509	    36.1366	     5.6076	 10422.5782	     0.0000	 10422.5782	   581.5372	   581.5372	   529.4243	   429.8023	     3.7273	     5.2778	   646.2991	 regenerative cooling, opposite flow
  124.5805	    36.0129	     5.6418	 10485.2420	     0.0000	 10485.2420	   582.0560	   582.0560	   529.6298	   429.5501	     3.7277	     5.2919	   646.6996	 regenerative cooling, opposite flow
  124.8102	    35.8882	     5.6767	 10549.0292	     0.0000	 10549.0292	   582.5848	   582.5848	   529.8396	   429.2965	     3.7281	     5.3063	   647.1014	 regenerative cooling, opposite flow
  125.0398	    35.7623	     5.7123	 10613.9656	     0.0000	 10613.9656	   583.1237	   583.1237	   530.0539	   429.0416	     3.7285	     5.3209	   647.5045	 regenerative cooling, opposite flow
  125.2694	    35.6354	     5.7485	 10680.0773	     0.0000	 10680.0773	   583.6730	   583.6730	   530.2726	   428.7853	     3.7288	     5.3358	   647.9090	 regenerative cooling, opposite flow
  125.4991	    35.5074	     5.7854	 10747.2867	     0.0000	 10747.2867	   584.2314	   584.2314	   530.4949	   428.5275	     3.7292	     5.3509	   648.3148	 regenerative cooling, opposite flow
  125.7287	    35.3784	     5.8230	 10815.8302	     0.0000	 10815.8302	   584.8021	   584.8021	   530.7229	   428.2682	     3.7296	     5.3663	   648.7221	 regenerative cooling, opposite flow
  125.9584	    35.2482	     5.8614	 10885.6341	     0.0000	 10885.6341	   585.3839	   585.3839	   530.9557	   428.0075	     3.7300	     5.3819	   649.1308	 regenerative cooling, opposite flow
  126.1880	    35.1169	     5.9005	 10956.7292	     0.0000	 10956.7292	   585.9770	   585.9770	   531.1934	   427.7453	     3.7304	     5.3979	   649.5409	 regenerative cooling, opposite flow
  126.4176	    34.9846	     5.9403	 11029.0294	     0.0000	 11029.0294	   586.5808	   586.5808	   531.4357	   427.4817	     3.7308	     5.4140	   649.9524	 regenerative cooling, opposite flow
  126.6473	    34.8521	     5.9806	 11102.2491	     0.0000	 11102.2491	   587.1928	   587.1928	   531.6816	   427.2169	     3.7312	     5.4303	   650.3648	 regenerative cooling, opposite flow
  126.8769	    34.7195	     6.0214	 11176.2045	     0.0000	 11176.2045	   587.8114	   587.8114	   531.9304	   426.9511	     3.7316	     5.4468	   650.7778	 regenerative cooling, opposite flow
  127.1066	    34.5869	     6.0626	 11250.8991	     0.0000	 11250.8991	   588.4368	   588.4368	   532.1823	   426.6843	     3.7321	     5.4634	   651.1914	 regenerative cooling, opposite flow
  127.3362	    34.4543	     6.1042	 11326.3428	     0.0000	 11326.3428	   589.0690	   589.0690	   532.4373	   426.4165	     3.7325	     5.4800	   651.6057	 regenerative cooling, opposite flow
  127.5659	    34.3217	     6.1463	 11402.5458	     0.0000	 11402.5458	   589.7081	   589.7081	   532.6954	   426.1477	     3.7329	     5.4969	   652.0206	 regenerative cooling, opposite flow
  127.7955	    34.1892	     6.1888	 11479.5180	     0.0000	 11479.5180	   590.3542	   590.3542	   532.9566	   425.8779	     3.7333	     5.5138	   652.4361	 regenerative cooling, opposite flow
  128.0251	    34.0566	     6.2318	 11557.2697	     0.0000	 11557.2697	   591.0074	   591.0074	   533.2210	   425.6071	     3.7338	     5.5308	   652.8523	 regenerative cooling, opposite flow
  128.2548	    33.9240	     6.2753	 11635.8113	     0.0000	 11635.8113	   591.6677	   591.6677	   533.4887	   425.3352	     3.7342	     5.5480	   653.2691	 regenerative cooling, opposite flow
  128.4844	    33.7914	     6.3192	 11715.1534	     0.0000	 11715.1534	   592.3353	   592.3353	   533.7595	   425.0623	     3.7346	     5.5654	   653.6866	 regenerative cooling, opposite flow
  128.7141	    33.6588	     6.3636	 11795.3067	     0.0000	 11795.3067	   593.0102	   593.0102	   534.0337	   424.7883	     3.7351	     5.5828	   654.1047	 regenerative cooling, opposite flow
  128.9437	    33.5262	     6.4085	 11876.2823	     0.0000	 11876.2823	   593.6926	   593.6926	   534.3112	   424.5133	     3.7355	     5.6004	   654.5235	 regenerative cooling, opposite flow
  129.1733	    33.3937	     6.4539	 11958.0911	     0.0000	 11958.0911	   594.3825	   594.3825	   534.5921	   424.2373	     3.7360	     5.6181	   654.9430	 regenerative cooling, opposite flow
  129.4030	    33.2611	     6.4998	 12040.7445	     0.0000	 12040.7445	   595.0801	   595.0801	   534.8763	   423.9601	     3.7364	     5.6359	   655.3631	 regenerative cooling, opposite flow
  129.6326	    33.1285	     6.5462	 12124.2540	     0.0000	 12124.2540	   595.7853	   595.7853	   535.1641	   423.6819	     3.7369	     5.6539	   655.7838	 regenerative cooling, opposite flow
  129.8623	    32.9959	     6.5931	 12208.5107	     0.0000	 12208.5107	   596.4967	   596.4967	   535.4542	   423.4027	     3.7374	     5.6720	   656.2053	 regenerative cooling, opposite flow
  130.0919	    32.8633	     6.6405	 12293.7673	     0.0000	 12293.7673	   597.2178	   597.2178	   535.7489	   423.1223	     3.7378	     5.6903	   656.6274	 regenerative cooling, opposite flow
  130.3216	    32.7307	     6.6885	 12379.9154	     0.0000	 12379.9154	   597.9468	   597.9468	   536.0473	   422.8408	     3.7383	     5.7087	   657.0502	 regenerative cooling, opposite flow
  130.5512	    32.5982	     6.7370	 12466.9676	     0.0000	 12466.9676	   598.6841	   598.6841	   536.3492	   422.5582	     3.7388	     5.7272	   657.4737	 regenerative cooling, opposite flow
  130.7808	    32.4656	     6.7861	 12554.9361	     0.0000	 12554.9361	   599.4295	   599.4295	   536.6548	   422.2746	     3.7393	     5.7459	   657.8979	 regenerative cooling, opposite flow
  131.0105	    32.3330	     6.8357	 12643.8338	     0.0000	 12643.8338	   600.1834	   600.1834	   536.9642	   421.9897	     3.7398	     5.7647	   658.3227	 regenerative cooling, opposite flow
  131.2401	    32.2004	     6.8859	 12733.6734	     0.0000	 12733.6734	   600.9456	   600.9456	   537.2773	   421.7038	     3.7403	     5.7837	   658.7483	 regenerative cooling, opposite flow
  131.4698	    32.0678	     6.9366	 12824.4681	     0.0000	 12824.4681	   601.7165	   601.7165	   537.5942	   421.4167	     3.7408	     5.8028	   659.1745	 regenerative cooling, opposite flow
  131.6994	    31.9352	     6.9880	 12916.2312	     0.0000	 12916.2312	   602.4960	   602.4960	   537.9149	   421.1285	     3.7413	     5.8221	   659.6015	 regenerative cooling, opposite flow
  131.9290	    31.8026	     7.0399	 13008.9762	     0.0000	 13008.9762	   603.2844	   603.2844	   538.2395	   420.8391	     3.7418	     5.8415	   660.0292	 regenerative cooling, opposite flow
  132.1587	    31.6701	     7.0924	 13102.7169	     0.0000	 13102.7169	   604.0817	   604.0817	   538.5681	   420.5486	     3.7423	     5.8611	   660.4576	 regenerative cooling, opposite flow
  132.3883	    31.5375	     7.1456	 13197.4673	     0.0000	 13197.4673	   604.8880	   604.8880	   538.9006	   420.2568	     3.7428	     5.8808	   660.8867	 regenerative cooling, opposite flow
  132.6180	    31.4049	     7.1993	 13293.2417	     0.0000	 13293.2417	   605.7034	   605.7034	   539.2372	   419.9639	     3.7434	     5.9007	   661.3165	 regenerative cooling, opposite flow
  132.8476	    31.2723	     7.2537	 13390.0545	     0.0000	 13390.0545	   606.5282	   606.5282	   539.5779	   419.6698	     3.7439	     5.9208	   661.7470	 regenerative cooling, opposite flow
  133.0773	    31.1397	     7.3087	 13487.9205	     0.0000	 13487.9205	   607.3623	   607.3623	   539.9227	   419.3746	     3.7444	     5.9410	   662.1783	 regenerative cooling, opposite flow
  133.3069	    31.0071	     7.3644	 13586.8546	     0.0000	 13586.8546	   608.2060	   608.2060	   540.2717	   419.0781	     3.7450	     5.9614	   662.6103	 regenerative cooling, opposite flow
  133.5365	    30.8746	     7.4207	 13686.8720	     0.0000	 13686.8720	   609.0593	   609.0593	   540.6249	   418.7804	     3.7455	     5.9819	   663.0431	 regenerative cooling, opposite flow
  133.7662	    30.7420	     7.4776	 13787.8514	     0.0000	 13787.8514	   609.9205	   609.9205	   540.9812	   418.4814	     3.7461	     6.0026	   663.4766	 regenerative cooling, opposite flow
  133.9958	    30.6094	     7.5353	 13890.0819	     0.0000	 13890.0819	   610.7935	   610.7935	   541.3431	   418.1812	     3.7466	     6.0235	   663.9108	 regenerative cooling, opposite flow
  134.2255	    30.4768	     7.5937	 13993.4431	     0.0000	 13993.4431	   611.6765	   611.6765	   541.7093	   417.8798	     3.7472	     6.0446	   664.3458	 regenerative cooling, opposite flow
  134.4551	    30.3442	     7.6528	 14097.9512	     0.0000	 14097.9512	   612.5697	   612.5697	   542.0800	   417.5772	     3.7478	     6.0658	   664.7816	 regenerative cooling, opposite flow
  134.6847	    30.2116	     7.7125	 14203.6228	     0.0000	 14203.6228	   613.4733	   613.4733	   542.4552	   417.2732	     3.7484	     6.0872	   665.2181	 regenerative cooling, opposite flow
  134.9144	    30.0791	     7.7730	 14310.4746	     0.0000	 14310.4746	   614.3873	   614.3873	   542.8349	   416.9680	     3.7489	     6.1088	   665.6553	 regenerative cooling, opposite flow
  135.1440	    29.9465	     7.8343	 14418.5239	     0.0000	 14418.5239	   615.3119	   615.3119	   543.2193	   416.6615	     3.7495	     6.1305	   666.0934	 regenerative cooling, opposite flow
  135.3737	    29.8139	     7.8963	 14527.7881	     0.0000	 14527.7881	   616.2472	   616.2472	   543.6083	   416.3538	     3.7501	     6.1525	   666.5322	 regenerative cooling, opposite flow
  135.6033	    29.6813	     7.9590	 14638.2848	     0.0000	 14638.2848	   617.1934	   617.1934	   544.0020	   416.0447	     3.7507	     6.1746	   666.9718	 regenerative cooling, opposite flow
  135.8329	    29.5487	     8.0225	 14750.0322	     0.0000	 14750.0322	   618.1507	   618.1507	   544.4005	   415.7343	     3.7514	     6.1969	   667.4122	 regenerative cooling, opposite flow
  136.0626	    29.4161	     8.0868	 14863.0484	     0.0000	 14863.0484	   619.1191	   619.1191	   544.8038	   415.4226	     3.7520	     6.2194	   667.8534	 regenerative cooling, opposite flow
  136.2922	    29.2836	     8.1519	 14977.3522	     0.0000	 14977.3522	   620.0988	   620.0988	   545.2121	   415.1096	     3.7526	     6.2421	   668.2953	 regenerative cooling, opposite flow
  136.5219	    29.1510	     8.2178	 15092.9625	     0.0000	 15092.9625	   621.0901	   621.0901	   545.6252	   414.7952	     3.7532	     6.2650	   668.7381	 regenerative cooling, opposite flow
  136.7515	    29.0184	     8.2846	 15209.8986	     0.0000	 15209.8986	   622.0929	   622.0929	   546.0434	   414.4794	     3.7539	     6.2881	   669.1817	 regenerative cooling, opposite flow
  136.9812	    28.8858	     8.3520	 15328.0258	     0.0000	 15328.0258	   623.1055	   623.1055	   546.4654	   414.1624	     3.7545	     6.3114	   669.6261	 regenerative cooling, opposite flow
  137.2108	    28.7532	     8.4205	 15447.6722	     0.0000	 15447.6722	   624.1321	   624.1321	   546.8938	   413.8439	     3.7552	     6.3349	   670.0713	 regenerative cooling, opposite flow
  137.4404	    28.6206	     8.4897	 15568.7041	     0.0000	 15568.7041	   625.1709	   625.1709	   547.3273	   413.5240	     3.7559	     6.3586	   670.5173	 regenerative cooling, opposite flow
  137.6701	    28.4881	     8.5599	 15691.1422	     0.0000	 15691.1422	   626.2219	   626.2219	   547.7662	   413.2028	     3.7565	     6.3825	   670.9641	 regenerative cooling, opposite flow
  137.8997	    28.3555	     8.6310	 15815.0073	     0.0000	 15815.0073	   627.2854	   627.2854	   548.2103	   412.8802	     3.7572	     6.4066	   671.4118	 regenerative cooling, opposite flow
  138.1294	    28.2229	     8.7029	 15940.3207	     0.0000	 15940.3207	   628.3615	   628.3615	   548.6598	   412.5561	     3.7579	     6.4310	   671.8603	 regenerative cooling, opposite flow
  138.3590	    28.0903	     8.7758	 16067.1041	     0.0000	 16067.1041	   629.4503	   629.4503	   549.1148	   412.2306	     3.7586	     6.4555	   672.3096	 regenerative cooling, opposite flow
  138.5886	    27.9577	     8.8497	 16195.3794	     0.0000	 16195.3794	   630.5522	   630.5522	   549.5753	   411.9037	     3.7593	     6.4803	   672.7598	 regenerative cooling, opposite flow
  138.8183	    27.8251	     8.9244	 16325.1688	     0.0000	 16325.1688	   631.6672	   631.6672	   550.0413	   411.5753	     3.7600	     6.5053	   673.2109	 regenerative cooling, opposite flow
  139.0479	    27.6926	     9.0002	 16456.4953	     0.0000	 16456.4953	   632.7955	   632.7955	   550.5130	   411.2455	     3.7607	     6.5305	   673.6627	 regenerative cooling, opposite flow
  139.2776	    27.5600	     9.0769	 16589.3817	     0.0000	 16589.3817	   633.9373	   633.9373	   550.9904	   410.9142	     3.7615	     6.5559	   674.1155	 regenerative cooling, opposite flow
  139.5072	    27.4274	     9.1547	 16723.8514	     0.0000	 16723.8514	   635.0927	   635.0927	   551.4735	   410.5815	     3.7622	     6.5816	   674.5691	 regenerative cooling, opposite flow
  139.7369	    27.2948	     9.2335	 16859.9283	     0.0000	 16859.9283	   636.2621	   636.2621	   551.9624	   410.2472	     3.7630	     6.6075	   675.0236	 regenerative cooling, opposite flow
  139.9665	    27.1622	     9.3132	 16997.4642	     0.0000	 16997.4642	   637.4431	   637.4431	   552.4558	   409.9114	     3.7637	     6.6336	   675.4790	 regenerative cooling, opposite flow
  140.1961	    27.0296	     9.3941	 17136.8279	     0.0000	 17136.8279	   638.6407	   638.6407	   552.9566	   409.5741	     3.7645	     6.6600	   675.9352	 regenerative cooling, opposite flow
  140.4258	    26.8971	     9.4760	 17277.8723	     0.0000	 17277.8723	   639.8528	   639.8528	   553.4634	   409.2353	     3.7653	     6.6867	   676.3924	 regenerative cooling, opposite flow
  140.6554	    26.7645	     9.5590	 17420.6224	     0.0000	 17420.6224	   641.0794	   641.0794	   553.9763	   408.8950	     3.7660	     6.7135	   676.8504	 regenerative cooling, opposite flow
  140.8851	    26.6319	     9.6432	 17565.1040	     0.0000	 17565.1040	   642.3209	   642.3209	   554.4953	   408.5531	     3.7668	     6.7407	   677.3093	 regenerative cooling, opposite flow
  141.1147	    26.4993	     9.7285	 17711.3429	     0.0000	 17711.3429	   643.5773	   643.5773	   555.0206	   408.2096	     3.7676	     6.7680	   677.7691	 regenerative cooling, opposite flow
  141.3443	    26.3667	     9.8149	 17859.3652	     0.0000	 17859.3652	   644.8489	   644.8489	   555.5521	   407.8646	     3.7685	     6.7957	   678.2299	 regenerative cooling, opposite flow
  141.5740	    26.2341	     9.9025	 18009.1976	     0.0000	 18009.1976	   646.1360	   646.1360	   556.0900	   407.5180	     3.7693	     6.8236	   678.6915	 regenerative cooling, opposite flow
  141.8036	    26.1016	     9.9913	 18160.8671	     0.0000	 18160.8671	   647.4386	   647.4386	   556.6342	   407.1698	     3.7701	     6.8517	   679.1541	 regenerative cooling, opposite flow
  142.0333	    25.9690	    10.0813	 18314.4008	     0.0000	 18314.4008	   648.7570	   648.7570	   557.1850	   406.8200	     3.7710	     6.8802	   679.6176	 regenerative cooling, opposite flow
  142.2629	    25.8364	    10.1726	 18469.8262	     0.0000	 18469.8262	   650.0913	   650.0913	   557.7422	   406.4685	     3.7718	     6.9089	   680.0820	 regenerative cooling, opposite flow
  142.4926	    25.7038	    10.2649	 18626.9796	     0.0000	 18626.9796	   651.4394	   651.4394	   558.3045	   406.1155	     3.7727	     6.9379	   680.5474	 regenerative cooling, opposite flow
  142.7222	    25.5712	    10.3587	 18786.2719	     0.0000	 18786.2719	   652.8063	   652.8063	   558.8749	   405.7607	     3.7736	     6.9671	   681.0137	 regenerative cooling, opposite flow
  142.9518	    25.4386	    10.4538	 18947.5387	     0.0000	 18947.5387	   654.1899	   654.1899	   559.4522	   405.4044	     3.7745	     6.9967	   681.4810	 regenerative cooling, opposite flow
  143.1815	    25.3063	    10.5500	 19110.4658	     0.0000	 19110.4658	   655.5873	   655.5873	   560.0350	   405.0465	     3.7754	     7.0265	   681.9489	 regenerative cooling, opposite flow
  143.4111	    25.1755	    10.6463	 19273.5325	     0.0000	 19273.5325	   656.9871	   656.9871	   560.6194	   404.6880	     3.7763	     7.0562	   682.4165	 regenerative cooling, opposite flow
  143.6408	    25.0471	    10.7421	 19435.4245	     0.0000	 19435.4245	   658.3790	   658.3790	   561.2019	   404.3295	     3.7773	     7.0855	   682.8829	 regenerative cooling, opposite flow
  143.8704	    24.9212	    10.8373	 19595.9960	     0.0000	 19595.9960	   659.7621	   659.7621	   561.7821	   403.9710	     3.7782	     7.1145	   683.3479	 regenerative cooling, opposite flow
  144.1000	    24.7977	    10.9317	 19755.1993	     0.0000	 19755.1993	   661.1359	   661.1359	   562.3599	   403.6126	     3.7791	     7.1431	   683.8117	 regenerative cooling, opposite flow
  144.3297	    24.6767	    11.0254	 19912.9869	     0.0000	 19912.9869	   662.5002	   662.5002	   562.9353	   403.2542	     3.7801	     7.1713	   684.2743	 regenerative cooling, opposite flow
  144.5593	    24.5581	    11.1183	 20069.3097	     0.0000	 20069.3097	   663.8548	   663.8548	   563.5082	   402.8958	     3.7811	     7.1992	   684.7357	 regenerative cooling, opposite flow
  144.7890	    24.4418	    11.2104	 20223.9079	     0.0000	 20223.9079	   665.1965	   665.1965	   564.0770	   402.5374	     3.7820	     7.2267	   685.1959	 regenerative cooling, opposite flow
  145.0186	    24.3279	    11.3017	 20377.1556	     0.0000	 20377.1556	   666.5307	   666.5307	   564.6449	   402.1789	     3.7830	     7.2538	   685.6549	 regenerative cooling, opposite flow
  145.2483	    24.2163	    11.3922	 20528.7923	     0.0000	 20528.7923	   667.8541	   667.8541	   565.2102	   401.8204	     3.7840	     7.2804	   686.1129	 regenerative cooling, opposite flow
  145.4779	    24.1069	    11.4818	 20678.7816	     0.0000	 20678.7816	   669.1668	   669.1668	   565.7729	   401.4618	     3.7850	     7.3067	   686.5697	 regenerative cooling, opposite flow
  145.7075	    23.9998	    11.5704	 20827.0473	     0.0000	 20827.0473	   670.4681	   670.4681	   566.3329	   401.1032	     3.7860	     7.3326	   687.0254	 regenerative cooling, opposite flow
  145.9372	    23.8949	    11.6581	 20973.5535	     0.0000	 20973.5535	   671.7578	   671.7578	   566.8901	   400.7445	     3.7870	     7.3581	   687.4800	 regenerative cooling, opposite flow
  146.1668	    23.7923	    11.7449	 21118.2505	     0.0000	 21118.2505	   673.0357	   673.0357	   567.4444	   400.3857	     3.7880	     7.3831	   687.9337	 regenerative cooling, opposite flow
  146.3965	    23.6918	    11.8306	 21261.0890	     0.0000	 21261.0890	   674.3014	   674.3014	   567.9959	   400.0268	     3.7891	     7.4078	   688.3862	 regenerative cooling, opposite flow
  146.6261	    23.5934	    11.9152	 21402.0192	     0.0000	 21402.0192	   675.5546	   675.5546	   568.5445	   399.6678	     3.7901	     7.4320	   688.8378	 regenerative cooling, opposite flow
  146.8557	    23.4972	    11.9988	 21540.9918	     0.0000	 21540.9918	   676.7951	   676.7951	   569.0902	   399.3087	     3.7911	     7.4558	   689.2884	 regenerative cooling, opposite flow
  147.0854	    23.4032	    12.0813	 21677.9572	     0.0000	 21677.9572	   678.0225	   678.0225	   569.6327	   398.9494	     3.7922	     7.4791	   689.7380	 regenerative cooling, opposite flow
  147.3150	    23.3112	    12.1626	 21812.8663	     0.0000	 21812.8663	   679.2366	   679.2366	   570.1723	   398.5900	     3.7932	     7.5020	   690.1866	 regenerative cooling, opposite flow
  147.5447	    23.2213	    12.2426	 21945.4388	     0.0000	 21945.4388	   680.4340	   680.4340	   570.7068	   398.2305	     3.7943	     7.5245	   690.6343	 regenerative cooling, opposite flow
  147.7743	    23.1334	    12.3215	 22076.0896	     0.0000	 22076.0896	   681.6204	   681.6204	   571.2400	   397.8708	     3.7954	     7.5465	   691.0810	 regenerative cooling, opposite flow
  148.0039	    23.0476	    12.3992	 22204.5378	     0.0000	 22204.5378	   682.7926	   682.7926	   571.7699	   397.5110	     3.7964	     7.5680	   691.5268	 regenerative cooling, opposite flow
  148.2336	    22.9638	    12.4756	 22330.7356	     0.0000	 22330.7356	   683.9502	   683.9502	   572.2965	   397.1509	     3.7975	     7.5891	   691.9717	 regenerative cooling, opposite flow
  148.4632	    22.8820	    12.5506	 22454.6349	     0.0000	 22454.6349	   685.0929	   685.0929	   572.8198	   396.7908	     3.7986	     7.6098	   692.4158	 regenerative cooling, opposite flow
  148.6929	    22.8022	    12.6244	 22576.1894	     0.0000	 22576.1894	   686.2205	   686.2205	   573.3396	   396.4304	     3.7997	     7.6299	   692.8589	 regenerative cooling, opposite flow
  148.9225	    22.7243	    12.6968	 22695.3509	     0.0000	 22695.3509	   687.3326	   687.3326	   573.8559	   396.0699	     3.8008	     7.6496	   693.3011	 regenerative cooling, opposite flow
  149.1522	    22.6484	    12.7677	 22812.0739	     0.0000	 22812.0739	   688.4290	   688.4290	   574.3687	   395.7092	     3.8019	     7.6688	   693.7425	 regenerative cooling, opposite flow
  149.3818	    22.5745	    12.8372	 22926.3119	     0.0000	 22926.3119	   689.5094	   689.5094	   574.8778	   395.3482	     3.8031	     7.6875	   694.1830	 regenerative cooling, opposite flow
  149.6114	    22.5025	    12.9053	 23038.0202	     0.0000	 23038.0202	   690.5734	   690.5734	   575.3833	   394.9871	     3.8042	     7.7058	   694.6227	 regenerative cooling, opposite flow
  149.8411	    22.4324	    12.9718	 23147.1537	     0.0000	 23147.1537	   691.6208	   691.6208	   575.8851	   394.6258	     3.8053	     7.7235	   695.0615	 regenerative cooling, opposite flow
  150.0707	    22.3642	    13.0369	 23253.6694	     0.0000	 23253.6694	   692.6514	   692.6514	   576.3830	   394.2643	     3.8064	     7.7408	   695.4996	 regenerative cooling, opposite flow
  150.3004	    22.2978	    13.1003	 23357.5224	     0.0000	 23357.5224	   693.6648	   693.6648	   576.8772	   393.9026	     3.8076	     7.7575	   695.9368	 regenerative cooling, opposite flow
  150.5300	    22.2334	    13.1621	 23458.4202	     0.0000	 23458.4202	   694.6575	   694.6575	   577.3654	   393.5407	     3.8087	     7.7737	   696.3731	 regenerative cooling, opposite flow
  150.7596	    22.1708	    13.2223	 23556.8235	     0.0000	 23556.8235	   695.6357	   695.6357	   577.8516	   393.1785	     3.8099	     7.7895	   696.8087	 regenerative cooling, opposite flow
  150.9893	    22.1101	    13.2809	 23652.4479	     0.0000	 23652.4479	   696.5961	   696.5961	   578.3338	   392.8162	     3.8111	     7.8047	   697.2435	 regenerative cooling, opposite flow
  151.2189	    22.0512	    13.3379	 23745.2289	     0.0000	 23745.2289	   697.5380	   697.5380	   578.8118	   392.4536	     3.8122	     7.8194	   697.6774	 regenerative cooling, opposite flow
  151.4486	    21.9941	    13.3931	 23835.1695	     0.0000	 23835.1695	   698.4617	   698.4617	   579.2859	   392.0908	     3.8134	     7.8335	   698.1106	 regenerative cooling, opposite flow
  151.6782	    21.9388	    13.4467	 23922.1838	     0.0000	 23922.1838	   699.3664	   699.3664	   579.7555	   391.7278	     3.8146	     7.8472	   698.5431	 regenerative cooling, opposite flow
  151.9079	    21.8854	    13.4984	 24006.2569	     0.0000	 24006.2569	   700.2521	   700.2521	   580.2208	   391.3646	     3.8158	     7.8603	   698.9747	 regenerative cooling, opposite flow
  152.1375	    21.8338	    13.5484	 24087.3517	     0.0000	 24087.3517	   701.1186	   701.1186	   580.6818	   391.0012	     3.8170	     7.8729	   699.4056	 regenerative cooling, opposite flow
  152.3671	    21.7839	    13.5966	 24165.4344	     0.0000	 24165.4344	   701.9655	   701.9655	   581.1383	   390.6375	     3.8182	     7.8849	   699.8357	 regenerative cooling, opposite flow
  152.5968	    21.7358	    13.6429	 24240.4711	     0.0000	 24240.4711	   702.7928	   702.7928	   581.5904	   390.2736	     3.8194	     7.8964	   700.2650	 regenerative cooling, opposite flow
  152.8264	    21.6896	    13.6874	 24312.4262	     0.0000	 24312.4262	   703.6000	   703.6000	   582.0379	   389.9095	     3.8206	     7.9074	   700.6936	 regenerative cooling, opposite flow
  153.0561	    21.6450	    13.7301	 24381.2717	     0.0000	 24381.2717	   704.3872	   704.3872	   582.4808	   389.5452	     3.8218	     7.9178	   701.1215	 regenerative cooling, opposite flow
  153.2857	    21.6023	    13.7708	 24446.9740	     0.0000	 24446.9740	   705.1539	   705.1539	   582.9190	   389.1806	     3.8230	     7.9276	   701.5486	 regenerative cooling, opposite flow
  153.5153	    21.5612	    13.8096	 24509.5030	     0.0000	 24509.5030	   705.8999	   705.8999	   583.3524	   388.8158	     3.8242	     7.9370	   701.9749	 regenerative cooling, opposite flow
  153.7450	    21.5220	    13.8465	 24568.8348	     0.0000	 24568.8348	   706.6252	   706.6252	   583.7811	   388.4508	     3.8254	     7.9457	   702.4006	 regenerative cooling, opposite flow
  153.9746	    21.4844	    13.8814	 24624.9385	     0.0000	 24624.9385	   707.3295	   707.3295	   584.2048	   388.0856	     3.8267	     7.9539	   702.8255	 regenerative cooling, opposite flow
  154.2043	    21.4486	    13.9142	 24677.5193	     0.0000	 24677.5193	   708.0090	   708.0090	   584.6214	   387.7201	     3.8279	     7.9615	   703.2496	 regenerative cooling, opposite flow
  154.4339	    21.4145	    13.9452	 24727.1516	     0.0000	 24727.1516	   708.6714	   708.6714	   585.0356	   387.3544	     3.8291	     7.9686	   703.6731	 regenerative cooling, opposite flow
  154.6636	    21.3822	    13.9741	 24773.3921	     0.0000	 24773.3921	   709.3109	   709.3109	   585.4440	   386.9885	     3.8304	     7.9751	   704.0958	 regenerative cooling, opposite flow
  154.8932	    21.3515	    14.0011	 24816.3300	     0.0000	 24816.3300	   709.9290	   709.9290	   585.8473	   386.6224	     3.8316	     7.9810	   704.5177	 regenerative cooling, opposite flow
  155.1228	    21.3226	    14.0260	 24855.9443	     0.0000	 24855.9443	   710.5253	   710.5253	   586.2456	   386.2561	     3.8328	     7.9864	   704.9390	 regenerative cooling, opposite flow
  155.3525	    21.2954	    14.0488	 24892.2063	     0.0000	 24892.2063	   711.0997	   711.0997	   586.6387	   385.8895	     3.8341	     7.9912	   705.3596	 regenerative cooling, opposite flow
  155.5821	    21.2698	    14.0696	 24925.0987	     0.0000	 24925.0987	   711.6519	   711.6519	   587.0264	   385.5228	     3.8353	     7.9954	   705.7794	 regenerative cooling, opposite flow
  155.8118	    21.2460	    14.0883	 24954.5931	     0.0000	 24954.5931	   712.1816	   712.1816	   587.4087	   385.1558	     3.8366	     7.9991	   706.1985	 regenerative cooling, opposite flow
  156.0414	    21.2239	    14.1049	 24980.6728	     0.0000	 24980.6728	   712.6887	   712.6887	   587.7854	   384.7886	     3.8378	     8.0021	   706.6170	 regenerative cooling, opposite flow
  156.2710	    21.2034	    14.1195	 25003.3268	     0.0000	 25003.3268	   713.1731	   713.1731	   588.1564	   384.4211	     3.8391	     8.0046	   707.0347	 regenerative cooling, opposite flow
  156.5007	    21.1846	    14.1319	 25022.5451	     0.0000	 25022.5451	   713.6346	   713.6346	   588.5218	   384.0535	     3.8403	     8.0065	   707.4517	 regenerative cooling, opposite flow
  156.7303	    21.1676	    14.1422	 25038.3394	     0.0000	 25038.3394	   714.0734	   714.0734	   588.8817	   383.6857	     3.8416	     8.0079	   707.8680	 regenerative cooling, opposite flow
  156.9600	    21.1522	    14.1504	 25050.7390	     0.0000	 25050.7390	   714.4898	   714.4898	   589.2362	   383.3176	     3.8429	     8.0086	   708.2836	 regenerative cooling, opposite flow
  157.1896	    21.1384	    14.1566	 25059.8095	     0.0000	 25059.8095	   714.8849	   714.8849	   589.5858	   382.9494	     3.8441	     8.0088	   708.6985	 regenerative cooling, opposite flow
  157.4193	    21.1264	    14.1604	 25065.0308	     0.0000	 25065.0308	   715.2516	   715.2516	   589.9264	   382.5809	     3.8454	     8.0084	   709.1127	 regenerative cooling, opposite flow
  157.6489	    21.1160	    14.1622	 25067.0355	     0.0000	 25067.0355	   715.5982	   715.5982	   590.2630	   382.2123	     3.8466	     8.0074	   709.5263	 regenerative cooling, opposite flow
  157.8785	    21.1073	    14.1620	 25065.6417	     0.0000	 25065.6417	   715.9224	   715.9224	   590.5941	   381.8434	     3.8479	     8.0059	   709.9391	 regenerative cooling, opposite flow
  158.1082	    21.1002	    14.1597	 25060.9910	     0.0000	 25060.9910	   716.2258	   716.2258	   590.9209	   381.4743	     3.8492	     8.0037	   710.3512	 regenerative cooling, opposite flow
  158.3378	    21.0949	    14.1550	 25052.3476	     0.0000	 25052.3476	   716.4988	   716.4988	   591.2370	   381.1051	     3.8504	     8.0010	   710.7627	 regenerative cooling, opposite flow
  158.5675	    21.0912	    14.1486	 25040.9191	     0.0000	 25040.9191	   716.7572	   716.7572	   591.5526	   380.7356	     3.8517	     7.9977	   711.1735	 regenerative cooling, opposite flow
  158.7971	    21.0891	    14.1412	 25027.7473	     0.0000	 25027.7473	   717.0151	   717.0151	   591.8763	   380.3660	     3.8530	     7.9938	   711.5836	 regenerative cooling, opposite flow
  159.0267	    21.0895	    14.1099	 24978.5484	     0.0000	 24978.5484	   716.8184	   716.8184	   591.9257	   379.9965	     3.8542	     7.9891	   711.9925	 regenerative cooling, opposite flow
  159.2564	    21.0947	    14.0766	 24925.7127	     0.0000	 24925.7127	   716.6301	   716.6301	   592.0016	   379.6273	     3.8555	     7.9826	   712.4005	 regenerative cooling, opposite flow
  159.4860	    21.1064	    14.0330	 24856.6594	     0.0000	 24856.6594	   716.3000	   716.3000	   592.0167	   379.2580	     3.8567	     7.9740	   712.8075	 regenerative cooling, opposite flow
  159.7157	    21.1246	    13.9810	 24774.0051	     0.0000	 24774.0051	   715.8634	   715.8634	   591.9934	   378.8885	     3.8580	     7.9630	   713.2139	 regenerative cooling, opposite flow
  159.9453	    21.1495	    13.9207	 24678.0952	     0.0000	 24678.0952	   715.3242	   715.3242	   591.9338	   378.5186	     3.8593	     7.9497	   713.6199	 regenerative cooling, opposite flow
  160.1749	    21.1811	    13.8523	 24569.0557	     0.0000	 24569.0557	   714.6834	   714.6834	   591.8381	   378.1480	     3.8605	     7.9341	   714.0258	 regenerative cooling, opposite flow
  160.4046	    21.2195	    13.7759	 24446.9643	     0.0000	 24446.9643	   713.9412	   713.9412	   591.7064	   377.7765	     3.8618	     7.9161	   714.4318	 regenerative cooling, opposite flow
  160.6342	    21.2647	    13.6915	 24311.8758	     0.0000	 24311.8758	   713.0975	   713.0975	   591.5381	   377.4038	     3.8630	     7.8959	   714.8381	 regenerative cooling, opposite flow
  160.8639	    21.3170	    13.5991	 24163.8358	     0.0000	 24163.8358	   712.1521	   712.1521	   591.3329	   377.0298	     3.8643	     7.8733	   715.2451	 regenerative cooling, opposite flow
  161.0935	    21.3764	    13.4988	 24002.8817	     0.0000	 24002.8817	   711.1046	   711.1046	   591.0902	   376.6541	     3.8655	     7.8483	   715.6531	 regenerative cooling, opposite flow
  161.3232	    21.4431	    13.3907	 23829.0463	     0.0000	 23829.0463	   709.9546	   709.9546	   590.8093	   376.2764	     3.8668	     7.8210	   716.0623	 regenerative cooling, opposite flow
  161.5528	    21.5173	    13.2748	 23642.3497	     0.0000	 23642.3497	   708.7014	   708.7014	   590.4896	   375.8965	     3.8680	     7.7912	   716.4730	 regenerative cooling, opposite flow
  161.7824	    21.5992	    13.1511	 23442.7989	     0.0000	 23442.7989	   707.3442	   707.3442	   590.1302	   375.5140	     3.8693	     7.7591	   716.8857	 regenerative cooling, opposite flow
  162.0121	    21.6891	    13.0197	 23230.3869	     0.0000	 23230.3869	   705.8820	   705.8820	   589.7301	   375.1286	     3.8705	     7.7245	   717.3006	 regenerative cooling, opposite flow
  162.2417	    21.7867	    12.8813	 23006.3454	     0.0000	 23006.3454	   704.3247	   704.3247	   589.2929	   374.7401	     3.8718	     7.6876	   717.7178	 regenerative cooling, opposite flow
  162.4714	    21.8883	    12.7407	 22778.1204	     0.0000	 22778.1204	   702.7303	   702.7303	   588.8397	   374.3507	     3.8730	     7.6496	   718.1352	 regenerative cooling, opposite flow
  162.7010	    21.9903	    12.6023	 22553.1099	     0.0000	 22553.1099	   701.1588	   701.1588	   588.3932	   373.9626	     3.8742	     7.6119	   718.5504	 regenerative cooling, opposite flow
  162.9306	    22.0923	    12.4666	 22332.0670	     0.0000	 22332.0670	   699.6153	   699.6153	   587.9550	   373.5760	     3.8755	     7.5746	   718.9630	 regenerative cooling, opposite flow
  163.1603	    22.1940	    12.3334	 22114.7937	     0.0000	 22114.7937	   698.0978	   698.0978	   587.5239	   373.1909	     3.8767	     7.5377	   719.3731	 regenerative cooling, opposite flow
  163.3899	    22.2957	    12.2028	 21901.1151	     0.0000	 21901.1151	   696.6045	   696.6045	   587.0989	   372.8074	     3.8778	     7.5012	   719.7807	 regenerative cooling, opposite flow
  163.6196	    22.3972	    12.0744	 21690.8822	     0.0000	 21690.8822	   695.1337	   695.1337	   586.6793	   372.4254	     3.8790	     7.4651	   720.1859	 regenerative cooling, opposite flow
  163.8492	    22.4985	    11.9483	 21483.9708	     0.0000	 21483.9708	   693.6845	   693.6845	   586.2646	   372.0448	     3.8802	     7.4293	   720.5886	 regenerative cooling, opposite flow
  164.0789	    22.5997	    11.8243	 21280.2675	     0.0000	 21280.2675	   692.2556	   692.2556	   585.8543	   371.6657	     3.8813	     7.3939	   720.9890	 regenerative cooling, opposite flow
  164.3085	    22.7008	    11.7025	 21079.6706	     0.0000	 21079.6706	   690.8463	   690.8463	   585.4479	   371.2881	     3.8824	     7.3589	   721.3870	 regenerative cooling, opposite flow
  164.5381	    22.8018	    11.5828	 20882.3348	     0.0000	 20882.3348	   689.4594	   689.4594	   585.0477	   370.9119	     3.8835	     7.3243	   721.7827	 regenerative cooling, opposite flow
  164.7678	    22.9026	    11.4649	 20687.6818	     0.0000	 20687.6818	   688.0868	   688.0868	   584.6484	   370.5372	     3.8846	     7.2900	   722.1762	 regenerative cooling, opposite flow
  164.9974	    23.0033	    11.3489	 20495.8796	     0.0000	 20495.8796	   686.7315	   686.7315	   584.2521	   370.1638	     3.8857	     7.2560	   722.5673	 regenerative cooling, opposite flow
  165.2271	    23.1038	    11.2348	 20306.8572	     0.0000	 20306.8572	   685.3931	   685.3931	   583.8588	   369.7919	     3.8868	     7.2224	   722.9563	 regenerative cooling, opposite flow
  165.4567	    23.2043	    11.1225	 20120.5455	     0.0000	 20120.5455	   684.0710	   684.0710	   583.4683	   369.4214	     3.8878	     7.1892	   723.3430	 regenerative cooling, opposite flow
  165.6863	    23.3045	    11.0119	 19936.8801	     0.0000	 19936.8801	   682.7647	   682.7647	   583.0803	   369.0522	     3.8889	     7.1563	   723.7275	 regenerative cooling, opposite flow
  165.9160	    23.4047	    10.9031	 19755.8001	     0.0000	 19755.8001	   681.4738	   681.4738	   582.6948	   368.6844	     3.8899	     7.1237	   724.1099	 regenerative cooling, opposite flow
  166.1456	    23.5047	    10.7959	 19577.2473	     0.0000	 19577.2473	   680.1978	   680.1978	   582.3115	   368.3180	     3.8909	     7.0914	   724.4902	 regenerative cooling, opposite flow
  166.3753	    23.6045	    10.6904	 19401.1677	     0.0000	 19401.1677	   678.9364	   678.9364	   581.9305	   367.9529	     3.8919	     7.0594	   724.8683	 regenerative cooling, opposite flow
  166.6049	    23.7042	    10.5864	 19227.5096	     0.0000	 19227.5096	   677.6892	   677.6892	   581.5517	   367.5891	     3.8929	     7.0278	   725.2444	 regenerative cooling, opposite flow
  166.8346	    23.8038	    10.4840	 19056.2200	     0.0000	 19056.2200	   676.4559	   676.4559	   581.1748	   367.2267	     3.8939	     6.9965	   725.6184	 regenerative cooling, opposite flow
  167.0642	    23.9032	    10.3832	 18887.2521	     0.0000	 18887.2521	   675.2362	   675.2362	   580.8000	   366.8656	     3.8949	     6.9655	   725.9903	 regenerative cooling, opposite flow
  167.2938	    24.0026	    10.2838	 18720.5580	     0.0000	 18720.5580	   674.0298	   674.0298	   580.4270	   366.5058	     3.8958	     6.9348	   726.3602	 regenerative cooling, opposite flow
  167.5235	    24.1017	    10.1858	 18556.0937	     0.0000	 18556.0937	   672.8363	   672.8363	   580.0559	   366.1473	     3.8968	     6.9044	   726.7282	 regenerative cooling, opposite flow
  167.7531	    24.2007	    10.0893	 18393.8155	     0.0000	 18393.8155	   671.6556	   671.6556	   579.6865	   365.7901	     3.8977	     6.8742	   727.0941	 regenerative cooling, opposite flow
  167.9828	    24.2996	     9.9942	 18233.6812	     0.0000	 18233.6812	   670.4872	   670.4872	   579.3188	   365.4342	     3.8986	     6.8444	   727.4581	 regenerative cooling, opposite flow
  168.2124	    24.3984	     9.9005	 18075.6509	     0.0000	 18075.6509	   669.3311	   669.3311	   578.9528	   365.0796	     3.8995	     6.8149	   727.8201	 regenerative cooling, opposite flow
  168.4420	    24.4970	     9.8081	 17919.6841	     0.0000	 17919.6841	   668.1869	   668.1869	   578.5885	   364.7262	     3.9004	     6.7856	   728.1803	 regenerative cooling, opposite flow
  168.6717	    24.5954	     9.7170	 17765.7436	     0.0000	 17765.7436	   667.0544	   667.0544	   578.2257	   364.3741	     3.9013	     6.7567	   728.5385	 regenerative cooling, opposite flow
  168.9013	    24.6937	     9.6271	 17613.7916	     0.0000	 17613.7916	   665.9334	   665.9334	   577.8645	   364.0232	     3.9022	     6.7280	   728.8949	 regenerative cooling, opposite flow
  169.1310	    24.7919	     9.5386	 17463.7921	     0.0000	 17463.7921	   664.8237	   664.8237	   577.5048	   363.6736	     3.9031	     6.6995	   729.2493	 regenerative cooling, opposite flow
  169.3606	    24.8900	     9.4513	 17315.7108	     0.0000	 17315.7108	   663.7251	   663.7251	   577.1465	   363.3252	     3.9039	     6.6714	   729.6020	 regenerative cooling, opposite flow
  169.5903	    24.9879	     9.3653	 17169.7240	     0.0000	 17169.7240	   662.6410	   662.6410	   576.7924	   362.9780	     3.9048	     6.6435	   729.9528	 regenerative cooling, opposite flow
  169.8199	    25.0856	     9.2803	 17025.3309	     0.0000	 17025.3309	   661.5631	   661.5631	   576.4365	   362.6321	     3.9056	     6.6158	   730.3018	 regenerative cooling, opposite flow
  170.0495	    25.1832	     9.1966	 16882.8069	     0.0000	 16882.8069	   660.4967	   660.4967	   576.0826	   362.2873	     3.9064	     6.5884	   730.6491	 regenerative cooling, opposite flow
  170.2792	    25.2807	     9.1139	 16742.0691	     0.0000	 16742.0691	   659.4405	   659.4405	   575.7301	   361.9438	     3.9073	     6.5613	   730.9945	 regenerative cooling, opposite flow
  170.5088	    25.3780	     9.0324	 16603.0873	     0.0000	 16603.0873	   658.3944	   658.3944	   575.3790	   361.6014	     3.9081	     6.5344	   731.3382	 regenerative cooling, opposite flow
  170.7385	    25.4752	     8.9520	 16465.8306	     0.0000	 16465.8306	   657.3583	   657.3583	   575.0292	   361.2603	     3.9089	     6.5078	   731.6802	 regenerative cooling, opposite flow
  170.9681	    25.5722	     8.8727	 16330.2704	     0.0000	 16330.2704	   656.3320	   656.3320	   574.6806	   360.9203	     3.9097	     6.4814	   732.0205	 regenerative cooling, opposite flow
  171.1977	    25.6691	     8.7944	 16196.3788	     0.0000	 16196.3788	   655.3153	   655.3153	   574.3334	   360.5815	     3.9104	     6.4553	   732.3590	 regenerative cooling, opposite flow
  171.4274	    25.7659	     8.7172	 16064.1271	     0.0000	 16064.1271	   654.3081	   654.3081	   573.9874	   360.2438	     3.9112	     6.4294	   732.6958	 regenerative cooling, opposite flow
  171.6570	    25.8625	     8.6410	 15933.4878	     0.0000	 15933.4878	   653.3102	   653.3102	   573.6427	   359.9074	     3.9120	     6.4037	   733.0310	 regenerative cooling, opposite flow
  171.8867	    25.9590	     8.5658	 15804.4357	     0.0000	 15804.4357	   652.3214	   652.3214	   573.2992	   359.5720	     3.9127	     6.3783	   733.3645	 regenerative cooling, opposite flow
  172.1163	    26.0553	     8.4916	 15676.9439	     0.0000	 15676.9439	   651.3417	   651.3417	   572.9570	   359.2378	     3.9135	     6.3531	   733.6964	 regenerative cooling, opposite flow
  172.3459	    26.1515	     8.4183	 15550.9868	     0.0000	 15550.9868	   650.3709	   650.3709	   572.6159	   358.9048	     3.9142	     6.3281	   734.0267	 regenerative cooling, opposite flow
  172.5756	    26.2475	     8.3460	 15426.5396	     0.0000	 15426.5396	   649.4087	   649.4087	   572.2760	   358.5729	     3.9150	     6.3033	   734.3553	 regenerative cooling, opposite flow
  172.8052	    26.3434	     8.2746	 15303.5783	     0.0000	 15303.5783	   648.4552	   648.4552	   571.9373	   358.2421	     3.9157	     6.2788	   734.6823	 regenerative cooling, opposite flow
  173.0349	    26.4391	     8.2042	 15182.0792	     0.0000	 15182.0792	   647.5102	   647.5102	   571.5998	   357.9124	     3.9164	     6.2544	   735.0078	 regenerative cooling, opposite flow
  173.2645	    26.5347	     8.1346	 15062.0195	     0.0000	 15062.0195	   646.5735	   646.5735	   571.2634	   357.5838	     3.9171	     6.2303	   735.3317	 regenerative cooling, opposite flow
  173.4942	    26.6301	     8.0659	 14943.3755	     0.0000	 14943.3755	   645.6450	   645.6450	   570.9281	   357.2564	     3.9178	     6.2064	   735.6540	 regenerative cooling, opposite flow
  173.7238	    26.7254	     7.9981	 14826.1249	     0.0000	 14826.1249	   644.7246	   644.7246	   570.5940	   356.9300	     3.9185	     6.1827	   735.9748	 regenerative cooling, opposite flow
  173.9534	    26.8206	     7.9312	 14710.2463	     0.0000	 14710.2463	   643.8121	   643.8121	   570.2609	   356.6047	     3.9192	     6.1593	   736.2941	 regenerative cooling, opposite flow
  174.1831	    26.9156	     7.8651	 14595.7189	     0.0000	 14595.7189	   642.9076	   642.9076	   569.9290	   356.2806	     3.9199	     6.1360	   736.6118	 regenerative cooling, opposite flow
  174.4127	    27.0105	     7.7998	 14482.5203	     0.0000	 14482.5203	   642.0107	   642.0107	   569.5981	   355.9575	     3.9206	     6.1129	   736.9281	 regenerative cooling, opposite flow
  174.6424	    27.1052	     7.7353	 14370.6311	     0.0000	 14370.6311	   641.1214	   641.1214	   569.2683	   355.6354	     3.9213	     6.0900	   737.2428	 regenerative cooling, opposite flow
  174.8720	    27.1997	     7.6717	 14260.0311	     0.0000	 14260.0311	   640.2397	   640.2397	   568.9396	   355.3145	     3.9219	     6.0674	   737.5561	 regenerative cooling, opposite flow
  175.1016	    27.2942	     7.6088	 14150.7005	     0.0000	 14150.7005	   639.3654	   639.3654	   568.6119	   354.9946	     3.9226	     6.0449	   737.8679	 regenerative cooling, opposite flow
  175.3313	    27.3884	     7.5467	 14042.6198	     0.0000	 14042.6198	   638.4983	   638.4983	   568.2852	   354.6757	     3.9232	     6.0226	   738.1783	 regenerative cooling, opposite flow
  175.5609	    27.4825	     7.4853	 13935.7706	     0.0000	 13935.7706	   637.6385	   637.6385	   567.9596	   354.3579	     3.9239	     6.0005	   738.4873	 regenerative cooling, opposite flow
  175.7906	    27.5765	     7.4247	 13830.1336	     0.0000	 13830.1336	   636.7857	   636.7857	   567.6350	   354.0412	     3.9245	     5.9786	   738.7948	 regenerative cooling, opposite flow
  176.0202	    27.6703	     7.3648	 13725.6910	     0.0000	 13725.6910	   635.9399	   635.9399	   567.3115	   353.7255	     3.9252	     5.9568	   739.1009	 regenerative cooling, opposite flow
  176.2499	    27.7640	     7.3057	 13622.4245	     0.0000	 13622.4245	   635.1010	   635.1010	   566.9889	   353.4108	     3.9258	     5.9353	   739.4056	 regenerative cooling, opposite flow
  176.4795	    27.8575	     7.2474	 13520.4887	     0.0000	 13520.4887	   634.2724	   634.2724	   566.6700	   353.0971	     3.9264	     5.9139	   739.7089	 regenerative cooling, opposite flow
  176.7091	    27.9509	     7.1896	 13419.5234	     0.0000	 13419.5234	   633.4470	   633.4470	   566.3494	   352.7845	     3.9270	     5.8927	   740.0108	 regenerative cooling, opposite flow
  176.9388	    28.0441	     7.1326	 13319.6827	     0.0000	 13319.6827	   632.6282	   632.6282	   566.0298	   352.4729	     3.9276	     5.8717	   740.3114	 regenerative cooling, opposite flow
  177.1684	    28.1372	     7.0762	 13220.9510	     0.0000	 13220.9510	   631.8159	   631.8159	   565.7111	   352.1623	     3.9282	     5.8509	   740.6106	 regenerative cooling, opposite flow
  177.3981	    28.2301	     7.0205	 13123.3112	     0.0000	 13123.3112	   631.0100	   631.0100	   565.3934	   351.8527	     3.9288	     5.8302	   740.9085	 regenerative cooling, opposite flow
  177.6277	    28.3229	     6.9655	 13026.7481	     0.0000	 13026.7481	   630.2104	   630.2104	   565.0766	   351.5441	     3.9294	     5.8097	   741.2050	 regenerative cooling, opposite flow
  177.8573	    28.4155	     6.9111	 12931.2460	     0.0000	 12931.2460	   629.4170	   629.4170	   564.7608	   351.2365	     3.9300	     5.7894	   741.5003	 regenerative cooling, opposite flow
  178.0870	    28.5080	     6.8573	 12836.7896	     0.0000	 12836.7896	   628.6299	   628.6299	   564.4459	   350.9298	     3.9306	     5.7693	   741.7942	 regenerative cooling, opposite flow
  178.3166	    28.6003	     6.8042	 12743.3635	     0.0000	 12743.3635	   627.8487	   627.8487	   564.1319	   350.6242	     3.9311	     5.7493	   742.0868	 regenerative cooling, opposite flow
  178.5463	    28.6924	     6.7517	 12650.9532	     0.0000	 12650.9532	   627.0736	   627.0736	   563.8188	   350.3196	     3.9317	     5.7294	   742.3781	 regenerative cooling, opposite flow
  178.7759	    28.7844	     6.6998	 12559.5806	     0.0000	 12559.5806	   626.3052	   626.3052	   563.5072	   350.0159	     3.9323	     5.7098	   742.6682	 regenerative cooling, opposite flow
  179.0056	    28.8763	     6.6485	 12469.1620	     0.0000	 12469.1620	   625.5418	   625.5418	   563.1960	   349.7132	     3.9328	     5.6903	   742.9570	 regenerative cooling, opposite flow
  179.2352	    28.9680	     6.5978	 12379.7161	     0.0000	 12379.7161	   624.7842	   624.7842	   562.8856	   349.4114	     3.9334	     5.6709	   743.2445	 regenerative cooling, opposite flow
  179.4648	    29.0596	     6.5476	 12291.2300	     0.0000	 12291.2300	   624.0323	   624.0323	   562.5761	   349.1106	     3.9339	     5.6517	   743.5308	 regenerative cooling, opposite flow
  179.6945	    29.1510	     6.4981	 12203.6896	     0.0000	 12203.6896	   623.2859	   623.2859	   562.2675	   348.8108	     3.9345	     5.6327	   743.8158	 regenerative cooling, opposite flow
  179.9241	    29.2422	     6.4490	 12117.0821	     0.0000	 12117.0821	   622.5451	   622.5451	   561.9597	   348.5119	     3.9350	     5.6138	   744.0996	 regenerative cooling, opposite flow
  180.1538	    29.3333	     6.4006	 12031.3940	     0.0000	 12031.3940	   621.8097	   621.8097	   561.6527	   348.2139	     3.9356	     5.5951	   744.3822	 regenerative cooling, opposite flow
  180.3834	    29.4242	     6.3527	 11946.6132	     0.0000	 11946.6132	   621.0797	   621.0797	   561.3466	   347.9169	     3.9361	     5.5765	   744.6636	 regenerative cooling, opposite flow
  180.6130	    29.5150	     6.3053	 11862.7267	     0.0000	 11862.7267	   620.3550	   620.3550	   561.0413	   347.6208	     3.9366	     5.5580	   744.9438	 regenerative cooling, opposite flow
  180.8427	    29.6056	     6.2585	 11779.7224	     0.0000	 11779.7224	   619.6355	   619.6355	   560.7368	   347.3256	     3.9371	     5.5397	   745.2228	 regenerative cooling, opposite flow
  181.0723	    29.6961	     6.2122	 11697.5882	     0.0000	 11697.5882	   618.9211	   618.9211	   560.4332	   347.0314	     3.9376	     5.5216	   745.5006	 regenerative cooling, opposite flow
  181.3020	    29.7864	     6.1664	 11616.3120	     0.0000	 11616.3120	   618.2118	   618.2118	   560.1303	   346.7381	     3.9382	     5.5036	   745.7773	 regenerative cooling, opposite flow
  181.5316	    29.8766	     6.1211	 11535.8608	     0.0000	 11535.8608	   617.5071	   617.5071	   559.8278	   346.4457	     3.9387	     5.4857	   746.0527	 regenerative cooling, opposite flow
  181.7613	    29.9666	     6.0763	 11456.2683	     0.0000	 11456.2683	   616.8078	   616.8078	   559.5265	   346.1542	     3.9392	     5.4680	   746.3271	 regenerative cooling, opposite flow
  181.9909	    30.0564	     6.0320	 11377.4991	     0.0000	 11377.4991	   616.1135	   616.1135	   559.2260	   345.8636	     3.9397	     5.4504	   746.6003	 regenerative cooling, opposite flow
  182.2205	    30.1461	     5.9882	 11299.5426	     0.0000	 11299.5426	   615.4239	   615.4239	   558.9262	   345.5739	     3.9402	     5.4330	   746.8723	 regenerative cooling, opposite flow
  182.4502	    30.2356	     5.9448	 11222.3871	     0.0000	 11222.3871	   614.7391	   614.7391	   558.6272	   345.2851	     3.9406	     5.4156	   747.1433	 regenerative cooling, opposite flow
  182.6798	    30.3250	     5.9019	 11146.0224	     0.0000	 11146.0224	   614.0590	   614.0590	   558.3289	   344.9972	     3.9411	     5.3985	   747.4131	 regenerative cooling, opposite flow
  182.9095	    30.4142	     5.8595	 11070.4379	     0.0000	 11070.4379	   613.3835	   613.3835	   558.0313	   344.7102	     3.9416	     5.3814	   747.6818	 regenerative cooling, opposite flow
  183.1391	    30.5032	     5.8176	 10995.6229	     0.0000	 10995.6229	   612.7126	   612.7126	   557.7345	   344.4241	     3.9421	     5.3645	   747.9494	 regenerative cooling, opposite flow
  183.3687	    30.5921	     5.7761	 10921.5677	     0.0000	 10921.5677	   612.0461	   612.0461	   557.4383	   344.1388	     3.9426	     5.3477	   748.2159	 regenerative cooling, opposite flow
  183.5984	    30.6809	     5.7351	 10848.2620	     0.0000	 10848.2620	   611.3841	   611.3841	   557.1428	   343.8544	     3.9430	     5.3310	   748.4813	 regenerative cooling, opposite flow
  183.8280	    30.7695	     5.6944	 10775.6958	     0.0000	 10775.6958	   610.7265	   610.7265	   556.8480	   343.5709	     3.9435	     5.3145	   748.7456	 regenerative cooling, opposite flow
  184.0577	    30.8579	     5.6543	 10703.8600	     0.0000	 10703.8600	   610.0732	   610.0732	   556.5539	   343.2883	     3.9440	     5.2981	   749.0089	 regenerative cooling, opposite flow
  184.2873	    30.9461	     5.6145	 10632.7444	     0.0000	 10632.7444	   609.4242	   609.4242	   556.2605	   343.0065	     3.9444	     5.2818	   749.2711	 regenerative cooling, opposite flow
  184.5169	    31.0342	     5.5752	 10562.3402	     0.0000	 10562.3402	   608.7794	   608.7794	   555.9677	   342.7255	     3.9449	     5.2657	   749.5323	 regenerative cooling, opposite flow
  184.7466	    31.1222	     5.5363	 10492.6377	     0.0000	 10492.6377	   608.1387	   608.1387	   555.6755	   342.4454	     3.9453	     5.2496	   749.7924	 regenerative cooling, opposite flow
  184.9762	    31.2100	     5.4978	 10423.6281	     0.0000	 10423.6281	   607.5021	   607.5021	   555.3840	   342.1662	     3.9458	     5.2337	   750.0515	 regenerative cooling, opposite flow
  185.2059	    31.2976	     5.4597	 10355.3027	     0.0000	 10355.3027	   606.8696	   606.8696	   555.0931	   341.8878	     3.9462	     5.2179	   750.3096	 regenerative cooling, opposite flow
  185.4355	    31.3850	     5.4219	 10287.6521	     0.0000	 10287.6521	   606.2410	   606.2410	   554.8028	   341.6102	     3.9466	     5.2022	   750.5666	 regenerative cooling, opposite flow
  185.6652	    31.4723	     5.3846	 10220.6682	     0.0000	 10220.6682	   605.6164	   605.6164	   554.5130	   341.3335	     3.9471	     5.1867	   750.8226	 regenerative cooling, opposite flow
  185.8948	    31.5595	     5.3477	 10154.3421	     0.0000	 10154.3421	   604.9956	   604.9956	   554.2239	   341.0576	     3.9475	     5.1712	   751.0776	 regenerative cooling, opposite flow
  186.1244	    31.6464	     5.3112	 10088.6661	     0.0000	 10088.6661	   604.3787	   604.3787	   553.9354	   340.7826	     3.9479	     5.1559	   751.3316	 regenerative cooling, opposite flow
  186.3541	    31.7332	     5.2751	 10023.7626	     0.0000	 10023.7626	   603.7690	   603.7690	   553.6502	   340.5083	     3.9484	     5.1407	   751.5846	 regenerative cooling, opposite flow
  186.5837	    31.8199	     5.2393	  9959.3608	     0.0000	  9959.3608	   603.1595	   603.1595	   553.3627	   340.2349	     3.9488	     5.1256	   751.8367	 regenerative cooling, opposite flow
  186.8134	    31.9064	     5.2038	  9895.5844	     0.0000	  9895.5844	   602.5538	   602.5538	   553.0758	   339.9623	     3.9492	     5.1106	   752.0877	 regenerative cooling, opposite flow
  187.0430	    31.9927	     5.1688	  9832.4254	     0.0000	  9832.4254	   601.9516	   601.9516	   552.7895	   339.6905	     3.9496	     5.0957	   752.3378	 regenerative cooling, opposite flow
  187.2726	    32.0788	     5.1341	  9769.8766	     0.0000	  9769.8766	   601.3530	   601.3530	   552.5036	   339.4195	     3.9500	     5.0809	   752.5869	 regenerative cooling, opposite flow
  187.5023	    32.1648	     5.0997	  9707.9298	     0.0000	  9707.9298	   600.7579	   600.7579	   552.2183	   339.1493	     3.9505	     5.0662	   752.8351	 regenerative cooling, opposite flow
  187.7319	    32.2506	     5.0657	  9646.5779	     0.0000	  9646.5779	   600.1663	   600.1663	   551.9334	   338.8799	     3.9509	     5.0517	   753.0823	 regenerative cooling, opposite flow
  187.9616	    32.3363	     5.0320	  9585.8135	     0.0000	  9585.8135	   599.5781	   599.5781	   551.6491	   338.6113	     3.9513	     5.0372	   753.3286	 regenerative cooling, opposite flow
  188.1912	    32.4218	     4.9987	  9525.6291	     0.0000	  9525.6291	   598.9933	   598.9933	   551.3651	   338.3435	     3.9517	     5.0229	   753.5739	 regenerative cooling, opposite flow
  188.4209	    32.5071	     4.9657	  9466.0178	     0.0000	  9466.0178	   598.4118	   598.4118	   551.0817	   338.0765	     3.9521	     5.0086	   753.8183	 regenerative cooling, opposite flow
  188.6505	    32.5923	     4.9330	  9406.9727	     0.0000	  9406.9727	   597.8335	   597.8335	   550.7986	   337.8102	     3.9525	     4.9945	   754.0617	 regenerative cooling, opposite flow
  188.8801	    32.6773	     4.9007	  9348.4866	     0.0000	  9348.4866	   597.2585	   597.2585	   550.5160	   337.5448	     3.9529	     4.9804	   754.3043	 regenerative cooling, opposite flow
  189.1098	    32.7621	     4.8686	  9290.5531	     0.0000	  9290.5531	   596.6866	   596.6866	   550.2339	   337.2801	     3.9532	     4.9665	   754.5459	 regenerative cooling, opposite flow
  189.3394	    32.8468	     4.8369	  9233.1651	     0.0000	  9233.1651	   596.1179	   596.1179	   549.9521	   337.0162	     3.9536	     4.9527	   754.7867	 regenerative cooling, opposite flow
  189.5691	    32.9313	     4.8055	  9176.3161	     0.0000	  9176.3161	   595.5522	   595.5522	   549.6707	   336.7530	     3.9540	     4.9389	   755.0265	 regenerative cooling, opposite flow
  189.7987	    33.0156	     4.7744	  9119.9997	     0.0000	  9119.9997	   594.9896	   594.9896	   549.3896	   336.4907	     3.9544	     4.9253	   755.2654	 regenerative cooling, opposite flow
  190.0283	    33.0998	     4.7437	  9064.2095	     0.0000	  9064.2095	   594.4300	   594.4300	   549.1089	   336.2291	     3.9548	     4.9117	   755.5035	 regenerative cooling, opposite flow
  190.2580	    33.1838	     4.7132	  9008.9391	     0.0000	  9008.9391	   593.8733	   593.8733	   548.8286	   335.9682	     3.9551	     4.8983	   755.7407	 regenerative cooling, opposite flow
  190.4876	    33.2676	     4.6830	  8954.1825	     0.0000	  8954.1825	   593.3195	   593.3195	   548.5486	   335.7081	     3.9555	     4.8849	   755.9770	 regenerative cooling, opposite flow
  190.7173	    33.3512	     4.6531	  8899.9333	     0.0000	  8899.9333	   592.7686	   592.7686	   548.2689	   335.4488	     3.9559	     4.8717	   756.2124	 regenerative cooling, opposite flow
  190.9469	    33.4347	     4.6235	  8846.1863	     0.0000	  8846.1863	   592.2204	   592.2204	   547.9895	   335.1902	     3.9563	     4.8585	   756.4469	 regenerative cooling, opposite flow
  191.1766	    33.5181	     4.5942	  8792.9343	     0.0000	  8792.9343	   591.6751	   591.6751	   547.7104	   334.9323	     3.9566	     4.8454	   756.6806	 regenerative cooling, opposite flow
  191.4062	    33.6012	     4.5651	  8740.1723	     0.0000	  8740.1723	   591.1324	   591.1324	   547.4315	   334.6752	     3.9570	     4.8324	   756.9135	 regenerative cooling, opposite flow
  191.6358	    33.6842	     4.5364	  8687.8947	     0.0000	  8687.8947	   590.5924	   590.5924	   547.1529	   334.4188	     3.9573	     4.8195	   757.1455	 regenerative cooling, opposite flow
  191.8655	    33.7670	     4.5079	  8636.0951	     0.0000	  8636.0951	   590.0550	   590.0550	   546.8746	   334.1632	     3.9577	     4.8067	   757.3767	 regenerative cooling, opposite flow
  192.0951	    33.8496	     4.4797	  8584.7684	     0.0000	  8584.7684	   589.5203	   589.5203	   546.5964	   333.9082	     3.9581	     4.7940	   757.6070	 regenerative cooling, opposite flow
  192.3248	    33.9321	     4.4518	  8533.9089	     0.0000	  8533.9089	   588.9880	   588.9880	   546.3185	   333.6541	     3.9584	     4.7814	   757.8365	 regenerative cooling, opposite flow
  192.5544	    34.0144	     4.4241	  8483.5115	     0.0000	  8483.5115	   588.4583	   588.4583	   546.0407	   333.4006	     3.9588	     4.7689	   758.0652	 regenerative cooling, opposite flow
  192.7840	    34.0965	     4.3967	  8433.5706	     0.0000	  8433.5706	   587.9310	   587.9310	   545.7631	   333.1478	     3.9591	     4.7564	   758.2930	 regenerative cooling, opposite flow
  193.0137	    34.1784	     4.3695	  8384.0811	     0.0000	  8384.0811	   587.4061	   587.4061	   545.4857	   332.8958	     3.9594	     4.7441	   758.5201	 regenerative cooling, opposite flow
  193.2433	    34.2602	     4.3426	  8335.0377	     0.0000	  8335.0377	   586.8835	   586.8835	   545.2083	   332.6445	     3.9598	     4.7318	   758.7463	 regenerative cooling, opposite flow
  193.4730	    34.3418	     4.3160	  8286.4354	     0.0000	  8286.4354	   586.3633	   586.3633	   544.9312	   332.3939	     3.9601	     4.7196	   758.9718	 regenerative cooling, opposite flow
  193.7026	    34.4233	     4.2896	  8238.2692	     0.0000	  8238.2692	   585.8454	   585.8454	   544.6541	   332.1440	     3.9605	     4.7075	   759.1964	 regenerative cooling, opposite flow
  193.9323	    34.5045	     4.2634	  8190.5344	     0.0000	  8190.5344	   585.3297	   585.3297	   544.3770	   331.8948	     3.9608	     4.6955	   759.4202	 regenerative cooling, opposite flow
  194.1619	    34.5856	     4.2375	  8143.2255	     0.0000	  8143.2255	   584.8162	   584.8162	   544.1001	   331.6463	     3.9611	     4.6835	   759.6433	 regenerative cooling, opposite flow
  194.3915	    34.6665	     4.2119	  8096.3381	     0.0000	  8096.3381	   584.3048	   584.3048	   543.8231	   331.3985	     3.9615	     4.6717	   759.8656	 regenerative cooling, opposite flow
  194.6212	    34.7472	     4.1864	  8049.8674	     0.0000	  8049.8674	   583.7956	   583.7956	   543.5462	   331.1514	     3.9618	     4.6599	   760.0871	 regenerative cooling, opposite flow
  194.8508	    34.8278	     4.1612	  8003.8088	     0.0000	  8003.8088	   583.2884	   583.2884	   543.2693	   330.9050	     3.9621	     4.6482	   760.3078	 regenerative cooling, opposite flow
  195.0805	    34.9082	     4.1363	  7958.1578	     0.0000	  7958.1578	   582.7832	   582.7832	   542.9924	   330.6593	     3.9624	     4.6366	   760.5278	 regenerative cooling, opposite flow
  195.3101	    34.9884	     4.1115	  7912.9096	     0.0000	  7912.9096	   582.2800	   582.2800	   542.7154	   330.4142	     3.9628	     4.6250	   760.7470	 regenerative cooling, opposite flow
  195.5397	    35.0684	     4.0870	  7868.0598	     0.0000	  7868.0598	   581.7787	   581.7787	   542.4384	   330.1699	     3.9631	     4.6136	   760.9654	 regenerative cooling, opposite flow
  195.7694	    35.1483	     4.0627	  7823.6041	     0.0000	  7823.6041	   581.2793	   581.2793	   542.1613	   329.9262	     3.9634	     4.6022	   761.1831	 regenerative cooling, opposite flow
  195.9990	    35.2279	     4.0387	  7779.5383	     0.0000	  7779.5383	   580.7818	   580.7818	   541.8841	   329.6832	     3.9637	     4.5909	   761.4000	 regenerative cooling, opposite flow
  196.2287	    35.3074	     4.0148	  7735.8578	     0.0000	  7735.8578	   580.2860	   580.2860	   541.6067	   329.4409	     3.9640	     4.5797	   761.6162	 regenerative cooling, opposite flow
  196.4583	    35.3868	     3.9912	  7692.5585	     0.0000	  7692.5585	   579.7920	   579.7920	   541.3292	   329.1992	     3.9644	     4.5685	   761.8317	 regenerative cooling, opposite flow
  196.6879	    35.4659	     3.9678	  7649.6364	     0.0000	  7649.6364	   579.2997	   579.2997	   541.0516	   328.9582	     3.9647	     4.5574	   762.0464	 regenerative cooling, opposite flow
  196.9176	    35.5449	     3.9446	  7607.0872	     0.0000	  7607.0872	   578.8091	   578.8091	   540.7737	   328.7179	     3.9650	     4.5464	   762.2604	 regenerative cooling, opposite flow
  197.1472	    35.6237	     3.9216	  7564.9071	     0.0000	  7564.9071	   578.3201	   578.3201	   540.4956	   328.4782	     3.9653	     4.5355	   762.4737	 regenerative cooling, opposite flow
  197.3769	    35.7023	     3.8988	  7523.0920	     0.0000	  7523.0920	   577.8327	   577.8327	   540.2173	   328.2392	     3.9656	     4.5246	   762.6863	 regenerative cooling, opposite flow
  197.6065	    35.7807	     3.8762	  7481.6379	     0.0000	  7481.6379	   577.3468	   577.3468	   539.9386	   328.0009	     3.9659	     4.5139	   762.8981	 regenerative cooling, opposite flow
  197.8362	    35.8589	     3.8538	  7440.5412	     0.0000	  7440.5412	   576.8624	   576.8624	   539.6597	   327.7631	     3.9662	     4.5031	   763.1092	 regenerative cooling, opposite flow
  198.0658	    35.9370	     3.8317	  7399.8184	     0.0000	  7399.8184	   576.3802	   576.3802	   539.3811	   327.5261	     3.9665	     4.4925	   763.3197	 regenerative cooling, opposite flow
  198.2954	    36.0149	     3.8097	  7359.4249	     0.0000	  7359.4249	   575.8986	   575.8986	   539.1015	   327.2897	     3.9668	     4.4819	   763.5294	 regenerative cooling, opposite flow
  198.5251	    36.0926	     3.7879	  7319.3776	     0.0000	  7319.3776	   575.4184	   575.4184	   538.8216	   327.0539	     3.9671	     4.4714	   763.7384	 regenerative cooling, opposite flow
  198.7547	    36.1701	     3.7663	  7279.6727	     0.0000	  7279.6727	   574.9396	   574.9396	   538.5412	   326.8188	     3.9674	     4.4610	   763.9467	 regenerative cooling, opposite flow
  198.9844	    36.2475	     3.7449	  7240.3064	     0.0000	  7240.3064	   574.4619	   574.4619	   538.2604	   326.5843	     3.9677	     4.4506	   764.1544	 regenerative cooling, opposite flow
  199.2140	    36.3246	     3.7237	  7201.2754	     0.0000	  7201.2754	   573.9855	   573.9855	   537.9791	   326.3504	     3.9680	     4.4403	   764.3613	 regenerative cooling, opposite flow
  199.4436	    36.4016	     3.7026	  7162.5761	     0.0000	  7162.5761	   573.5103	   573.5103	   537.6974	   326.1172	     3.9682	     4.4301	   764.5676	 regenerative cooling, opposite flow
  199.6733	    36.4784	     3.6818	  7124.2050	     0.0000	  7124.2050	   573.0361	   573.0361	   537.4151	   325.8846	     3.9685	     4.4200	   764.7732	 regenerative cooling, opposite flow
  199.9029	    36.5550	     3.6611	  7086.1589	     0.0000	  7086.1589	   572.5630	   572.5630	   537.1323	   325.6526	     3.9688	     4.4099	   764.9782	 regenerative cooling, opposite flow
  200.1326	    36.6314	     3.6406	  7048.4343	     0.0000	  7048.4343	   572.0910	   572.0910	   536.8488	   325.4213	     3.9691	     4.3998	   765.1824	 regenerative cooling, opposite flow
  200.3622	    36.7077	     3.6203	  7011.0280	     0.0000	  7011.0280	   571.6199	   571.6199	   536.5648	   325.1905	     3.9694	     4.3899	   765.3860	 regenerative cooling, opposite flow
  200.5919	    36.7837	     3.6002	  6973.9369	     0.0000	  6973.9369	   571.1497	   571.1497	   536.2800	   324.9604	     3.9697	     4.3800	   765.5890	 regenerative cooling, opposite flow
  200.8215	    36.8596	     3.5802	  6937.1575	     0.0000	  6937.1575	   570.6804	   570.6804	   535.9946	   324.7309	     3.9699	     4.3702	   765.7912	 regenerative cooling, opposite flow
  201.0511	    36.9353	     3.5604	  6900.6868	     0.0000	  6900.6868	   570.2119	   570.2119	   535.7085	   324.5020	     3.9702	     4.3604	   765.9929	 regenerative cooling, opposite flow
  201.2808	    37.0108	     3.5409	  6864.6155	     0.0000	  6864.6155	   569.7476	   569.7476	   535.4245	   324.2737	     3.9705	     4.3507	   766.1939	 regenerative cooling, opposite flow
  201.5104	    37.0861	     3.5214	  6828.7526	     0.0000	  6828.7526	   569.2806	   569.2806	   535.1368	   324.0461	     3.9708	     4.3411	   766.3942	 regenerative cooling, opposite flow
  201.7401	    37.1612	     3.5021	  6793.1891	     0.0000	  6793.1891	   568.8142	   568.8142	   534.8483	   323.8190	     3.9710	     4.3315	   766.5939	 regenerative cooling, opposite flow
  201.9697	    37.2362	     3.4830	  6757.9222	     0.0000	  6757.9222	   568.3485	   568.3485	   534.5589	   323.5925	     3.9713	     4.3220	   766.7930	 regenerative cooling, opposite flow
  202.1993	    37.3109	     3.4641	  6722.9490	     0.0000	  6722.9490	   567.8833	   567.8833	   534.2686	   323.3666	     3.9716	     4.3125	   766.9914	 regenerative cooling, opposite flow
  202.4290	    37.3855	     3.4453	  6688.2664	     0.0000	  6688.2664	   567.4186	   567.4186	   533.9773	   323.1414	     3.9718	     4.3031	   767.1892	 regenerative cooling, opposite flow
  202.6586	    37.4599	     3.4266	  6653.8717	     0.0000	  6653.8717	   566.9544	   566.9544	   533.6850	   322.9167	     3.9721	     4.2938	   767.3864	 regenerative cooling, opposite flow
  202.8883	    37.5341	     3.4081	  6619.7622	     0.0000	  6619.7622	   566.4905	   566.4905	   533.3917	   322.6926	     3.9724	     4.2845	   767.5830	 regenerative cooling, opposite flow
  203.1179	    37.6081	     3.3898	  6585.9348	     0.0000	  6585.9348	   566.0269	   566.0269	   533.0972	   322.4691	     3.9726	     4.2753	   767.7789	 regenerative cooling, opposite flow
  203.3476	    37.6819	     3.3717	  6552.3872	     0.0000	  6552.3872	   565.5636	   565.5636	   532.8017	   322.2461	     3.9729	     4.2662	   767.9742	 regenerative cooling, opposite flow
  203.5772	    37.7555	     3.3536	  6519.1165	     0.0000	  6519.1165	   565.1005	   565.1005	   532.5050	   322.0238	     3.9732	     4.2571	   768.1690	 regenerative cooling, opposite flow
  203.8068	    37.8289	     3.3358	  6486.1200	     0.0000	  6486.1200	   564.6376	   564.6376	   532.2070	   321.8020	     3.9734	     4.2480	   768.3631	 regenerative cooling, opposite flow
  204.0365	    37.9021	     3.3181	  6453.3952	     0.0000	  6453.3952	   564.1747	   564.1747	   531.9077	   321.5808	     3.9737	     4.2391	   768.5566	 regenerative cooling, opposite flow
  204.2661	    37.9752	     3.3005	  6420.9396	     0.0000	  6420.9396	   563.7118	   563.7118	   531.6071	   321.3602	     3.9739	     4.2302	   768.7495	 regenerative cooling, opposite flow
  204.4958	    38.0481	     3.2831	  6388.7505	     0.0000	  6388.7505	   563.2489	   563.2489	   531.3052	   321.1402	     3.9742	     4.2213	   768.9418	 regenerative cooling, opposite flow
  204.7254	    38.1207	     3.2658	  6356.8257	     0.0000	  6356.8257	   562.7859	   562.7859	   531.0018	   320.9207	     3.9744	     4.2125	   769.1336	 regenerative cooling, opposite flow
  204.9550	    38.1932	     3.2487	  6325.1625	     0.0000	  6325.1625	   562.3227	   562.3227	   530.6969	   320.7018	     3.9747	     4.2038	   769.3247	 regenerative cooling, opposite flow
  205.1847	    38.2655	     3.2317	  6293.7586	     0.0000	  6293.7586	   561.8592	   561.8592	   530.3904	   320.4834	     3.9749	     4.1951	   769.5153	 regenerative cooling, opposite flow
  205.4143	    38.3376	     3.2148	  6262.6117	     0.0000	  6262.6117	   561.3954	   561.3954	   530.0823	   320.2657	     3.9752	     4.1864	   769.7052	 regenerative cooling, opposite flow
  205.6440	    38.4094	     3.1981	  6231.7193	     0.0000	  6231.7193	   560.9312	   560.9312	   529.7726	   320.0484	     3.9754	     4.1779	   769.8946	 regenerative cooling, opposite flow
  205.8736	    38.4811	     3.1816	  6201.0792	     0.0000	  6201.0792	   560.4665	   560.4665	   529.4611	   319.8318	     3.9757	     4.1693	   770.0835	 regenerative cooling, opposite flow
  206.1033	    38.5526	     3.1651	  6170.6892	     0.0000	  6170.6892	   560.0013	   560.0013	   529.1478	   319.6156	     3.9759	     4.1609	   770.2717	 regenerative cooling, opposite flow
  206.3329	    38.6240	     3.1488	  6140.5471	     0.0000	  6140.5471	   559.5354	   559.5354	   528.8327	   319.4001	     3.9762	     4.1524	   770.4594	 regenerative cooling, opposite flow
  206.5625	    38.6951	     3.1327	  6110.6506	     0.0000	  6110.6506	   559.0688	   559.0688	   528.5156	   319.1851	     3.9764	     4.1441	   770.6465	 regenerative cooling, opposite flow
  206.7922	    38.7660	     3.1167	  6080.9976	     0.0000	  6080.9976	   558.6015	   558.6015	   528.1965	   318.9706	     3.9767	     4.1358	   770.8331	 regenerative cooling, opposite flow
  207.0218	    38.8367	     3.1008	  6051.5860	     0.0000	  6051.5860	   558.1332	   558.1332	   527.8753	   318.7567	     3.9769	     4.1275	   771.0191	 regenerative cooling, opposite flow
  207.2515	    38.9072	     3.0850	  6022.4139	     0.0000	  6022.4139	   557.6641	   557.6641	   527.5520	   318.5433	     3.9771	     4.1193	   771.2046	 regenerative cooling, opposite flow
  207.4811	    38.9776	     3.0693	  5993.4789	     0.0000	  5993.4789	   557.1938	   557.1938	   527.2264	   318.3304	     3.9774	     4.1112	   771.3895	 regenerative cooling, opposite flow
  207.7107	    39.0477	     3.0538	  5964.7793	     0.0000	  5964.7793	   556.7224	   556.7224	   526.8985	   318.1181	     3.9776	     4.1031	   771.5738	 regenerative cooling, opposite flow
  207.9404	    39.1176	     3.0384	  5936.3131	     0.0000	  5936.3131	   556.2498	   556.2498	   526.5683	   317.9063	     3.9778	     4.0950	   771.7576	 regenerative cooling, opposite flow
  208.1700	    39.1874	     3.0232	  5908.0784	     0.0000	  5908.0784	   555.7759	   555.7759	   526.2355	   317.6951	     3.9781	     4.0870	   771.9409	 regenerative cooling, opposite flow
  208.3997	    39.2569	     3.0080	  5880.0731	     0.0000	  5880.0731	   555.3005	   555.3005	   525.9001	   317.4843	     3.9783	     4.0791	   772.1236	 regenerative cooling, opposite flow
  208.6293	    39.3262	     2.9930	  5852.2957	     0.0000	  5852.2957	   554.8236	   554.8236	   525.5621	   317.2741	     3.9785	     4.0712	   772.3059	 regenerative cooling, opposite flow
  208.8589	    39.3954	     2.9781	  5824.7440	     0.0000	  5824.7440	   554.3451	   554.3451	   525.2214	   317.0645	     3.9788	     4.0633	   772.4875	 regenerative cooling, opposite flow
  209.0886	    39.4643	     2.9633	  5797.4164	     0.0000	  5797.4164	   553.8648	   553.8648	   524.8777	   316.8553	     3.9790	     4.0555	   772.6687	 regenerative cooling, opposite flow
  209.3182	    39.5330	     2.9487	  5770.3112	     0.0000	  5770.3112	   553.3827	   553.3827	   524.5311	   316.6467	     3.9792	     4.0478	   772.8493	 regenerative cooling, opposite flow
  209.5479	    39.6016	     2.9342	  5743.4267	     0.0000	  5743.4267	   552.8986	   552.8986	   524.1814	   316.4385	     3.9795	     4.0401	   773.0294	 regenerative cooling, opposite flow
  209.7775	    39.6699	     2.9197	  5716.7611	     0.0000	  5716.7611	   552.4124	   552.4124	   523.8286	   316.2309	     3.9797	     4.0324	   773.2090	 regenerative cooling, opposite flow
  210.0072	    39.7380	     2.9054	  5690.3130	     0.0000	  5690.3130	   551.9240	   551.9240	   523.4724	   316.0238	     3.9799	     4.0248	   773.3881	 regenerative cooling, opposite flow
  210.2368	    39.8059	     2.8912	  5664.0806	     0.0000	  5664.0806	   551.4332	   551.4332	   523.1128	   315.8172	     3.9801	     4.0173	   773.5666	 regenerative cooling, opposite flow
  210.4664	    39.8737	     2.8772	  5638.0625	     0.0000	  5638.0625	   550.9400	   550.9400	   522.7497	   315.6111	     3.9804	     4.0098	   773.7447	 regenerative cooling, opposite flow
  210.6961	    39.9412	     2.8632	  5612.2570	     0.0000	  5612.2570	   550.4442	   550.4442	   522.3829	   315.4055	     3.9806	     4.0023	   773.9222	 regenerative cooling, opposite flow
  210.9257	    40.0085	     2.8493	  5586.6628	     0.0000	  5586.6628	   549.9456	   549.9456	   522.0123	   315.2004	     3.9808	     3.9949	   774.0993	 regenerative cooling, opposite flow
  211.1554	    40.0756	     2.8356	  5561.2783	     0.0000	  5561.2783	   549.4441	   549.4441	   521.6377	   314.9958	     3.9810	     3.9875	   774.2758	 regenerative cooling, opposite flow
  211.3850	    40.1425	     2.8220	  5536.1023	     0.0000	  5536.1023	   548.9396	   548.9396	   521.2591	   314.7917	     3.9812	     3.9802	   774.4519	 regenerative cooling, opposite flow
  211.6146	    40.2092	     2.8085	  5511.1334	     0.0000	  5511.1334	   548.4319	   548.4319	   520.8762	   314.5881	     3.9815	     3.9729	   774.6274	 regenerative cooling, opposite flow
  211.8443	    40.2757	     2.7950	  5486.3702	     0.0000	  5486.3702	   547.9208	   547.9208	   520.4889	   314.3850	     3.9817	     3.9657	   774.8025	 regenerative cooling, opposite flow
  212.0739	    40.3420	     2.7817	  5461.8114	     0.0000	  5461.8114	   547.4061	   547.4061	   520.0971	   314.1824	     3.9819	     3.9585	   774.9771	 regenerative cooling, opposite flow
  212.3036	    40.4081	     2.7685	  5437.4560	     0.0000	  5437.4560	   546.8878	   546.8878	   519.7005	   313.9802	     3.9821	     3.9514	   775.1512	 regenerative cooling, opposite flow
  212.5332	    40.4740	     2.7554	  5413.3025	     0.0000	  5413.3025	   546.3655	   546.3655	   519.2990	   313.7786	     3.9823	     3.9443	   775.3248	 regenerative cooling, opposite flow
  212.7629	    40.5396	     2.7424	  5389.3501	     0.0000	  5389.3501	   545.8392	   545.8392	   518.8925	   313.5774	     3.9825	     3.9372	   775.4980	 regenerative cooling, opposite flow
  212.9925	    40.6051	     2.7296	  5365.5974	     0.0000	  5365.5974	   545.3086	   545.3086	   518.4806	   313.3766	     3.9827	     3.9302	   775.6707	 regenerative cooling, opposite flow
  213.2221	    40.6703	     2.7168	  5342.0437	     0.0000	  5342.0437	   544.7735	   544.7735	   518.0632	   313.1764	     3.9830	     3.9233	   775.8429	 regenerative cooling, opposite flow
  213.4518	    40.7354	     2.7041	  5318.6877	     0.0000	  5318.6877	   544.2336	   544.2336	   517.6402	   312.9766	     3.9832	     3.9164	   776.0146	 regenerative cooling, opposite flow
  213.6814	    40.8002	     2.6915	  5295.5286	     0.0000	  5295.5286	   543.6888	   543.6888	   517.2112	   312.7773	     3.9834	     3.9095	   776.1859	 regenerative cooling, opposite flow
  213.9111	    40.8648	     2.6790	  5272.5656	     0.0000	  5272.5656	   543.1389	   543.1389	   516.7760	   312.5785	     3.9836	     3.9027	   776.3567	 regenerative cooling, opposite flow
  214.1407	    40.9292	     2.6666	  5249.7977	     0.0000	  5249.7977	   542.5835	   542.5835	   516.3345	   312.3801	     3.9838	     3.8959	   776.5271	 regenerative cooling, opposite flow
  214.3703	    40.9934	     2.6544	  5227.2243	     0.0000	  5227.2243	   542.0224	   542.0224	   515.8863	   312.1822	     3.9840	     3.8891	   776.6970	 regenerative cooling, opposite flow
  214.6000	    41.0574	     2.6422	  5204.8444	     0.0000	  5204.8444	   541.4554	   541.4554	   515.4312	   311.9847	     3.9842	     3.8824	   776.8665	 regenerative cooling, opposite flow
  214.8296	    41.1212	     2.6301	  5182.6577	     0.0000	  5182.6577	   540.8821	   540.8821	   514.9689	   311.7877	     3.9844	     3.8758	   777.0355	 regenerative cooling, opposite flow
  215.0593	    41.1848	     2.6181	  5160.6634	     0.0000	  5160.6634	   540.3024	   540.3024	   514.4990	   311.5911	     3.9846	     3.8692	   777.2040	 regenerative cooling, opposite flow
  215.2889	    41.2481	     2.6062	  5138.9333	     0.0000	  5138.9333	   539.7189	   539.7189	   514.0243	   311.3950	     3.9848	     3.8626	   777.3722	 regenerative cooling, opposite flow
  215.5186	    41.3112	     2.5944	  5117.3224	     0.0000	  5117.3224	   539.1251	   539.1251	   513.5385	   311.1993	     3.9850	     3.8560	   777.5399	 regenerative cooling, opposite flow
  215.7482	    41.3742	     2.5827	  5095.9026	     0.0000	  5095.9026	   538.5238	   538.5238	   513.0443	   311.0041	     3.9852	     3.8496	   777.7071	 regenerative cooling, opposite flow
  215.9778	    41.4369	     2.5711	  5074.6737	     0.0000	  5074.6737	   537.9146	   537.9146	   512.5412	   310.8093	     3.9854	     3.8431	   777.8740	 regenerative cooling, opposite flow
  216.2075	    41.4994	     2.5596	  5053.6353	     0.0000	  5053.6353	   537.2971	   537.2971	   512.0289	   310.6149	     3.9856	     3.8367	   778.0404	 regenerative cooling, opposite flow
  216.4371	    41.5616	     2.5482	  5032.7875	     0.0000	  5032.7875	   536.6710	   536.6710	   511.5070	   310.4210	     3.9858	     3.8303	   778.2063	 regenerative cooling, opposite flow
  216.6668	    41.6237	     2.5369	  5012.1301	     0.0000	  5012.1301	   536.0357	   536.0357	   510.9751	   310.2275	     3.9860	     3.8240	   778.3719	 regenerative cooling, opposite flow
  216.8964	    41.6855	     2.5256	  4991.6632	     0.0000	  4991.6632	   535.3910	   535.3910	   510.4326	   310.0344	     3.9862	     3.8177	   778.5371	 regenerative cooling, opposite flow
  217.1260	    41.7472	     2.5145	  4971.3870	     0.0000	  4971.3870	   534.7362	   534.7362	   509.8792	   309.8417	     3.9864	     3.8114	   778.7018	 regenerative cooling, opposite flow
  217.3557	    41.8086	     2.5034	  4951.3018	     0.0000	  4951.3018	   534.0709	   534.0709	   509.3143	   309.6495	     3.9866	     3.8052	   778.8661	 regenerative cooling, opposite flow
  217.5853	    41.8698	     2.4924	  4931.4078	     0.0000	  4931.4078	   533.3945	   533.3945	   508.7375	   309.4577	     3.9868	     3.7991	   779.0300	 regenerative cooling, opposite flow
  217.8150	    41.9307	     2.4816	  4911.7058	     0.0000	  4911.7058	   532.7065	   532.7065	   508.1480	   309.2663	     3.9870	     3.7929	   779.1935	 regenerative cooling, opposite flow
  218.0446	    41.9915	     2.4708	  4892.1963	     0.0000	  4892.1963	   532.0063	   532.0063	   507.5454	   309.0752	     3.9872	     3.7868	   779.3567	 regenerative cooling, opposite flow
  218.2743	    42.0520	     2.4601	  4872.8800	     0.0000	  4872.8800	   531.2933	   531.2933	   506.9289	   308.8846	     3.9874	     3.7808	   779.5194	 regenerative cooling, opposite flow
  218.5039	    42.1123	     2.4495	  4853.7580	     0.0000	  4853.7580	   530.5668	   530.5668	   506.2980	   308.6944	     3.9876	     3.7747	   779.6817	 regenerative cooling, opposite flow
  218.7335	    42.1724	     2.4390	  4834.8314	     0.0000	  4834.8314	   529.8259	   529.8259	   505.6518	   308.5046	     3.9877	     3.7688	   779.8436	 regenerative cooling, opposite flow
  218.9632	    42.2323	     2.4285	  4816.1014	     0.0000	  4816.1014	   529.0701	   529.0701	   504.9896	   308.3152	     3.9879	     3.7628	   780.0052	 regenerative cooling, opposite flow
  219.1928	    42.2919	     2.4182	  4797.5696	     0.0000	  4797.5696	   528.2985	   528.2985	   504.3106	   308.1262	     3.9881	     3.7569	   780.1664	 regenerative cooling, opposite flow
  219.4225	    42.3513	     2.4080	  4779.2376	     0.0000	  4779.2376	   527.5101	   527.5101	   503.6139	   307.9376	     3.9883	     3.7510	   780.3272	 regenerative cooling, opposite flow
  219.6521	    42.4105	     2.3978	  4761.1074	     0.0000	  4761.1074	   526.7041	   526.7041	   502.8986	   307.7493	     3.9885	     3.7452	   780.4876	 regenerative cooling, opposite flow
  219.8817	    42.4695	     2.3877	  4743.1812	     0.0000	  4743.1812	   525.8794	   525.8794	   502.1635	   307.5614	     3.9887	     3.7394	   780.6477	 regenerative cooling, opposite flow
  220.1114	    42.5283	     2.3778	  4725.4613	     0.0000	  4725.4613	   525.0350	   525.0350	   501.4077	   307.3739	     3.9889	     3.7336	   780.8074	 regenerative cooling, opposite flow
  220.3410	    42.5868	     2.3679	  4707.9506	     0.0000	  4707.9506	   524.1696	   524.1696	   500.6299	   307.1867	     3.9891	     3.7279	   780.9668	 regenerative cooling, opposite flow
  220.5707	    42.6451	     2.3581	  4690.6521	     0.0000	  4690.6521	   523.2821	   523.2821	   499.8288	   306.9999	     3.9892	     3.7222	   781.1258	 regenerative cooling, opposite flow
  220.8003	    42.7032	     2.3483	  4673.5693	     0.0000	  4673.5693	   522.3710	   522.3710	   499.0032	   306.8135	     3.9894	     3.7166	   781.2844	 regenerative cooling, opposite flow
  221.0299	    42.7610	     2.3387	  4656.7060	     0.0000	  4656.7060	   521.4350	   521.4350	   498.1515	   306.6274	     3.9896	     3.7110	   781.4427	 regenerative cooling, opposite flow
  221.2596	    42.8186	     2.3292	  4640.0664	     0.0000	  4640.0664	   520.4723	   520.4723	   497.2720	   306.4417	     3.9898	     3.7054	   781.6007	 regenerative cooling, opposite flow
  221.4892	    42.8760	     2.3198	  4623.6554	     0.0000	  4623.6554	   519.4814	   519.4814	   496.3631	   306.2563	     3.9900	     3.6998	   781.7584	 regenerative cooling, opposite flow
  221.7189	    42.9332	     2.3104	  4607.4782	     0.0000	  4607.4782	   518.4602	   518.4602	   495.4228	   306.0712	     3.9902	     3.6943	   781.9157	 regenerative cooling, opposite flow
  221.9485	    42.9902	     2.3012	  4591.6057	     0.0000	  4591.6057	   517.4098	   517.4098	   494.4518	   305.8865	     3.9903	     3.6889	   782.0727	 regenerative cooling, opposite flow
  222.1782	    43.0469	     2.2920	  4575.9149	     0.0000	  4575.9149	   516.3219	   516.3219	   493.4423	   305.7020	     3.9905	     3.6834	   782.2294	 regenerative cooling, opposite flow
  222.4078	    43.1033	     2.2830	  4560.4778	     0.0000	  4560.4778	   515.1971	   515.1971	   492.3947	   305.5179	     3.9907	     3.6780	   782.3858	 regenerative cooling, opposite flow
  222.6374	    43.1596	     2.2740	  4545.3027	     0.0000	  4545.3027	   514.0326	   514.0326	   491.3061	   305.3341	     3.9909	     3.6727	   782.5419	 regenerative cooling, opposite flow
  222.8671	    43.2156	     2.2651	  4530.3988	     0.0000	  4530.3988	   512.8255	   512.8255	   490.1735	   305.1506	     3.9910	     3.6673	   782.6977	 regenerative cooling, opposite flow
  223.0967	    43.2714	     2.2564	  4515.7764	     0.0000	  4515.7764	   511.5725	   511.5725	   488.9936	   304.9674	     3.9912	     3.6620	   782.8532	 regenerative cooling, opposite flow
  223.3264	    43.3269	     2.2477	  4501.4471	     0.0000	  4501.4471	   510.2700	   510.2700	   487.7628	   304.7844	     3.9914	     3.6567	   783.0084	 regenerative cooling, opposite flow
  223.5560	    43.3823	     2.2391	  4487.4240	     0.0000	  4487.4240	   508.9139	   508.9139	   486.4768	   304.6018	     3.9916	     3.6515	   783.1634	 regenerative cooling, opposite flow
  223.7856	    43.4374	     2.2307	  4473.7217	     0.0000	  4473.7217	   507.4998	   507.4998	   485.1311	   304.4193	     3.9917	     3.6463	   783.3181	 regenerative cooling, opposite flow
  224.0153	    43.4922	     2.2219	  4458.2155	     0.0000	  4458.2155	   506.5819	   506.5819	   484.2908	   304.2373	     3.9919	     3.6411	   783.4724	 regenerative cooling, opposite flow
  224.2449	    43.5468	     2.2125	  4439.9185	     0.0000	  4439.9185	   506.4238	   506.4238	   484.2242	   304.0556	     3.9921	     3.6360	   783.6264	 regenerative cooling, opposite flow
  224.4746	    43.6012	     2.2033	  4421.7421	     0.0000	  4421.7421	   506.2669	   506.2669	   484.1582	   303.8744	     3.9923	     3.6309	   783.7799	 regenerative cooling, opposite flow
  224.7042	    43.6554	     2.1941	  4403.6855	     0.0000	  4403.6855	   506.1112	   506.1112	   484.0928	   303.6937	     3.9924	     3.6258	   783.9331	 regenerative cooling, opposite flow
  224.9339	    43.7093	     2.1849	  4385.7475	     0.0000	  4385.7475	   505.9568	   505.9568	   484.0281	   303.5134	     3.9926	     3.6208	   784.0858	 regenerative cooling, opposite flow
  225.1635	    43.7630	     2.1758	  4367.9272	     0.0000	  4367.9272	   505.8036	   505.8036	   483.9639	   303.3336	     3.9928	     3.6158	   784.2381	 regenerative cooling, opposite flow
  225.3931	    43.8164	     2.1668	  4350.2236	     0.0000	  4350.2236	   505.6516	   505.6516	   483.9004	   303.1542	     3.9930	     3.6108	   784.3899	 regenerative cooling, opposite flow
  225.6228	    43.8696	     2.1578	  4332.6358	     0.0000	  4332.6358	   505.5008	   505.5008	   483.8376	   302.9753	     3.9931	     3.6059	   784.5414	 regenerative cooling, opposite flow
  225.8524	    43.9226	     2.1489	  4315.1627	     0.0000	  4315.1627	   505.3511	   505.3511	   483.7753	   302.7968	     3.9933	     3.6010	   784.6925	 regenerative cooling, opposite flow
  226.0821	    43.9753	     2.1401	  4297.8035	     0.0000	  4297.8035	   505.2027	   505.2027	   483.7137	   302.6187	     3.9935	     3.5961	   784.8431	 regenerative cooling, opposite flow
  226.3117	    44.0278	     2.1313	  4280.5572	     0.0000	  4280.5572	   505.0554	   505.0554	   483.6527	   302.4411	     3.9936	     3.5913	   784.9933	 regenerative cooling, opposite flow
  226.5413	    44.0800	     2.1226	  4263.4228	     0.0000	  4263.4228	   504.9094	   504.9094	   483.5922	   302.2639	     3.9938	     3.5865	   785.1432	 regenerative cooling, opposite flow
  226.7710	    44.1320	     2.1139	  4246.3994	     0.0000	  4246.3994	   504.7644	   504.7644	   483.5324	   302.0872	     3.9940	     3.5817	   785.2926	 regenerative cooling, opposite flow
  227.0006	    44.1838	     2.1053	  4229.4862	     0.0000	  4229.4862	   504.6207	   504.6207	   483.4732	   301.9109	     3.9941	     3.5770	   785.4416	 regenerative cooling, opposite flow
  227.2303	    44.2353	     2.0967	  4212.6822	     0.0000	  4212.6822	   504.4780	   504.4780	   483.4146	   301.7350	     3.9943	     3.5723	   785.5903	 regenerative cooling, opposite flow
  227.4599	    44.2866	     2.0883	  4195.9865	     0.0000	  4195.9865	   504.3365	   504.3365	   483.3566	   301.5596	     3.9945	     3.5676	   785.7385	 regenerative cooling, opposite flow
  227.6896	    44.3376	     2.0798	  4179.3983	     0.0000	  4179.3983	   504.1961	   504.1961	   483.2992	   301.3846	     3.9946	     3.5629	   785.8863	 regenerative cooling, opposite flow
  227.9192	    44.3884	     2.0714	  4162.9166	     0.0000	  4162.9166	   504.0569	   504.0569	   483.2423	   301.2100	     3.9948	     3.5583	   786.0338	 regenerative cooling, opposite flow
  228.1488	    44.4389	     2.0631	  4146.5406	     0.0000	  4146.5406	   503.9188	   503.9188	   483.1860	   301.0359	     3.9950	     3.5537	   786.1808	 regenerative cooling, opposite flow
  228.3785	    44.4892	     2.0548	  4130.2694	     0.0000	  4130.2694	   503.7817	   503.7817	   483.1304	   300.8622	     3.9951	     3.5492	   786.3275	 regenerative cooling, opposite flow
  228.6081	    44.5393	     2.0466	  4114.1022	     0.0000	  4114.1022	   503.6458	   503.6458	   483.0753	   300.6889	     3.9953	     3.5447	   786.4737	 regenerative cooling, opposite flow
  228.8378	    44.5891	     2.0384	  4098.0381	     0.0000	  4098.0381	   503.5109	   503.5109	   483.0207	   300.5160	     3.9954	     3.5402	   786.6196	 regenerative cooling, opposite flow
  229.0674	    44.6387	     2.0303	  4082.0764	     0.0000	  4082.0764	   503.3771	   503.3771	   482.9667	   300.3436	     3.9956	     3.5357	   786.7651	 regenerative cooling, opposite flow
  229.2970	    44.6880	     2.0223	  4066.2161	     0.0000	  4066.2161	   503.2444	   503.2444	   482.9133	   300.1716	     3.9958	     3.5313	   786.9102	 regenerative cooling, opposite flow
  229.5267	    44.7370	     2.0143	  4050.4565	     0.0000	  4050.4565	   503.1127	   503.1127	   482.8605	   300.0000	     3.9959	     3.5269	   787.0549	 regenerative cooling, opposite flow
